s1_id	part	country	s1_name	s1_address	cand_id	cand_source	cand_name	cand_address	s1_name_norm	cand_name_norm	s1_addr_norm	cand_addr_norm	s1_postal	cand_postal	s1_streetnum	cand_streetnum	z	prob	z2	n_cand	name_exact	name_nosuffix_exact	name_token_jaccard	name_token_overlap_count	name_token_containment	name_fuzz_ratio	name_fuzz_token_sort_ratio	name_fuzz_token_set_ratio	name_translit_fuzz_ratio	name_len_diff	address_exact	address_missing_s1	address_missing_cand	address_token_jaccard	address_token_overlap_count	address_token_containment	address_numeric_token_overlap	street_number_equal	postal_equal	address_fuzz_ratio	country_equal	name_addr_product	n_channels_hit	channels	exact_name_and_address	cand_name_freq	s1_name_freq_pool	cand_addr_freq	s1_addr_freq_pool	cand_postal_freq	cand_streetnum_freq	name_shared_idf_sum	name_shared_idf_max	name_shared_min_df	name_idf_jaccard	name_diff_idf_max	name_diff_idf_sum	name_mean_idf_s1	addr_shared_idf_sum	addr_shared_idf_max	addr_shared_min_df	addr_idf_jaccard	addr_diff_idf_max	addr_diff_idf_sum	addr_mean_idf_s1	log_cand_name_freq	log_s1_name_freq_pool	log_cand_addr_freq	log_s1_addr_freq_pool	log_cand_postal_freq	log_cand_streetnum_freq	s1_name_freq_s1pop	s1_name_addr_freq_s1pop	gt_claimed_by_other_s1	gt_other_s1_same_name	gt_other_s1_same_name_addr	gt_other_s1_ids	gt_other_s1_name	gt_other_s1_address	top_lr_contributions	num_pattern	name_pattern	extra	missing	category	category_reason	flag_common_name	flag_common_address	flag_nonlatin_cand_name	flag_name_adds_decoy_token	flag_gt_claimed_by_other_s1
S1-902495625	fit	India	Continental Advisors	D. No: 6-3-668/10/4, Durga Nagar Colony, Punjagutta, Hyderabad, Telangana	S2-117523477	S2	continental advisors enterprises	D. NO: 6-3-668/10/8, DURGA NAGAR COLONY, PUNJAGUTTA, Telangana	continental advisors	continental advisors enterprises	d no 6 3 668 10 4 durga nagar colony punjagutta hyderabad telangana	d no 6 3 668 10 8 durga nagar colony punjagutta telangana			6	6	17.976	0.9999999844036755	9.664	2420	0.0	0.0	0.667	2.0	1.0	0.769	0.769	1.0	0.769	12.0	0.0	0.0	0.0	0.786	11.0	0.917	4.0	1.0	0.0	0.903	1.0	0.695	2.0	b3,b5	0	1	0	1.0	0		66900.0	16.97875056471738	10.028022121628375	495.0	0.7747007086580703	4.937778457345633	4.937778457345633	8.48937528235869	57.29052400392056	9.336893105224666	989.0	0.8176734424166558	4.43565940275688	12.774762493090849	5.0484328534041945	0.6931471805599453	0.0	0.6931471805599453	0.0		11.110969193687714	1	1	0	0	0				address_token_containment=+8.01; name_token_jaccard=+7.56; name_translit_fuzz_ratio=+5.48; address_numeric_token_overlap=+4.36	numbers_differ	cand_adds_token	enterprises		near_duplicate_number_changed	house/unit number differs; name cand_adds_token	False	False	False	True	False
S1-837152284	fit	US	Anissa Juarez Desert Plains LLC	1026 1/2 East Street, Madison, IN	S2-863921963	S2	Anissa Juarez Desert Plains Highland	1026 1/3-B EAST STREET, MADISON, IN	anissa juarez desert plains llc	anissa juarez desert plains highland	1026 1 2 east street madison in	1026 1 3 b east street madison in			1026	1026	16.803	0.9999999496008855	11.88	1422	0.0	0.0	0.667	4.0	0.8	0.866	0.806	0.931	0.866	5.0	0.0	0.0	0.0	0.667	6.0	0.857	2.0	1.0	0.0	0.938	1.0	0.812	2.0	b3,b5	0	1	0	1.0	0		1210.0	37.196162502613845	11.993549609882335	103.0	0.8124539841640803	5.858859226945529	8.58632269362078	7.984725193857818	35.35174043947695	9.451796204501383	1320.0	0.6743023397435918	6.602460247029083	17.075395513988223	5.719280696428081	0.6931471805599453	0.0	0.6931471805599453	0.0		7.099201743553092	1	1	0	0	0				name_token_jaccard=+7.56; address_token_containment=+7.32; name_translit_fuzz_ratio=+6.86; address_token_jaccard=+3.47	numbers_differ	cand_adds_token	highland		near_duplicate_number_changed	house/unit number differs; name cand_adds_token	False	False	False	True	False
S1-344828415	fit	India	Consolidated Advisory Private Limited	Pno:10, 11&12, Fno:201, Svr Estates Nagaram, Rangareddy, Hyderabad, Telangana	S2-15406609	S2	Consolidated Advisory Holdings Private Limited	PNO:21, 11&12, FNO:201, SVR ESTATES NAGARAM, RANGAREDDY, Telangana	consolidated advisory private limited	consolidated advisory holdings private limited	pno 10 11 and 12 fno 201 svr estates nagaram rangareddy hyderabad telangana	pno 21 11 and 12 fno 201 svr estates nagaram rangareddy telangana			10	21	16.451	0.999999928346708	14.68	930	0.0	0.0	0.8	4.0	1.0	0.892	0.892	1.0	0.892	9.0	0.0	0.0	0.0	0.786	11.0	0.917	3.0	0.0	0.0	0.914	1.0	0.815	2.0	b3,b5	0	1	0	2.0	0		23329.0	23.11407686043847	10.48839485781315	312.0	0.8114136475926645	5.372105161535482	5.372105161535482	5.778519215109618	77.9441793720845	11.116604235936547	166.0	0.8424662091595835	5.56979078015418	14.574877801542726	6.688405107190234	0.6931471805599453	0.0	1.0986122886681098	0.0		10.057495365015475	2	1	0	0	0				name_token_jaccard=+9.23; address_token_containment=+8.01; name_translit_fuzz_ratio=+7.23; address_token_jaccard=+4.22	numbers_differ	cand_adds_token	holdings		near_duplicate_number_changed	house/unit number differs; name cand_adds_token	False	False	False	True	False
S1-122756874	tune	India	Bhavya Zeal Private Limited	2/1Chattaarpur Mor Mehrauli, New Delhi, South Delhi, Delhi	S2-643032376	S2	Private Bhavya Zeal Enterprises Limited	NO 2/5CHATTAARPUR MOR MEHRAULI, NEW DELHI, SOUTH DELHI, Delhi	bhavya zeal private limited	private bhavya zeal enterprises limited	2 1chattaarpur mor mehrauli new delhi south delhi delhi	no 2 5chattaarpur mor mehrauli new delhi south delhi delhi			2	2	15.931	0.9999998794465611	11.503	1197	0.0	0.0	0.8	4.0	1.0	0.727	0.818	1.0	0.727	12.0	0.0	0.0	0.0	0.667	6.0	0.857	1.0	1.0	0.0	0.956	1.0	0.695	2.0	b3,b5	0	1	0	1.0	0		103456.0	25.27074170593052	10.46627705255953	319.0	0.836543517171411	4.937778457345633	4.937778457345633	6.31768542648263	32.51579428118444	10.008061379065836	505.0	0.4948929571070149	16.234598048353302	33.18688710523358	6.964341761362535	0.6931471805599453	0.0	0.6931471805599453	0.0		11.546911346423387	1	1	0	0	0				name_token_jaccard=+9.23; address_token_containment=+7.32; name_translit_fuzz_ratio=+4.88; address_token_jaccard=+3.47	numbers_differ	cand_adds_token	enterprises		near_duplicate_number_changed	house/unit number differs; name cand_adds_token	False	False	False	True	False
S1-555847910	fit	India	Kishangarh Infravision	26/244 Shivaji Nagar, Madanganj, Kishangarh, Ajmer, Rajasthan	S2-830380382	S2	Kishangarh Infravision Infravision Holdings	26/248 SHIVAJI NAGAR, MADANGANJ, KISHANGARH, Rajasthan	kishangarh infravision	kishangarh infravision infravision holdings	26 244 shivaji nagar madanganj kishangarh ajmer rajasthan	26 248 shivaji nagar madanganj kishangarh rajasthan			26	26	15.907	0.9999998765394197	14.748	1709	0.0	0.0	0.667	2.0	1.0	0.677	0.677	1.0	0.677	21.0	0.0	0.0	0.0	0.667	6.0	0.857	1.0	1.0	0.0	0.926	1.0	0.627	2.0	b3,b5	0	1	0	1.0	0		18211.0	22.699239936794996	11.62942786236521	99.0	0.8086267279776705	5.372105161535482	5.372105161535482	11.349619968397498	40.0776934412505	10.008061379065836	505.0	0.6260367169995495	8.424245364629012	23.940426188111964	6.9706995570112955	0.6931471805599453	0.0	0.6931471805599453	0.0		9.809835996454673	1	1	0	0	0				name_token_jaccard=+7.56; address_token_containment=+7.32; name_translit_fuzz_ratio=+4.15; address_token_jaccard=+3.47	numbers_differ	cand_adds_token	holdings		near_duplicate_number_changed	house/unit number differs; name cand_adds_token	False	False	False	True	False
S1-362620034	fit	US	Rector, Harris and Briggs	1182 Trapper Loop, Garden City, UT	S2-815160260	S2	Rector, Harris and Briggs Ltd	1191 TRAPPER LOOP, GARDEN CITY, UT	rector harris and briggs	rector harris and briggs ltd	1182 trapper loop garden city ut	1191 trapper loop garden city ut			1182	1191	15.663	0.9999998423171648	12.057	645	0.0	1.0	0.8	4.0	1.0	0.923	0.923	1.0	0.923	4.0	0.0	0.0	0.0	0.714	5.0	0.833	0.0	0.0	0.0	0.938	1.0	0.865	3.0	b2,b3,b5	0	1	0	1.0	0		350.0	32.75992635917919	11.428454356182288	182.0	0.8780634031372258	4.549368439045528	4.549368439045528	8.189981589794797	35.4708110973599	12.042820658889118	98.0	0.6239407365704044	10.729857570854776	21.37883666298862	7.700111444702446	0.6931471805599453	0.0	0.6931471805599453	0.0		5.860786223465865	1	1	0	0	0				name_token_jaccard=+9.23; name_translit_fuzz_ratio=+7.68; address_token_containment=+7.04; n_channels_hit=+3.82	numbers_differ	core_equal			near_duplicate_number_changed	house/unit number differs; name core_equal	False	False	False	False	False
S1-553618235	fit	India	Sas Brothers Private Limited	City Cable Line, Beside Sbi Atm, Telangana, Karim Nagar, 2-9-44/3, Jammikunta	S2-962548691	S2	Sas Brothers Holdings Private Limited	2-9-44/24, CITY CABLE LINE, BESIDE SBI ATM, JAMMIKUNTA, Telangana	sas brothers private limited	sas brothers holdings private limited	city cable line beside sbi atm telangana karim nagar 2 9 44 3 jammikunta	2 9 44 24 city cable line beside sbi atm jammikunta telangana			2	2	15.615	0.9999998345750924	11.789	2702	0.0	0.0	0.8	4.0	1.0	0.862	0.862	1.0	0.862	9.0	0.0	0.0	0.0	0.733	11.0	0.917	3.0	1.0	0.0	0.617	1.0	0.531	2.0	b3,b5	0	1	0	2.0	0		103456.0	19.626550270765424	10.05251314163667	483.0	0.7851042358624555	5.372105161535482	5.372105161535482	4.906637567691355	78.7750932611836	12.227264863120832	54.0	0.7869798256364777	9.15373015166252	21.322889806518894	6.774858321908561	0.6931471805599453	0.0	1.0986122886681098	0.0		11.546911346423387	1	1	0	0	0				name_token_jaccard=+9.23; address_token_containment=+8.01; name_translit_fuzz_ratio=+6.80; address_token_jaccard=+3.89	numbers_differ	cand_adds_token	holdings		near_duplicate_number_changed	house/unit number differs; name cand_adds_token	False	False	False	True	False
S1-30637205	fit	India	Sysco Chit Private Limited	12/74, 12Th Main 2Nd Cross, Raghavendra Block, Srinagar, Bangalore, Bangalore South, Bangalore, Karnataka	S2-448947683	S2	SYSCO CHIT HOLDINGS PRIVATE LIMITED	##12/85, 12TH MAIN 2ND CROSS, RAGHAVENDRA BLOCK, SRINAGAR, BANGALORE, BANGALORE SOUTH, Karnataka	sysco chit private limited	sysco chit holdings private limited	12 74 12th main 2nd cross raghavendra block srinagar bangalore bangalore south bangalore karnataka	12 85 12th main 2nd cross raghavendra block srinagar bangalore bangalore south karnataka			12	12	15.529	0.9999998197627386	10.559	3329	0.0	0.0	0.8	4.0	1.0	0.852	0.852	1.0	0.852	9.0	0.0	0.0	0.0	0.846	11.0	0.917	1.0	1.0	0.0	0.925	1.0	0.788	2.0	b3,b5	0	1	0	1.0	0		39596.0	25.593492204682732	13.143555594994986	21.0	0.8265137566053817	5.372105161535482	5.372105161535482	6.398373051170683	60.737617424472816	9.003311044025686	1381.0	0.8153887414105213	6.9640095960317625	13.751536447586156	5.627095356335601	0.6931471805599453	0.0	0.6931471805599453	0.0		10.586508636797065	1	1	0	0	0				name_token_jaccard=+9.23; address_token_containment=+8.01; name_translit_fuzz_ratio=+6.67; address_token_jaccard=+4.61	numbers_differ	cand_adds_token	holdings		near_duplicate_number_changed	house/unit number differs; name cand_adds_token	False	False	False	True	False
S1-312089495	tune	US	Mohr Grand Cap	9561 6B Road, Plymouth, IN	S2-727523405	S2	LLC Mohr Grand Cap	9568 6B ROAD, PLYMOUTH, IN	mohr grand cap	llc mohr grand cap	9561 6b road plymouth in	9568 6b road plymouth in			9561	9568	15.459	0.9999998066855879	5.078	426	0.0	1.0	0.75	3.0	1.0	0.875	0.875	1.0	0.875	4.0	0.0	0.0	0.0	0.667	4.0	0.8	0.0	0.0	0.0	0.958	1.0	0.839	3.0	b2,b3,b5	0	1	1	1.0	0		46.0	27.28294852747415	11.450554703182952	178.0	0.909116093867456	2.7274634666752497	2.7274634666752497	9.094316175824718	27.58005604221476	11.390916436863222	189.0	0.5233207430441321	12.594889241189158	25.121955886039554	8.021424537413031	0.6931471805599453	0.6931471805599453	0.6931471805599453	0.0		3.8501476017100584	1	1	0	0	0				name_token_jaccard=+8.61; name_translit_fuzz_ratio=+6.99; address_token_containment=+6.65; n_channels_hit=+3.82	numbers_differ	core_equal			near_duplicate_number_changed	house/unit number differs; name core_equal	False	False	False	False	False
S1-774003459	fit	US	Adriano's Auto Glass	118 Main Street, Eaton, OH	S2-887635663	S2	Adriano's Auto  Glass Ltd	127 MAIN STREET, EATON, OH	adriano s auto glass	adriano s auto glass ltd	118 main street eaton oh	127 main street eaton oh			118	127	15.35	0.9999997844422231	0.003	1535	0.0	1.0	0.8	4.0	1.0	0.909	0.909	1.0	0.909	4.0	0.0	0.0	0.0	0.667	4.0	0.8	0.0	0.0	0.0	0.917	1.0	0.833	3.0	b2,b3,b5	0	1	0	1.0	0		4998.0	32.86750975354083	13.747568751127544	17.0	0.8784140030167743	4.549368439045528	4.549368439045528	8.216877438385207	22.758175901424774	9.311474895183386	1519.0	0.592494321660936	7.91536048788252	15.652615678192234	6.099086218346899	0.6931471805599453	0.0	0.6931471805599453	0.0		8.51699317141357	1	1	0	0	0				name_token_jaccard=+9.23; name_translit_fuzz_ratio=+7.48; address_token_containment=+6.65; n_channels_hit=+3.82	numbers_differ	core_equal			near_duplicate_number_changed	house/unit number differs; name core_equal	False	False	False	False	False
S1-390020807	fit	India	Marutham Force Limited	Sno.41/45, Plot No.74, Shop, 6, Shriprasad Apartment, Pune City, Pune, Maharashtra	S2-279479861	S2	Marutham Force Exports Limited	H.NO 688 SNO.41/66, PLOT NO.74, SHOP, 6, SHRIPRASAD APARTMENT, PUNE CITY, Maharashtra	marutham force limited	marutham force exports limited	sno 41 45 plot no 74 shop 6 shriprasad apartment pune city pune maharashtra	h no 688 sno 41 66 plot no 74 shop 6 shriprasad apartment pune city maharashtra			41	688	15.298	0.9999997729398267	1.213	51	0.0	0.0	0.75	3.0	1.0	0.846	0.846	1.0	0.846	8.0	0.0	0.0	0.0	0.75	12.0	0.923	3.0	0.0	0.0	0.883	1.0	0.747	2.0	b3,b5	0	1	0	1.0	0		642.0	24.671731255979363	12.597011888626916	37.0	0.8265500467894917	5.177315818435519	5.177315818435519	8.22391041865979	65.24896680096828	13.46200932611352	15.0	0.7163584462464073	9.47999394886534	25.835276210140794	5.501236166677781	0.6931471805599453	0.0	0.6931471805599453	0.0		6.466144724237619	1	1	0	0	0				name_token_jaccard=+8.61; address_token_containment=+8.08; name_translit_fuzz_ratio=+6.58; address_token_jaccard=+4.00	numbers_differ	cand_adds_token	exports		near_duplicate_number_changed	house/unit number differs; name cand_adds_token	False	False	False	True	False
S1-613995576	fit	US	Thornhill Transportation LLC	2210 Greenville Street, Caddo Mills, TX	S2-689297952	S2	Thornhill Transportation Riverside LLC	2212 GREENVILLE STREET, CADDO MILLS, TX	thornhill transportation llc	thornhill transportation riverside llc	2210 greenville street caddo mills tx	2212 greenville street caddo mills tx			2210	2212	15.231	0.9999997571515892	6.01	1957	0.0	0.0	0.75	3.0	1.0	0.848	0.848	1.0	0.848	10.0	0.0	0.0	0.0	0.714	5.0	0.833	0.0	0.0	0.0	0.973	1.0	0.826	2.0	b3,b5	0	1	0	1.0	0		777.0	23.268032787915786	12.207123710180394	83.0	0.7741575660856119	6.787906477221669	6.787906477221669	7.756010929305262	32.39534729811562	9.994150775876035	767.0	0.6248286748231585	9.825595414846228	19.451420629563557	7.003528752138824	0.6931471805599453	0.0	0.6931471805599453	0.0		6.656726524178391	1	1	0	0	0				name_token_jaccard=+8.61; address_token_containment=+7.04; name_translit_fuzz_ratio=+6.61; address_token_jaccard=+3.77	numbers_differ	cand_adds_token	riverside		near_duplicate_number_changed	house/unit number differs; name cand_adds_token	False	False	False	True	False
S1-620162779	tune	India	AO Herbs Private Limited	676, Poonthamallee High Road, Egmore Nungambakkam, Chennai, Tamil Nadu	S2-306833608	S2	AE HERBS PRIVATE LIMITED	676, POONTHAMALLEE HIGH ROAD, EGMORE NUNGAMBAKKAM, தமிழ்நாடு	ao herbs private limited	ae herbs private limited	676 poonthamallee high road egmore nungambakkam chennai tamil nadu	676 poonthamallee high road egmore nungambakkam தமிழ்நாடு			676	676	15.013	0.9999996981347518	9.246	1579	0.0	0.0	0.6	3.0	0.75	0.958	0.958	0.958	0.958	0.0	0.0	0.0	0.0	0.6	6.0	0.857	1.0	1.0	0.0	0.78	1.0	0.748	2.0	b3,b5	0	1	0	1.0	0		603.0	15.14199846121716	10.639886668751464	268.0	0.4230938966250672	10.408597940972852	20.646743900707133	6.345036105237861	48.668639310901256	13.669648690891766	12.0	0.7216319373011254	5.081839330863951	18.773829342745113	6.928958813642492	0.6931471805599453	0.0	0.6931471805599453	0.0		6.403574197934815	1	1	0	0	0				name_translit_fuzz_ratio=+8.18; address_token_containment=+7.32; name_token_jaccard=+6.72; address_token_jaccard=+3.05	numbers_equal	token_substituted	ae	ao	possible_gt_omission	manual: AO Herbs vs AE Herbs, identical address	False	False	False	True	False
S1-616489647	fit	US	Maisie Biondo Franklin	2791 Timpview Drive, Provo, UT	S2-810014897	S2	Maisie Biondo Franklin  West	002798 TIMPVIEW DRIVE, PROVO, UT	maisie biondo franklin	maisie biondo franklin west	2791 timpview drive provo ut	002798 timpview drive provo ut		002798	2791	002798	14.99	0.9999996909938798	3.219	368	0.0	0.0	0.75	3.0	1.0	0.898	0.898	1.0	0.898	5.0	0.0	0.0	0.0	0.667	4.0	0.8	0.0	0.0	0.0	0.931	1.0	0.836	2.0	b3,b5	0	1	0	1.0	0	2.0	2.0	34.162440766348624	13.747568751127544	17.0	0.8463640031242986	6.201327825226822	6.201327825226822	11.38748025544954	32.38730388545982	14.335355416029662	9.0	0.5478031701969438	15.539328220355598	26.734851018857512	8.716565336792346	0.6931471805599453	0.0	0.6931471805599453	0.0	1.0986122886681098	1.0986122886681098	1	1	0	0	0				name_token_jaccard=+8.61; name_translit_fuzz_ratio=+7.32; address_token_containment=+6.65; address_token_jaccard=+3.47	numbers_differ	cand_adds_token	west		near_duplicate_number_changed	house/unit number differs; name cand_adds_token	False	False	False	True	False
S1-283128662	fit	US	Q W Castanon Ethereum	251 Ten Mile Creek Road, East Peoria, IL	S2-414077804	S2	Q W CASTANON ETHEREUM CORP.	#260 TEN MILE CREEK ROAD, IL, EAST PEORIA	q w castanon ethereum	q w castanon ethereum corp	251 ten mile creek road east peoria il	260 ten mile creek road il east peoria			251	260	14.85	0.999999644559741	12.628	909	0.0	1.0	0.8	4.0	1.0	0.894	0.894	1.0	0.894	5.0	0.0	0.0	0.0	0.778	7.0	0.875	0.0	0.0	0.0	0.868	1.0	0.776	3.0	b2,b3,b5	0	1	0	1.0	0		2402.0	35.22414688231586	11.747591380801953	132.0	0.8925396888815234	4.240929372675803	4.240929372675803	8.806036720578966	45.52810299649271	9.97864658934007	779.0	0.7230762258301184	8.759785172520385	17.43635547982458	6.785986021126637	0.6931471805599453	0.0	0.6931471805599453	0.0		7.784473235736469	1	1	0	0	0				name_token_jaccard=+9.23; address_token_containment=+7.52; name_translit_fuzz_ratio=+7.26; address_token_jaccard=+4.17	numbers_differ	core_equal			near_duplicate_number_changed	house/unit number differs; name core_equal	False	False	False	False	False
S1-16625219	fit	US	Carbonaro Adr LLC	3932 Bungalow Lane, Mckinney, TX	S2-191447367	S2	Carbonaro Adr Greater [LLC]	3943 BUNGALOW LANE, MCKINNEY, TX	carbonaro adr llc	carbonaro adr greater llc	3932 bungalow lane mckinney tx	3943 bungalow lane mckinney tx			3932	3943	14.694	0.9999995844659525	12.987	427	0.0	0.0	0.75	3.0	1.0	0.81	0.81	1.0	0.81	8.0	0.0	0.0	0.0	0.667	4.0	0.8	0.0	0.0	0.0	0.967	1.0	0.783	2.0	b3,b5	0	1	0	2.0	0		165.0	26.157486045023173	14.335355416029662	9.0	0.7937222637047409	6.797978657367458	6.797978657367458	8.719162015007724	28.082259829496245	11.703466575893016	138.0	0.5570288027476957	11.339623142475672	22.33211675385614	7.814950688175342	0.6931471805599453	0.0	1.0986122886681098	0.0		5.111987788356544	1	1	0	0	0				name_token_jaccard=+8.61; address_token_containment=+6.65; name_translit_fuzz_ratio=+6.05; address_token_jaccard=+3.47	numbers_differ	cand_adds_token	greater		near_duplicate_number_changed	house/unit number differs; name cand_adds_token	False	False	False	True	False
S1-135464371	fit	India	Greenways Agros Private Limited	970/5, Sector A, Yelahanka Satellite Town, Bangalore North, Bangalore, Karnataka	S2-780560045	S2	Greenways Projects Private Limited	Karnataka, 970/8, SECTOR A, YELAHANKA SATELLITE TOWN, BANGALORE NORTH	greenways agros private limited	greenways projects private limited	970 5 sector a yelahanka satellite town bangalore north bangalore karnataka	karnataka 970 8 sector a yelahanka satellite town bangalore north			970	970	14.621	0.9999995533511076	8.461	702	0.0	0.0	0.6	3.0	0.75	0.892	0.769	0.893	0.892	3.0	0.0	0.0	0.0	0.818	9.0	0.9	1.0	1.0	0.0	0.771	1.0	0.688	2.0	b3,b5	0	1	0	1.0	0		398.0	16.517202135642894	12.015090343177196	67.0	0.47350380422658334	12.157060604447583	18.36573225307218	7.168565685022619	52.62470581401055	9.871569944812837	579.0	0.8582037558706285	4.43565940275688	8.694888109956803	5.688393452121046	0.6931471805599453	0.0	0.6931471805599453	0.0		5.988961416889864	1	1	0	0	0				address_token_containment=+7.81; name_translit_fuzz_ratio=+7.24; name_token_jaccard=+6.72; address_token_jaccard=+4.43	numbers_differ	token_substituted	projects	agros	near_duplicate_number_changed	house/unit number differs; name token_substituted	False	False	False	True	False
S1-632493300	fit	US	Schneider, Ninon, DDS	Los Lunas, NM, 841 Blue Sage Avenue	S2-114738614	S2	Schneider, Ninon, DDS Group	NM, LOS LUNAS, 854 BLUE SAGE AVENUE	schneider ninon dds	schneider ninon dds group	los lunas nm 841 blue sage avenue	nm los lunas 854 blue sage avenue			841	854	14.533	0.9999995122058364	10.332	2262	0.0	0.0	0.75	3.0	1.0	0.864	0.864	1.0	0.864	6.0	0.0	0.0	0.0	0.75	6.0	0.857	0.0	0.0	0.0	0.879	1.0	0.759	2.0	b3,b5	0	1	0	1.0	0		562.0	27.835656095122083	11.842149963426966	120.0	0.8641418842341609	4.3762486892308035	4.3762486892308035	9.278552031707362	44.12983766020885	9.602671909742611	1135.0	0.6890987886106739	10.193809252323268	19.910091577195846	7.692302855011633	0.6931471805599453	0.0	0.6931471805599453	0.0		6.333279628139691	1	1	0	0	0				name_token_jaccard=+8.61; address_token_containment=+7.32; name_translit_fuzz_ratio=+6.83; address_token_jaccard=+4.00	numbers_differ	cand_adds_token	group		near_duplicate_number_changed	house/unit number differs; name cand_adds_token	False	False	False	True	False
S1-959545356	fit	India	Bishnupriya Nursing Home	Rashtrasarthi Chs, D-41, Savarkar Road, Mulund (E), Mumbai, Maharashtra	S2-227856823	S2	Bishnupriya Nursing Home Industries Ltd	#74  RASHTRASARTHI CHS, D-41, SAVARKAR ROAD, MULUND (E), MUMBAI, Maharashtra	bishnupriya nursing home	bishnupriya nursing home industries ltd	rashtrasarthi chs d 41 savarkar road mulund e mumbai maharashtra	74 rashtrasarthi chs d 41 savarkar road mulund e mumbai maharashtra			41	74	14.415	0.9999994507988729	11.502	19	0.0	0.0	0.6	3.0	1.0	0.762	0.762	1.0	0.762	15.0	0.0	0.0	0.0	0.909	10.0	1.0	1.0	0.0	0.0	0.977	1.0	0.744	2.0	b3,b5	0	1	0	1.0	0		7647.0	27.148288757117747	13.238865774799311	19.0	0.7773145713148192	4.925148320409537	7.777453997449058	9.049429585705916	61.10785745686456	15.135985759685193	2.0	0.9000296276294477	6.787526851554394	6.787526851554394	6.110785745686456	0.6931471805599453	0.0	0.6931471805599453	0.0		8.942199454731238	1	1	0	0	0				address_token_containment=+8.98; name_token_jaccard=+6.72; name_translit_fuzz_ratio=+5.37; address_token_jaccard=+5.00	numbers_cand_superset	cand_adds_token	industries		near_duplicate_name_token_numbers_not_contradicted	no house number contradicted; name cand_adds_token (+industries)	False	False	False	True	False
S1-810442809	fit	India	Agarsons Advisors Limited	7/163, Thayyil House, Vadakara, Kozhikode, Kerala	S2-586816736	S2	Limited Agarsons Advisors Holdings	VADAKARA, THAYYIL HOUSE, Kerala, KOZHIKODE, 7/170	agarsons advisors limited	limited agarsons advisors holdings	7 163 thayyil house vadakara kozhikode kerala	vadakara thayyil house kerala kozhikode 7 170			7	7	14.304	0.9999993865266152	9.085	1022	0.0	0.0	0.75	3.0	1.0	0.678	0.847	1.0	0.678	9.0	0.0	0.0	0.0	0.75	6.0	0.857	1.0	1.0	0.0	0.644	1.0	0.437	2.0	b3,b5	0	1	0	1.0	0		57887.0	21.015658218393344	11.82787880108905	81.0	0.7964168056159835	5.372105161535482	5.372105161535482	7.005219406131116	41.544439185871184	11.191172931434055	154.0	0.7210963217206134	8.04424364459004	16.06844543783857	7.084097547208747	0.6931471805599453	0.0	0.6931471805599453	0.0		10.966265388195021	1	1	0	0	0				name_token_jaccard=+8.61; address_token_containment=+7.32; name_translit_fuzz_ratio=+4.17; address_token_jaccard=+4.00	numbers_differ	cand_adds_token	holdings		near_duplicate_number_changed	house/unit number differs; name cand_adds_token	False	False	False	True	False
S1-571522451	fit	US	Barbaraanne F. Joyner, Ph.D., PC	7 Tall Timbers, Trinity, TX	S2-540243822	S2	Barbaraanne F. Joyner, Ph.D., PC South	11  TALL TIMBERS, TRINITY, TX	barbaraanne f joyner ph d pc	barbaraanne f joyner ph d pc south	7 tall timbers trinity tx	11 tall timbers trinity tx			7	11	14.169	0.9999992975631908	14.169	2331	0.0	0.0	0.857	6.0	1.0	0.903	0.903	1.0	0.903	6.0	0.0	0.0	0.0	0.667	4.0	0.8	0.0	0.0	0.0	0.941	1.0	0.85	2.0	b3,b5	0	1	0	2.0	0		15236.0	46.58965779395306	11.46179077644988	176.0	0.8806553350295834	6.313738053172539	6.313738053172539	7.764942965658843	32.42299038593846	10.317172214773125	555.0	0.7038756511959755	6.915135856613026	13.64052996861226	7.867625248510298	0.6931471805599453	0.0	1.0986122886681098	0.0		9.631481959469355	1	1	0	0	0				name_token_jaccard=+9.95; name_translit_fuzz_ratio=+7.39; address_token_containment=+6.65; address_token_jaccard=+3.47	numbers_differ	cand_adds_token	south		near_duplicate_number_changed	house/unit number differs; name cand_adds_token	False	False	False	True	False
S1-996259180	fit	India	Hashtag (India) Services Pvt Ltd	Abban House, Observatory Post Kodaikanal-624 103, Dindigul, Tamil Nadu	S3-683313858	S3	Pvt Hashtag (India) Services Group Ltd	68 Abban House, Observatory Post Kodaikanal-624 103, Dindigul, TN	hashtag india services pvt ltd	pvt hashtag india services group ltd	abban house observatory post kodaikanal 624 103 dindigul tamil nadu	68 abban house observatory post kodaikanal 624 103 dindigul tn			624	68	14.011	0.999999177445714	13.003	1659	0.0	0.0	0.833	5.0	1.0	0.848	0.909	1.0	0.848	6.0	0.0	0.0	0.0	0.667	8.0	0.8	2.0	0.0	0.0	0.915	1.0	0.776	2.0	b3,b5	0	1	2	1.0	0		7857.0	26.147226368327722	11.815757440556704	82.0	0.8383326767072227	5.042332496332061	5.042332496332061	5.229445273665545	72.26839766798511	14.288687899297988	6.0	0.7781004748547008	6.740433034252643	20.60957889600581	8.146033749142548	0.6931471805599453	1.0986122886681098	0.6931471805599453	0.0		8.969287400118406	3	1	0	0	0				name_token_jaccard=+9.65; address_token_containment=+6.65; name_translit_fuzz_ratio=+6.61; address_token_jaccard=+3.47	numbers_cand_superset	cand_adds_token	group		near_duplicate_name_token_numbers_not_contradicted	no house number contradicted; name cand_adds_token (+group)	False	False	False	True	False
S1-64888305	fit	India	Shivam Agro Limited	Office No 329 Plot No 14B, Grohitam Bldg, Sector 19, Thane, Maharashtra	S2-443269457	S2	Shivam Agro Enterprises  Limited	OFFICE NO ##329 PLOT NO 18B, GROHITAM BLDG, SECTOR 19, THANE, Maharashtra	shivam agro limited	shivam agro enterprises limited	office no 329 plot no 14b grohitam bldg sector 19 thane maharashtra	office no 329 plot no 18b grohitam bldg sector 19 thane maharashtra			329	329	13.93	0.9999991085919561	4.047	2833	0.0	0.0	0.75	3.0	1.0	0.76	0.76	1.0	0.76	12.0	0.0	0.0	0.0	0.833	10.0	0.909	2.0	1.0	0.0	0.985	1.0	0.749	1.0	b5	0	1	2	1.0	0		1197.0	15.433266323898568	7.196708113375811	8415.0	0.7576079916189724	4.937778457345633	4.937778457345633	5.1444221079661885	54.38237950763818	11.712809471304261	91.0	0.7388890883546713	9.721367937440995	19.217813491198342	5.807165914672321	0.6931471805599453	1.0986122886681098	0.6931471805599453	0.0		7.088408778675395	7	1	0	0	0				name_token_jaccard=+8.61; address_token_containment=+7.92; name_translit_fuzz_ratio=+5.34; address_token_jaccard=+4.52	numbers_differ	cand_adds_token	enterprises		near_duplicate_number_changed	house/unit number differs; name cand_adds_token	False	False	False	True	False
S1-759586210	fit	US	Vega Montessori School	15428 Loomis Avenue, Harvey, IL	S2-245769846	S2	WEST STÉRLIN6 PROEM LLC	15428 LOOMIS AVENUE, HARVEY, IL	vega montessori school	west stérlin6 proem llc	15428 loomis avenue harvey il	15428 loomis avenue harvey il	15428	15428	15428	15428	13.923	0.9999991017278032	13.674	2305	0.0	0.0	0.0	0.0	0.0	0.356	0.311	0.311	0.4	1.0	1.0	0.0	0.0	1.0	5.0	1.0	1.0	1.0	1.0	1.0	1.0	0.356	2.0	b5,b7a	0	1	7	2.0	2	35.0	36.0	0.0	0.0		0.0	15.944793328463762	57.1459181664139	7.6829886394583164	40.797806975909	13.000354349297321	37.0	1.0	0.0	0.0	8.1595613951818	0.6931471805599453	2.0794415416798357	1.0986122886681098	1.0986122886681098	3.58351893845611	3.6109179126442243	5	1	1	0	0	S1-705207749	West Sterling Proem LLC	15428 Loomis Avenue, Harvey, IL	address_token_containment=+8.98; address_token_jaccard=+5.58; address_fuzz_ratio=+3.14; address_exact=+2.35	numbers_equal	token_substituted	proem stérlin6 west	montessori school vega	shared_address	unrelated business name at the same address	True	False	False	True	True
S1-107901699	fit	US	Sonia E. Lagasse, P.A. Center	10091 301, Four Oaks, NC	S3-526655467	S3	The Lee E. Lagasse P.A. Center	10091 301, <NULL>, FOUR OAKS CITY, North Carolina	sonia e lagasse p a center	the lee e lagasse p a center	10091 301 four oaks nc	10091 301 null four oaks city north carolina	10091	10091	10091	10091	13.886	0.9999990677655342	8.169	233	0.0	0.0	0.625	5.0	0.833	0.778	0.778	0.87	0.778	2.0	0.0	0.0	0.0	0.444	4.0	0.8	2.0	1.0	1.0	0.667	1.0	0.519	3.0	b3,b5,b7a	0	1	0	1.0	0	48.0	44.0	35.19969145737643	13.305735998848503	27.0	0.5918044923462615	11.502142071973445	24.278889581817985	7.783638921558313	35.52025334148467	12.74612021091308	48.0	0.6271586652795965	4.566497001277005	21.116536211043023	7.972481695983381	0.6931471805599453	0.0	0.6931471805599453	0.0	3.8918202981106265	3.8066624897703196	1	1	0	0	0				name_token_jaccard=+7.04; address_token_containment=+6.65; name_translit_fuzz_ratio=+5.60; n_channels_hit=+3.82	numbers_equal	token_substituted	lee	sonia	near_duplicate_name_token_numbers_not_contradicted	no house number contradicted; name token_substituted (+lee)	False	False	False	True	False
S1-298754012	tune	India	Tamilnadu Cold Pvt Ltd	Tamil Nadu, Chennai, No.2 Road, Railady, Mayilathumthurai-609 003, Tamilnadu, #504	S3-295987314	S3	Tamilnadu Cold Exports Pvt Ltd	H.no 513., TN, Chennai, No.2 Road, Railady, Mayilathumthurai-609 003, Tamilnadu	tamilnadu cold pvt ltd	tamilnadu cold exports pvt ltd	tamil nadu chennai no 2 road railady mayilathumthurai 609 003 tamilnadu 504	h no 513 tn chennai no 2 road railady mayilathumthurai 609 003 tamilnadu			2	513	13.823	0.9999990074580761	12.475	1834	0.0	0.0	0.8	4.0	1.0	0.846	0.846	1.0	0.846	8.0	0.0	0.0	0.0	0.6	9.0	0.75	3.0	0.0	0.0	0.857	1.0	0.725	2.0	b3,b5	0	1	0	1.0	0		1568.0	25.350729851755734	10.337444180716561	363.0	0.8304078854451254	5.177315818435519	5.177315818435519	6.337682462938933	67.63362410570569	15.135985759685193	2.0	0.670781657144458	8.495238845664204	33.19445219206384	7.01917147163213	0.6931471805599453	0.0	0.6931471805599453	0.0		7.358193752733032	1	1	0	0	0				name_token_jaccard=+9.23; name_translit_fuzz_ratio=+6.58; address_token_containment=+6.07; address_numeric_token_overlap=+3.19	numbers_differ	cand_adds_token	exports		near_duplicate_number_changed	house/unit number differs; name cand_adds_token	False	False	False	True	False
S1-974273438	fit	US	Family Care Partners	NC, 3642 Arborway, Charlotte	S2-536981312	S2	Family Care Partners Partners	3649 ARBORWAY, CHARLOTTE, NC	family care partners	family care partners partners	nc 3642 arborway charlotte	3649 arborway charlotte nc			3642	3649	13.756	0.9999989384003175	5.479	346	0.0	0.0	1.0	3.0	1.0	0.816	0.816	1.0	0.816	9.0	0.0	0.0	0.0	0.6	3.0	0.75	0.0	0.0	0.0	0.846	1.0	0.691	1.0	b5	0	1	14	1.0	0		204.0	14.671729700379743	5.834088375163684	49209.0	1.0	0.0	0.0	4.890576566793247	23.0751726625544	12.630607323791237	54.0	0.5099187703009055	11.149002782867022	22.17747149670577	8.525910344098287	0.6931471805599453	2.70805020110221	0.6931471805599453	0.0		5.3230099791384085	3	1	0	0	0				name_token_jaccard=+11.75; name_translit_fuzz_ratio=+6.15; address_token_containment=+6.07; address_token_jaccard=+3.05	numbers_differ	core_equal			near_duplicate_number_changed	house/unit number differs; name core_equal	True	False	False	False	False
S1-422999442	fit	India	Mts & Partners Pvt Ltd	Jn4, Room No. 12, Bldg No.10, Blue Haven, Sector 10, Vashi, Navi Mumbai, Mumbai City, Maharashtra	S2-652856854	S2	Mts & Partners Overseas Pvt Ltd	JN8, ROOM NO. 12, BLDG NO.10, BLUE HAVEN, SECTOR 10, VASHI, NAVI MUMBAI, महाराष्ट्र	mts and partners pvt ltd	mts and partners overseas pvt ltd	jn4 room no 12 bldg no 10 blue haven sector 10 vashi navi mumbai mumbai city maharashtra	jn8 room no 12 bldg no 10 blue haven sector 10 vashi navi mumbai महाराष्ट्र			12	12	13.718	0.999998897941514	10.846	325	0.0	0.0	0.833	5.0	1.0	0.842	0.842	1.0	0.842	9.0	0.0	0.0	0.0	0.688	11.0	0.846	2.0	1.0	0.0	0.785	1.0	0.661	2.0	b3,b5	0	1	0	1.0	0		39596.0	28.38670649009495	12.47339793265974	42.0	0.8381389646518391	5.482028513636469	5.482028513636469	5.67734129801899	63.182926598345965	10.585623810192097	283.0	0.6030095497427348	15.135985759685193	41.5963868060637	6.119778815723604	0.6931471805599453	0.0	0.6931471805599453	0.0		10.586508636797065	1	1	0	0	0				name_token_jaccard=+9.65; address_token_containment=+7.19; name_translit_fuzz_ratio=+6.52; address_token_jaccard=+3.60	numbers_differ	cand_adds_token	overseas		near_duplicate_number_changed	house/unit number differs; name cand_adds_token	False	False	False	True	False
S1-435641728	fit	India	Gurusai Skin Private Limited	B-1/307, 3Rd Floor New Ashok Nagar, Near Eastend Apartments, Delhi, New Delhi, Delhi	S2-759260861	S2	Gurusai Skin Public Limited	B-1/308, 3RD FLOOR NEW ASHOK NAGAR, NEAR EASTEND APARTMENTS, DELHI, Delhi	gurusai skin private limited	gurusai skin public limited	b 1 307 3rd floor new ashok nagar near eastend apartments delhi new delhi delhi	b 1 308 3rd floor new ashok nagar near eastend apartments delhi delhi			1	1	13.704	0.9999988820911672	11.718	366	0.0	0.0	0.6	3.0	0.75	0.836	0.836	0.851	0.836	1.0	0.0	0.0	0.0	0.846	11.0	0.917	1.0	1.0	0.0	0.919	1.0	0.769	2.0	b3,b5	0	1	0	1.0	0		144141.0	25.519380055131357	12.623680135709078	36.0	0.7766696291533144	5.073004682911311	7.338065501161716	6.94611021834544	52.73988709777561	11.957931929337247	71.0	0.7779527161869507	7.565886209298156	15.053291074124523	5.018940996883498	0.6931471805599453	0.0	0.6931471805599453	0.0		11.878554203781087	1	1	0	0	0				address_token_containment=+8.01; name_token_jaccard=+6.72; name_translit_fuzz_ratio=+6.44; address_token_jaccard=+4.61	numbers_differ	core_equal			near_duplicate_number_changed	house/unit number differs; name core_equal	False	False	False	False	False
S1-748306698	fit	India	Sdc Finvest Pvt Ltd	320, Tulsiani Chambers, Nariman Point, Mumbai, Mumbai City, Maharashtra	S2-854044174	S2	Sdc Finvest Infratech Pvt Ltd	322, TULSIANI CHAMBERS, NARIMAN POINT, MUMBAI, Maharashtra	sdc finvest pvt ltd	sdc finvest infratech pvt ltd	320 tulsiani chambers nariman point mumbai mumbai city maharashtra	322 tulsiani chambers nariman point mumbai maharashtra			320	322	13.582	0.9999987365756515	7.595	377	0.0	0.0	0.8	4.0	1.0	0.792	0.792	1.0	0.792	10.0	0.0	0.0	0.0	0.667	6.0	0.857	0.0	0.0	0.0	0.883	1.0	0.699	2.0	b3,b5	0	1	0	2.0	0		1773.0	27.267483416519593	12.107463663308211	61.0	0.8328023920670967	5.474357476659216	5.474357476659216	6.816870854129898	38.19118956261855	10.469406945568458	318.0	0.6495292404303012	8.42181522977572	20.60707106275003	6.310240907888819	0.6931471805599453	0.0	1.0986122886681098	0.0		7.480992162869525	1	1	0	0	0				name_token_jaccard=+9.23; address_token_containment=+7.32; name_translit_fuzz_ratio=+5.80; address_token_jaccard=+3.47	numbers_differ	cand_adds_token	infratech		near_duplicate_number_changed	house/unit number differs; name cand_adds_token	False	False	False	True	False
S1-987672380	fit	India	Technologies Avadhut Eateries Co	29-1444/23, Kakathiya Nagar Near Laxmi Function Hall, Neredmet, Malka, Jgiri, Secunderabad, Hyderabad, Telangana	S2-806596838	S2	Technologies Avadhut Eateries Public Limited	29-1444/2, KAKATHIYA NAGAR NEAR LAXMI FUNCTION HALL, NEREDMET, MALKA, JGIRI, SECUNDERABAD, Telangana	technologies avadhut eateries co	technologies avadhut eateries public limited	29 1444 23 kakathiya nagar near laxmi function hall neredmet malka jgiri secunderabad hyderabad telangana	29 1444 2 kakathiya nagar near laxmi function hall neredmet malka jgiri secunderabad telangana			29	29	13.509	0.999998641542194	9.802	936	0.0	0.0	0.5	3.0	0.75	0.816	0.763	0.951	0.816	12.0	0.0	0.0	0.0	0.812	13.0	0.929	2.0	1.0	0.0	0.945	1.0	0.771	2.0	b3,b5	0	1	0	1.0	0		16886.0	30.98018704012631	13.19007561062988	20.0	0.7177507311883214	5.073004682911311	12.182690674863878	8.963205514465898	107.97761125181833	12.97650151033182	25.0	0.8897096497477329	5.589911518852291	13.385140385678413	7.851738956251601	0.6931471805599453	0.0	0.6931471805599453	0.0		9.734299374132137	1	1	0	0	0				address_token_containment=+8.15; name_translit_fuzz_ratio=+6.14; name_token_jaccard=+5.46; address_token_jaccard=+4.39	numbers_differ	core_equal			near_duplicate_number_changed	house/unit number differs; name core_equal	False	False	False	False	False
S1-953467828	fit	India	Jahnavi (India) Media Limited	6-6-492/A, Gandhi Nagar, Hyderabad, Telangana	S2-833892570	S2	>> Jahnavi (India) Media Infratech (Limited)	6-6-499/A, HYDERABAD, Telangana	jahnavi india media limited	jahnavi india media infratech limited	6 6 492 a gandhi nagar hyderabad telangana	6 6 499 a hyderabad telangana			6	6	13.463	0.9999985779980428	5.59	1222	0.0	0.0	0.8	4.0	1.0	0.844	0.844	1.0	0.844	10.0	0.0	0.0	0.0	0.5	4.0	0.8	1.0	1.0	0.0	0.789	1.0	0.665	1.0	b3	0	1	0	1.0	0		66900.0	24.602826928110655	12.191546780518753	56.0	0.8179896960105398	5.474357476659216	5.474357476659216	6.150706732027663	16.761316735561792	4.919014381333451	82090.0	0.3790680407762417	9.264807378451712	27.455855203382413	4.993194937213213	0.6931471805599453	0.0	0.6931471805599453	0.0		11.110969193687714	1	1	0	0	0				name_token_jaccard=+9.23; address_token_containment=+6.65; name_translit_fuzz_ratio=+6.54; name_fuzz_token_set_ratio=+2.83	numbers_differ	cand_adds_token	infratech		near_duplicate_number_changed	house/unit number differs; name cand_adds_token	False	False	False	True	False
S1-856516592	fit	US	Audi Campbell Desert Idaho LLC	8540 Tilbury Road, Maple Falls, WA	S2-170177083	S2	Campbell, Audi Desert Idaho Metro LLC	553 TILBURY ROAD, MAPLE FALLS, WA	audi campbell desert idaho llc	campbell audi desert idaho metro llc	8540 tilbury road maple falls wa	553 tilbury road maple falls wa			8540	553	13.353	0.9999984118544956	12.248	329	0.0	0.0	0.833	5.0	1.0	0.758	0.909	1.0	0.758	6.0	0.0	0.0	0.0	0.714	5.0	0.833	0.0	0.0	0.0	0.921	1.0	0.697	2.0	b3,b5	0	1	0	2.0	0		931.0	38.53524395941625	11.809626771721407	124.0	0.8670932958054358	5.906621922641084	5.906621922641084	7.70704879188325	34.02126101841514	12.667648595471587	52.0	0.6149714606819824	11.588084501774171	21.30042981368741	7.601557586698218	0.6931471805599453	0.0	1.0986122886681098	0.0		6.837332814685591	1	1	0	0	0				name_token_jaccard=+9.65; address_token_containment=+7.04; name_translit_fuzz_ratio=+5.31; address_token_jaccard=+3.77	numbers_differ	cand_adds_token	metro		near_duplicate_number_changed	house/unit number differs; name cand_adds_token	False	False	False	True	False
S1-890967071	fit	India	Delhi Knitting	Plot No. 3, Kh No. 2132 & 2133 Amar Colony, Nangloi, Delhi, West Delhi, Delhi	S2-585663517	S2	Delhi Knitting Group	DOOR NO 6 , KH NO. 2132 & 2133 AMAR COLONY, NANGLOI, DELHI, Delhi	delhi knitting	delhi knitting group	plot no 3 kh no 2132 and 2133 amar colony nangloi delhi west delhi delhi	door no 6 kh no 2132 and 2133 amar colony nangloi delhi delhi			3	6	13.299	0.9999983234415137	5.873	332	0.0	0.0	0.667	2.0	1.0	0.824	0.824	1.0	0.824	6.0	0.0	0.0	0.0	0.643	9.0	0.818	2.0	0.0	0.0	0.857	1.0	0.706	2.0	b3,b5	0	1	0	1.0	0		66900.0	17.121019821276917	11.336758248402392	133.0	0.7724923367154217	5.042332496332061	5.042332496332061	8.560509910638459	59.46988844268403	12.191546780518753	56.0	0.7552651252967569	4.353570182257849	19.27052528860969	5.871811356388435	0.6931471805599453	0.0	0.6931471805599453	0.0		11.110969193687714	1	1	0	0	0				name_token_jaccard=+7.56; address_token_containment=+6.86; name_translit_fuzz_ratio=+6.25; address_token_jaccard=+3.32	numbers_differ	cand_adds_token	group		near_duplicate_number_changed	house/unit number differs; name cand_adds_token	False	False	False	True	False
S1-863702988	fit	US	Vision Classic Specialists	1537 4227, Jacksonville, TX	S2-114347850	S2	Vision Classic Specialists Inc	1550 4227, JACKSONVILLE, TX	vision classic specialists	vision classic specialists inc	1537 4227 jacksonville tx	1550 4227 jacksonville tx			1537	1550	13.276	0.9999982843234431	10.557	1062	0.0	1.0	0.75	3.0	1.0	0.929	0.929	1.0	0.929	4.0	0.0	0.0	0.0	0.6	3.0	0.75	1.0	0.0	0.0	0.92	1.0	0.854	2.0	b2,b5	0	1	2	1.0	0		821.0	19.03633195606765	6.625284699486926	22306.0	0.8630501269072534	3.020708953345676	3.020708953345676	6.345443985355883	22.282093110586597	10.614492916062675	412.0	0.5288257308312783	10.168690192227935	19.852946490381107	8.112695825703634	0.6931471805599453	1.0986122886681098	0.6931471805599453	0.0		6.71174039505618	2	1	0	0	0				name_token_jaccard=+8.61; name_translit_fuzz_ratio=+7.76; address_token_containment=+6.07; address_token_jaccard=+3.05	numbers_differ	core_equal			near_duplicate_number_changed	house/unit number differs; name core_equal	False	False	False	False	False
S1-754092139	fit	US	Altemus and Carson	5514 Kinkaid Street, Fl 0, Wichita, KS	S2-574713463	S2	Altemus and Carson Group	5527C KINKAID STREET, WICHITA, KS	altemus and carson	altemus and carson group	5514 kinkaid street fl 0 wichita ks	5527c kinkaid street wichita ks			5514		13.26	0.9999982564703781	7.189	398	0.0	0.0	0.75	3.0	1.0	0.857	0.857	1.0	0.857	6.0	0.0	0.0	0.0	0.5	4.0	0.8	0.0	0.0	0.0	0.848	1.0	0.727	2.0	b3,b5	0	1	0	1.0	0			28.009927432098948	14.558498967343871	7.0	0.8648729423061285	4.3762486892308035	4.3762486892308035	9.336642477366317	29.395508915657445	12.9243684423194	40.0	0.43340573958657863	14.846181039795653	38.428948009388186	7.568325126464282	0.6931471805599453	0.0	0.6931471805599453	0.0			1	1	0	0	0				name_token_jaccard=+8.61; name_translit_fuzz_ratio=+6.73; address_token_containment=+6.65; name_fuzz_token_set_ratio=+2.83	numbers_differ	cand_adds_token	group		near_duplicate_number_changed	house/unit number differs; name cand_adds_token	False	False	False	True	False
S1-86614303	fit	India	Believe Memorial Trust Yavatmal	Swapnapurti Part 2, Plot No. 31, Bhosa, Yavatmal, Yavatmal, Maharashtra	S2-558896135	S2	Smt Believe Memorial Trust Yavatmal [(Enterprises)]	NO 725 SWAPNAPURTI PART 13, PLOT NO. 31, BHOSA, YAVATMAL, YAVATMAL, Maharashtra	believe memorial trust yavatmal	smt believe memorial trust yavatmal enterprises	swapnapurti part 2 plot no 31 bhosa yavatmal yavatmal maharashtra	no 725 swapnapurti part 13 plot no 31 bhosa yavatmal yavatmal maharashtra			2	725	13.257	0.9999982526660388	4.112	1976	0.0	0.0	0.667	4.0	1.0	0.795	0.795	1.0	0.795	16.0	0.0	0.0	0.0	0.727	8.0	0.889	1.0	0.0	0.0	0.928	1.0	0.737	2.0	b3,b5	0	1	0	1.0	0		747.0	36.663583500102966	12.000491543756043	68.0	0.7813198741302209	5.32382798593729	10.261606443282922	9.165895875025742	54.726734218519795	13.19007561062988	20.0	0.752604724478033	9.261991797051548	17.989703027440076	6.479266834693612	0.6931471805599453	0.0	0.6931471805599453	0.0		6.617402977974478	1	1	0	0	0				address_token_containment=+7.69; name_token_jaccard=+7.56; name_translit_fuzz_ratio=+5.84; address_token_jaccard=+3.85	numbers_differ	cand_adds_token	enterprises		near_duplicate_number_changed	house/unit number differs; name cand_adds_token	False	False	False	True	False
S1-212924708	fit	India	Anco Services (India) Private Limited	2Nd Floor, Door No.41/1047, Jolly Tower, Ernakulam, Kerala	S2-713053120	S2	Anco Services (India) Infratech	Kerala, NO #15ND FLOOR, DOOR NO.41/1047, JOLLY TOWER, ERNAKULAM	anco services india private limited	anco services india infratech	2nd floor door no 41 1047 jolly tower ernakulam kerala	kerala no 15nd floor door no 41 1047 jolly tower ernakulam			41	41	13.246	0.9999982331971776	-1.452	1122	0.0	0.0	0.5	3.0	0.75	0.75	0.781	0.792	0.75	6.0	0.0	0.0	0.0	0.818	9.0	0.9	2.0	1.0	0.0	0.821	1.0	0.616	2.0	b3,b5	0	1	0	1.0	0		13079.0	21.568935086315665	13.401384704297087	16.0	0.6837425459279526	5.474357476659216	9.976469269124912	5.214209375756272	51.153279430299456	10.775012534209143	234.0	0.777181126005788	10.105547838292757	14.665714004595797	5.5713445596602496	0.6931471805599453	0.0	0.6931471805599453	0.0		9.47883962501119	1	1	0	0	0				address_token_containment=+7.81; name_token_jaccard=+5.46; name_translit_fuzz_ratio=+5.20; address_token_jaccard=+4.43	numbers_differ	cand_adds_token	infratech		near_duplicate_number_changed	house/unit number differs; name cand_adds_token	False	False	False	True	False
S1-290381913	fit	US	Nexvue Group	35304 Church Street, Ivor Town, VA	S2-529610322	S2	Precision-Insurance Corp	35304 CHURCH STREET, IVOR TOWN, VA	nexvue group	precision insurance corp	35304 church street ivor town va	35304 church street ivor town va	35304	35304	35304	35304	13.211	0.9999981690248791	13.14	215	0.0	0.0	0.0	0.0	0.0	0.333	0.333	0.333	0.333	12.0	1.0	0.0	0.0	1.0	6.0	1.0	1.0	1.0	1.0	1.0	1.0	0.333	2.0	b5,b7a	0	1	3	4.0	4	6.0	6.0	0.0	0.0		0.0	11.703466575893016	34.29595725237452	8.03985763256191	47.723707355297734	14.692030359968394	6.0	1.0	0.0	0.0	7.953951225882956	0.6931471805599453	1.3862943611198906	1.6094379124341003	1.6094379124341003	1.9459101490553132	1.9459101490553132	1	1	0	0	0				address_token_containment=+8.98; address_token_jaccard=+5.58; address_fuzz_ratio=+3.14; address_exact=+2.35	numbers_equal	token_substituted	insurance precision	group nexvue	shared_address	unrelated business name at the same address	False	False	False	True	False
S1-371510759	fit	India	Rex Publishing Limited	Mouza - Dahua, Tola- Hechla P S And Anchal - Baunshi No 440, Banka, Bihar	S2-532933439	S2	Rex Publishing Infratech Limited	NO 60 MOUZA - DAHUA, TOLA- HECHLA P S AND ANCHAL - BAUNSHI NO 440, BANKA, बिहार	rex publishing limited	rex publishing infratech limited	mouza dahua tola hechla p s and anchal baunshi no 440 banka bihar	no 60 mouza dahua tola hechla p s and anchal baunshi no 440 banka बिहार			440	60	13.146	0.9999980472408899	9.759	3357	0.0	0.0	0.75	3.0	1.0	0.815	0.815	1.0	0.815	10.0	0.0	0.0	0.0	0.8	12.0	0.923	1.0	0.0	0.0	0.882	1.0	0.719	2.0	b3,b5	0	1	0	1.0	0		9898.0	22.937656654933505	10.511012946400921	305.0	0.8073224428474429	5.474357476659216	5.474357476659216	7.6458855516445015	103.39578457081456	15.135985759685193	2.0	0.8506595951192986	6.502848259071484	18.15199454559462	8.380342752199464	0.6931471805599453	0.0	0.6931471805599453	0.0		9.200189020919808	1	1	0	0	0				name_token_jaccard=+8.61; address_token_containment=+8.08; name_translit_fuzz_ratio=+6.13; address_token_jaccard=+4.31	numbers_cand_superset	cand_adds_token	infratech		near_duplicate_name_token_numbers_not_contradicted	no house number contradicted; name cand_adds_token (+infratech)	False	False	False	True	False
S1-36608014	fit	India	Aarish Multipurpose	556/30 A Street No 15 Vijay Park Maujpur, Delhi, North East, Delhi	S3-301197226	S3	Aarish Multipurpose Ventures LLP	Door No 556/43 A Street No 15 Vijay Park Maujpur, Delhi, North East, DL	aarish multipurpose	aarish multipurpose ventures llp	556 30 a street no 15 vijay park maujpur delhi north east delhi	door no 556 43 a street no 15 vijay park maujpur delhi north east dl			556	556	13.071	0.9999978951757037	3.902	1797	0.0	0.0	0.5	2.0	1.0	0.745	0.745	1.0	0.745	13.0	0.0	0.0	0.0	0.733	11.0	0.917	2.0	1.0	0.0	0.901	1.0	0.671	2.0	b3,b5	0	1	0	1.0	0		818.0	23.90798601987359	13.0157222234851	24.0	0.7172778960745302	5.032254875721187	9.42356671682106	11.953993009936795	57.3653881149623	10.062897450942387	478.0	0.7405145031668379	6.2532239571601025	20.101545847353197	5.272442052267311	0.6931471805599453	0.0	0.6931471805599453	0.0		6.70808408385307	1	1	0	0	0				address_token_containment=+8.01; name_token_jaccard=+5.46; name_translit_fuzz_ratio=+5.13; address_token_jaccard=+3.89	numbers_differ	cand_adds_token	ventures		near_duplicate_number_changed	house/unit number differs; name cand_adds_token	False	False	False	True	False
S1-30267810	fit	US	4771 Commerce Plaza Apartments	131 Old Thumb Point Road, West Tisbury, MA	S2-699722867	S2	4771 Commerce Plaza  Apartments Co	142 OLD THUMB POINT RD, MA, WEST TISBURY	4771 commerce plaza apartments	4771 commerce plaza apartments co	131 old thumb point road west tisbury ma	142 old thumb point rd ma west tisbury			131	142	13.07	0.9999978915229969	6.577	430	0.0	1.0	0.8	4.0	1.0	0.952	0.952	1.0	0.952	3.0	0.0	0.0	0.0	0.6	6.0	0.75	0.0	0.0	0.0	0.846	1.0	0.806	3.0	b2,b3,b5	0	1	0	1.0	0		3714.0	38.944832561738416	13.929890307921498	14.0	0.8975589778302144	4.444887249080923	4.444887249080923	9.736208140434606	46.49501513562568	13.305735998848503	27.0	0.6687512800870931	8.273665424032183	23.030108060505654	7.239716510848638	0.6931471805599453	0.0	0.6931471805599453	0.0		8.220133957151859	3	1	0	0	0				name_token_jaccard=+9.23; name_translit_fuzz_ratio=+8.10; address_token_containment=+6.07; n_channels_hit=+3.82	numbers_differ	core_equal			near_duplicate_number_changed	house/unit number differs; name core_equal	False	False	False	False	False
S1-987743901	fit	US	Chamberlain Painting LLC	24 Club Circle, Sherwood, AR	S2-253908010	S2	Chamberlain Painting South LLC	##33 CLUB CIRCLE, SHERWOOD, AR	chamberlain painting llc	chamberlain painting south llc	24 club circle sherwood ar	33 club circle sherwood ar			24	33	13.02	0.99999778341287	0.736	347	0.0	0.0	0.75	3.0	1.0	0.889	0.889	1.0	0.889	6.0	0.0	0.0	0.0	0.667	4.0	0.8	0.0	0.0	0.0	0.923	1.0	0.821	1.0	b3	0	1	0	1.0	0		8263.0	22.11037301058061	10.785738029249233	347.0	0.7778738607159499	6.313738053172539	6.313738053172539	7.370124336860203	27.0849789997446	8.33666702383236	4028.0	0.6501245608694208	7.3925226104348285	14.576235835030243	6.853738444868003	0.6931471805599453	0.0	0.6931471805599453	0.0		9.019664010799474	1	1	0	0	0				name_token_jaccard=+8.61; name_translit_fuzz_ratio=+7.19; address_token_containment=+6.65; address_token_jaccard=+3.47	numbers_differ	cand_adds_token	south		near_duplicate_number_changed	house/unit number differs; name cand_adds_token	False	False	False	True	False
S1-643036107	fit	US	Brogden Mitsubishi of Norwalk	16 Roxbury Road, Norwalk, CT	S2-333655505	S2	Brogden Mitsubishi of Norwalk Metro	0018 ROXBURY ROAD, NORWALK, CT	brogden mitsubishi of norwalk	brogden mitsubishi of norwalk metro	16 roxbury road norwalk ct	0018 roxbury road norwalk ct			16	0018	13.019	0.9999977827155436	1.855	81	0.0	0.0	0.8	4.0	1.0	0.906	0.906	1.0	0.906	6.0	0.0	0.0	0.0	0.667	4.0	0.8	0.0	0.0	0.0	0.926	1.0	0.839	1.0	b3	0	1	0	1.0	0		247.0	39.85136778924335	13.342103643019378	26.0	0.8709160529159569	5.906621922641084	5.906621922641084	9.962841947310835	25.6172832944119	8.938098101626721	2207.0	0.5856756383349666	11.120487612559	18.12242793421284	6.523844723213148	0.6931471805599453	0.0	0.6931471805599453	0.0		5.5134287461649825	1	1	0	0	0				name_token_jaccard=+9.23; name_translit_fuzz_ratio=+7.44; address_token_containment=+6.65; address_token_jaccard=+3.47	numbers_differ	cand_adds_token	metro		near_duplicate_number_changed	house/unit number differs; name cand_adds_token	False	False	False	True	False
S1-358512216	fit	US	Silvana Smith, CPA	1663 24th Street, Fort Dodge, IA	S3-316446553	S3	silvana smith, cpa inc	166 24th Street, Fort Dodge, Iowa	silvana smith cpa	silvana smith cpa inc	1663 24th street fort dodge ia	166 24th street fort dodge iowa			1663	166	12.964	0.9999976574561181	10.01	2204	0.0	1.0	0.75	3.0	1.0	0.895	0.895	1.0	0.895	4.0	0.0	0.0	0.0	0.5	4.0	0.667	0.0	0.0	0.0	0.951	1.0	0.851	3.0	b2,b3,b5	0	1	0	1.0	0		2304.0	24.977143151321705	11.310064340234126	205.0	0.8921092610228444	3.020708953345676	3.020708953345676	8.325714383773901	27.19276767886111	9.231229778846068	1646.0	0.4669068798798514	10.763009778171677	31.04747004446948	7.290688080679097	0.6931471805599453	0.0	0.6931471805599453	0.0		7.742835955430749	1	1	0	0	0				name_token_jaccard=+8.61; name_translit_fuzz_ratio=+7.27; address_token_containment=+5.10; n_channels_hit=+3.82	numbers_differ	core_equal			near_duplicate_number_changed	house/unit number differs; name core_equal	False	False	False	False	False
S1-930134810	fit	India	Afl Relays (India) Limited	Level 5, South Delhi, Delhi, Max House, Okhla Industrial Estate, Okhla Phaseiii, New Delhi	S2-316605793	S2	Afl Relays (India) Exports Limited	LEVEL 8, MAX HOUSE, OKHLA INDUSTRIAL ESTATE, OKHLA PHASEIII, NEW DELHI, Delhi	afl relays india limited	afl relays india exports limited	level 5 south delhi delhi max house okhla industrial estate okhla phaseiii new delhi	level 8 max house okhla industrial estate okhla phaseiii new delhi delhi			5	8	12.952	0.9999976290690122	2.8	913	0.0	0.0	0.8	4.0	1.0	0.857	0.857	1.0	0.857	8.0	0.0	0.0	0.0	0.75	9.0	0.9	0.0	0.0	0.0	0.833	1.0	0.714	2.0	b3,b5	0	1	0	1.0	0		66932.0	34.12322466807627	14.625160135919202	4.0	0.8682634957600034	5.177315818435519	5.177315818435519	8.530806167019067	58.303481701705905	12.867302218366827	28.0	0.8189894018521141	4.43565940275688	12.886061862416838	6.068534923760533	0.6931471805599453	0.0	0.6931471805599453	0.0		11.11144739803952	1	1	0	0	0				name_token_jaccard=+9.23; address_token_containment=+7.81; name_translit_fuzz_ratio=+6.73; address_token_jaccard=+4.00	numbers_differ	cand_adds_token	exports		near_duplicate_number_changed	house/unit number differs; name cand_adds_token	False	False	False	True	False
S1-26082321	fit	India	Vir & Co	13/264/A Poovathum Veetil Peringala, Kizhakkambalam, Kochi, Ernakulam, Kerala	S3-936031482	S3	Vir & Co Infratech	#13/269/A Poovathum Veetil Peringala, Kochi, Ernakulam, KL	vir and co	vir and co infratech	13 264 a poovathum veetil peringala kizhakkambalam kochi ernakulam kerala	13 269 a poovathum veetil peringala kochi ernakulam kl			13	13	12.95	0.9999976231977202	9.419	414	0.0	0.0	0.75	3.0	1.0	0.667	0.667	1.0	0.667	10.0	0.0	0.0	0.0	0.583	7.0	0.778	1.0	1.0	0.0	0.835	1.0	0.556	2.0	b3,b5	0	1	0	1.0	0		32411.0	20.504534645730054	11.264784748777302	143.0	0.7892767154631173	5.474357476659216	5.474357476659216	6.834844881910018	60.831331136538175	15.135985759685193	2.0	0.6107206244369622	11.134731620529104	38.77449303653609	8.573931926205605	0.6931471805599453	0.0	0.6931471805599453	0.0		10.386284003580617	2	1	0	0	0				name_token_jaccard=+8.61; address_token_containment=+6.39; name_translit_fuzz_ratio=+4.01; address_token_jaccard=+2.95	numbers_differ	cand_adds_token	infratech		near_duplicate_number_changed	house/unit number differs; name cand_adds_token	False	False	False	True	False
S1-916911857	fit	India	Tech Amrita Foods Private Limited	G-3, Vardan Apprtment 2, Mishra Nagar Annpurna, Indore, Madhya Pradesh	S2-567777146	S2	Tech Amrita Foods Holdings Private Límited	G-10, VARDAN APPRTMENT 2, MISHRA NAGAR ANNPURNA, INDORE, Madhya Pradesh	tech amrita foods private limited	tech amrita foods holdings private límited	g 3 vardan apprtment 2 mishra nagar annpurna indore madhya pradesh	g 10 vardan apprtment 2 mishra nagar annpurna indore madhya pradesh			3	10	12.846	0.9999973625379448	7.34	581	0.0	0.0	0.571	4.0	0.8	0.853	0.88	0.88	0.88	9.0	0.0	0.0	0.0	0.833	10.0	0.909	1.0	0.0	0.0	0.977	1.0	0.834	2.0	b3,b5	0	1	0	1.0	0		44810.0	25.2552317013213	11.09879961130304	169.0	0.6529241428192903	5.815804922029478	13.424961057780251	5.4984565351073185	68.88076868995385	12.26430613480118	52.0	0.8877736046936242	4.796525448285141	8.707445609034007	6.617426259154792	0.6931471805599453	0.0	0.6931471805599453	0.0		10.710208923978403	1	1	0	0	0				address_token_containment=+7.92; name_translit_fuzz_ratio=+7.06; name_token_jaccard=+6.36; address_token_jaccard=+4.52	numbers_differ	cand_adds_token	holdings límited		near_duplicate_number_changed	house/unit number differs; name cand_adds_token	False	False	False	True	False
S1-674788023	fit	India	Innovative & Sons Private Limited	7/1A Grant Laner.No 320 3Rd Floor, Kolkata, Calcutta, West Bengal	S2-885642687	S2	Innovative & Sons Limited	#7/5A GRANT LANER.NO 320 3RD FLOOR, KOKATA, West Bengal	innovative and sons private limited	innovative and sons limited	7 1a grant laner no 320 3rd floor kolkata calcutta west bengal	7 5a grant laner no 320 3rd floor kokata west bengal			7	7	12.787	0.999997203957539	5.711	1905	0.0	1.0	0.8	4.0	1.0	0.871	0.871	1.0	0.871	8.0	0.0	0.0	0.0	0.643	9.0	0.818	2.0	1.0	0.0	0.895	1.0	0.779	2.0	b2,b5	0	1	1	1.0	0		57887.0	19.40088244524552	7.102976261088525	9242.0	0.8954552409418188	2.2650608182504053	2.2650608182504053	4.333188652699185	53.866411587031585	14.288687899297988	6.0	0.6025782617662592	10.987573976192817	35.526809185885085	5.881535589481632	0.6931471805599453	0.6931471805599453	0.6931471805599453	0.0		10.966265388195021	7	1	0	0	0				name_token_jaccard=+9.23; name_translit_fuzz_ratio=+6.93; address_token_containment=+6.86; address_token_jaccard=+3.32	numbers_differ	core_equal			near_duplicate_number_changed	house/unit number differs; name core_equal	False	False	False	False	False
S1-668095174	tune	US	Genvieve Mcfadden Legacy Wireless LLC	8443 Kean Avenue, Hickory Hills, IL	S2-682078913	S2	Genvieve Mcfadden Legacy Wireless Partners Corporation	8447C KEAN AVENUE, HICKORY HILLS, IL	genvieve mcfadden legacy wireless llc	genvieve mcfadden legacy wireless partners corporation	8443 kean avenue hickory hills il	8447c kean avenue hickory hills il			8443		12.698	0.999996943373431	8.444	640	0.0	0.0	0.571	4.0	0.8	0.769	0.725	0.943	0.769	17.0	0.0	0.0	0.0	0.714	5.0	0.833	0.0	0.0	0.0	0.955	1.0	0.735	2.0	b3,b5	0	1	0	1.0	0			36.5064652143537	11.647507922244971	146.0	0.748931754568154	5.352744092709317	12.238250164157538	7.84678573620579	35.246899269619846	13.305735998848503	27.0	0.5584893964656256	15.944793328463762	27.864234966192377	7.861056817891409	0.6931471805599453	0.0	0.6931471805599453	0.0			1	1	0	0	0				address_token_containment=+7.04; name_token_jaccard=+6.36; name_translit_fuzz_ratio=+5.48; address_token_jaccard=+3.77	numbers_differ	cand_adds_token	partners		near_duplicate_number_changed	house/unit number differs; name cand_adds_token	False	False	False	True	False
S1-148999827	fit	US	Marie-Jeanne Swanson Vii Associates	TX, 3120 Parkway Drive, Nederland	S2-200442204	S2	The Marie-Jeanne Swanson Vii Associates West	3141 Parkway Drive, NEDERLAND, TX	marie jeanne swanson vii associates	the marie jeanne swanson vii associates west	tx 3120 parkway drive nederland	3141 parkway drive nederland tx			3120	3141	12.656	0.9999968116511286	11.425	1736	0.0	0.0	0.714	5.0	1.0	0.886	0.886	1.0	0.886	9.0	0.0	0.0	0.0	0.667	4.0	0.8	0.0	0.0	0.0	0.839	1.0	0.743	2.0	b3,b5	0	1	0	2.0	0		330.0	44.56506035873856	10.81489461354069	337.0	0.796169784742282	6.201327825226822	11.409257196108298	8.913012071747712	24.785541970985683	10.157895947097055	651.0	0.5443385052724353	10.732578660969137	20.747782846043005	6.96014923121191	0.6931471805599453	0.0	1.0986122886681098	0.0		5.802118375377063	1	1	0	0	0				name_token_jaccard=+8.16; name_translit_fuzz_ratio=+7.15; address_token_containment=+6.65; address_token_jaccard=+3.47	numbers_differ	cand_adds_token	west		near_duplicate_number_changed	house/unit number differs; name cand_adds_token	False	False	False	True	False
S1-884007166	fit	US	Loella Sua, M.D., PC	140 Beach Rd, Unit 2317, Ames, IA	S3-368761203	S3	Loella Sua, M.D., PC Ltd	161 Beach Rd, # 2317, Ames, Iowa	loella sua m d pc	loella sua m d pc ltd	140 beach rd unit 2317 ames ia	161 beach rd 2317 ames iowa			140	161	12.537	0.9999964090172173	3.213	892	0.0	1.0	0.833	5.0	1.0	0.895	0.895	1.0	0.895	4.0	0.0	0.0	0.0	0.444	4.0	0.667	1.0	0.0	0.0	0.807	1.0	0.722	3.0	b2,b3,b5	0	1	0	1.0	0		3157.0	41.936232957320804	13.747568751127544	17.0	0.9021338155818471	4.549368439045528	4.549368439045528	8.38724659146416	28.154563577836576	10.064260342063061	715.0	0.46444983531022527	8.414581609544449	32.46460653992432	6.633428093787207	0.6931471805599453	0.0	0.6931471805599453	0.0		8.057694194815587	1	1	0	0	0				name_token_jaccard=+9.65; name_translit_fuzz_ratio=+7.27; address_token_containment=+5.10; n_channels_hit=+3.82	numbers_differ	core_equal			near_duplicate_number_changed	house/unit number differs; name core_equal	False	False	False	False	False
S1-526847302	fit	US	Federal Valley Rising	1639 French Road, Bennington, NY	S2-981349254	S2	Federal Valley Rising LLC	1650 FRENCH ROAD, BENNINGTON, NY	federal valley rising	federal valley rising llc	1639 french road bennington ny	1650 french road bennington ny			1639	1650	12.471	0.999996164711244	9.058	3192	0.0	1.0	0.75	3.0	1.0	0.913	0.913	1.0	0.913	4.0	0.0	0.0	0.0	0.667	4.0	0.8	0.0	0.0	0.0	0.933	1.0	0.852	2.0	b2,b5	0	1	0	1.0	0		683.0	21.470063740678324	9.2496126494466	1616.0	0.8872833805164033	2.7274634666752497	2.7274634666752497	7.156687913559442	26.619426142230786	9.474768118177066	1290.0	0.5683704597685003	10.370739960482345	20.215214336926042	7.398033220542627	0.6931471805599453	0.0	0.6931471805599453	0.0		6.52795791762255	1	1	0	0	0				name_token_jaccard=+8.61; name_translit_fuzz_ratio=+7.53; address_token_containment=+6.65; address_token_jaccard=+3.47	numbers_differ	core_equal			near_duplicate_number_changed	house/unit number differs; name core_equal	False	False	False	False	False
S1-755167722	fit	India	Bangalore-560 005. Tradecomm Ltd	60, Ii Cross, Wheeler Road, Bangalore-560 005., Bangalore, Karnataka	S3-563023027	S3	Bangalore-560 005. Tradecomm Industries	Door No 131 63, Ii Cross, Wheeler Road, Bangalore-560 005., Bangalore, KA	bangalore 560 005 tradecomm ltd	bangalore 560 005 tradecomm industries	60 ii cross wheeler road bangalore 560 005 bangalore karnataka	door no 131 63 ii cross wheeler road bangalore 560 005 bangalore ka			60	131	12.288	0.999995391248078	7.233	4084	0.0	0.0	0.667	4.0	0.8	0.841	0.841	0.931	0.841	7.0	0.0	0.0	0.0	0.5	7.0	0.778	2.0	0.0	0.0	0.837	1.0	0.704	2.0	b3,b5	0	1	0	1.0	0		3053.0	44.08195754456672	13.932012955359257	9.0	0.8500281093404256	4.925148320409537	7.777453997449058	9.386852644321248	45.27613993442978	11.230651742407844	148.0	0.5615554642328777	7.6619701500489645	35.35016114925749	6.251328765183809	0.6931471805599453	0.0	0.6931471805599453	0.0		8.024207485778577	1	1	0	0	0				name_token_jaccard=+7.56; name_translit_fuzz_ratio=+6.50; address_token_containment=+6.39; name_fuzz_token_set_ratio=+2.52	numbers_differ	cand_adds_token	industries		near_duplicate_number_changed	house/unit number differs; name cand_adds_token	False	False	False	True	False
S1-8864352	fit	India	East Projects Private Limited	Fk-11&12, Somdutt Chamber-1, 5 Bhikaji Cama Place, New Delhi, Delhi	S3-846080300	S3	East Projects Public Limited	Fk-11.&21, Somdutt Chamber-1, 5 Bhikaji Cama Place, New Delhi, दिल्ली	east projects private limited	east projects public limited	fk 11 and 12 somdutt chamber 1 5 bhikaji cama place new delhi delhi	fk 11 and 21 somdutt chamber 1 5 bhikaji cama place new delhi दिल्ली			11	11	12.235	0.9999951405763904	10.308	2122	0.0	0.0	0.6	3.0	0.75	0.842	0.737	0.857	0.842	1.0	0.0	0.0	0.0	0.8	12.0	0.923	3.0	1.0	0.0	0.904	1.0	0.761	1.0	b5	0	7	12	1.0	0		39974.0	15.246756751102627	6.801034128262739	12500.0	0.6750886316837846	5.073004682911311	7.338065501161716	4.377954392338259	77.39427946178594	13.344226290457138	17.0	0.8384145494959188	5.56979078015418	14.915997725457306	6.331578483647794	2.0794415416798357	2.5649493574615367	0.6931471805599453	0.0		10.596009537702155	36	1	0	0	0				address_token_containment=+8.08; name_token_jaccard=+6.72; name_translit_fuzz_ratio=+6.52; address_token_jaccard=+4.31	numbers_differ	core_equal			near_duplicate_number_changed	house/unit number differs; name core_equal	True	False	False	False	False
S1-67935004	fit	India	Centrum India Private Limited	Flat No 504, Pno 4, 5, 6, Gothic Pangea, Hyd, Hyderabad, Telangana	S2-26371495	S2	Centrum India Infratech Private Limited	DOOR NO 511 , PNO 4, 5, 6, GOTHIC PANGEA, HYD, Andhra Pradesh	centrum india private limited	centrum india infratech private limited	flat no 504 pno 4 5 6 gothic pangea hyd hyderabad telangana	door no 511 pno 4 5 6 gothic pangea hyd andhra pradesh			504	511	12.195	0.9999949434692552	11.117	53	0.0	0.0	0.8	4.0	1.0	0.853	0.853	1.0	0.853	10.0	0.0	0.0	0.0	0.5	8.0	0.667	3.0	0.0	0.0	0.708	1.0	0.604	2.0	b3,b5	0	1	0	1.0	0		1758.0	21.56245465494532	13.143555594994986	21.0	0.7975220802655208	5.474357476659216	5.474357476659216	5.39061366373633	57.14251969469378	13.344226290457138	17.0	0.5783066631830855	8.349268809080112	41.667546542781146	6.488248772798499	0.6931471805599453	0.0	0.6931471805599453	0.0		7.472500744737558	1	1	0	0	0				name_token_jaccard=+9.23; name_translit_fuzz_ratio=+6.67; address_token_containment=+5.10; address_numeric_token_overlap=+3.19	numbers_differ	cand_adds_token	infratech		near_duplicate_number_changed	house/unit number differs; name cand_adds_token	False	False	False	True	False
S1-512742660	fit	US	Family Health	2771 1200th Street, Paris, IL	S2-487966918	S2	Co Family Health	2775 1200TH STREET, PARIS, IL	family health	co family health	2771 1200th street paris il	2775 1200th street paris il			2771	2775	12.171	0.9999948233770034	4.324	708	0.0	1.0	0.667	2.0	1.0	0.897	0.897	1.0	0.897	3.0	0.0	0.0	0.0	0.667	4.0	0.8	0.0	0.0	0.0	0.963	1.0	0.863	2.0	b2,b5	0	2	213	1.0	0		256.0	10.964769440843789	5.834088375163684	49209.0	0.7115518315221699	4.444887249080923	4.444887249080923	5.482384720421894	29.215564848697444	13.111579984407546	33.0	0.5673648166285281	11.417584683945384	22.277872869746435	8.126629906528567	1.0986122886681098	5.365976015021851	0.6931471805599453	0.0		5.54907608489522	76	1	0	0	0				name_token_jaccard=+7.56; name_translit_fuzz_ratio=+7.30; address_token_containment=+6.65; address_token_jaccard=+3.47	numbers_differ	core_equal			near_duplicate_number_changed	house/unit number differs; name core_equal	True	False	False	False	False
S1-390152150	fit	US	Jones & Thompson Inc	1400 Dunnam Street, Hobbs, NM	S3-987683434	S3	Wextavo a/k/a 3543 Seventh Blvd Apartments Inc	1400 Dunnam Street, Hobbs, NM	jones and thompson inc	wextavo a k a 3543 seventh blvd apartments inc	1400 dunnam street hobbs nm	1400 dunnam street hobbs nm			1400	1400	12.155	0.9999947395850839	3.535	1876	0.0	0.0	0.091	1.0	0.25	0.382	0.353	0.364	0.382	24.0	1.0	0.0	0.0	1.0	5.0	1.0	1.0	1.0	0.0	1.0	1.0	0.382	1.0	b5	0	1	0	1.0	1		1946.0	3.020708953345676	3.020708953345676	820140.0	0.035757828605305374	13.747568751127544	81.456147476843	5.2495802313064175	40.51309269051997	12.766739498115816	47.0	1.0	0.0	0.0	8.102618538103993	0.6931471805599453	0.0	0.6931471805599453	0.6931471805599453		7.5740450053721995	1	1	1	0	0	S1-226352573	3543 Seventh Blvd Apartments Inc	1400 Dunnam Street, Hobbs, NM	address_token_containment=+8.98; address_token_jaccard=+5.58; address_fuzz_ratio=+3.14; address_exact=+2.35	numbers_equal	token_substituted	3543 apartments blvd k seventh wextavo	jones thompson	shared_address	unrelated business name at the same address	False	False	False	True	True
S1-456329753	fit	India	Shree Foodworks Limited	C/O - Rina Kumari, Ward No. - 07, Near Kumar Hardware, Gyan Babu Chowk, Motihari, East Champaran, Bihar	S2-89790821	S2	Shree Foodworks Group Limited	33 C/O - RINA KUMARI, WARD NO. - 07, NEAR KUMAR HARDWARE, GYAN BABU CHOWK, MOTIHARI, Bihar	shree foodworks limited	shree foodworks group limited	c o rina kumari ward no 07 near kumar hardware gyan babu chowk motihari east champaran bihar	33 c o rina kumari ward no 07 near kumar hardware gyan babu chowk motihari bihar			07	33	12.118	0.9999945380337267	4.563	3117	0.0	0.0	0.75	3.0	1.0	0.885	0.885	1.0	0.885	6.0	0.0	0.0	0.0	0.833	15.0	0.938	1.0	0.0	0.0	0.895	1.0	0.792	2.0	b3,b5	0	1	0	1.0	0		15612.0	18.92592316057447	10.610580542165964	276.0	0.7896245530542354	5.042332496332061	5.042332496332061	6.308641053524823	100.26052090435347	11.639478198218713	98.0	0.8437681995978175	8.192863336865763	18.564200093833808	6.635007147809313	0.6931471805599453	0.0	0.6931471805599453	0.0		9.65585917954152	1	1	0	0	0				name_token_jaccard=+8.61; address_token_containment=+8.25; name_translit_fuzz_ratio=+7.13; address_token_jaccard=+4.52	numbers_cand_superset	cand_adds_token	group		near_duplicate_name_token_numbers_not_contradicted	no house number contradicted; name cand_adds_token (+group)	False	False	False	True	False
S1-66271609	fit	US	Pinnacle Modern Paceline Inc	4001 Guilford Drive, Springfield, IL	S2-953018711	S2	Pinnacle Modern Paceline East [Inc]	4004 GUILFORD DRIVE, SPRINGFIELD, IL	pinnacle modern paceline inc	pinnacle modern paceline east inc	4001 guilford drive springfield il	4004 guilford drive springfield il			4001	4004	12.062	0.9999942243152015	8.457	2297	0.0	0.0	0.8	4.0	1.0	0.918	0.918	1.0	0.918	5.0	0.0	0.0	0.0	0.667	4.0	0.8	0.0	0.0	0.0	0.971	1.0	0.891	1.0	b5	0	1	0	1.0	0		441.0	25.212612679284106	9.08780516653528	1900.0	0.8004699109063532	6.284652034559364	6.284652034559364	6.303153169821027	23.870561394607247	9.317413546750968	1510.0	0.5391719116916261	10.437431334981017	20.402073876237072	6.767040787172661	0.6931471805599453	0.0	0.6931471805599453	0.0		6.091309882077698	1	1	0	0	0				name_token_jaccard=+9.23; name_translit_fuzz_ratio=+7.61; address_token_containment=+6.65; address_token_jaccard=+3.47	numbers_differ	cand_adds_token	east		near_duplicate_number_changed	house/unit number differs; name cand_adds_token	False	False	False	True	False
S1-838524697	fit	India	Gravity & Sons LLP	10/634, Bhagat Mandi, Karnal, Haryana	S2-137417260	S2	Gravity & Sons Holdings L.L.P.	10/637, BHAGAT MANDI, KARNAL, Haryana	gravity and sons llp	gravity and sons holdings l l p	10 634 bhagat mandi karnal haryana	10 637 bhagat mandi karnal haryana			10	10	11.991	0.9999938018725842	8.874	1324	0.0	0.0	0.429	3.0	0.75	0.784	0.784	0.889	0.784	11.0	0.0	0.0	0.0	0.714	5.0	0.833	1.0	1.0	0.0	0.971	1.0	0.761	1.0	b3	0	1	0	1.0	0		44810.0	20.660663655125756	10.599808445184053	279.0	0.48500592738813214	6.103417309804393	21.938122232684222	6.262993874056408	32.81847250278098	8.29650932145635	2801.0	0.6369860245015568	9.421153448842407	18.70302285257084	7.016723651084901	0.6931471805599453	0.0	0.6931471805599453	0.0		10.710208923978403	1	1	0	0	0				address_token_containment=+7.04; name_translit_fuzz_ratio=+5.69; name_token_jaccard=+4.57; address_token_jaccard=+3.77	numbers_differ	cand_adds_token	holdings		near_duplicate_number_changed	house/unit number differs; name cand_adds_token	False	False	False	True	False
S1-891317422	fit	India	Star Consultants Pvt Ltd	Sn. 51/1, 51/3, P-34, 2 Flr, Frontside, Bhagu Nagar Soc, Surat City, Surat, Gujarat	S2-717036926	S2	મા હેલ્થકેર પ્રાઇવેટ લિમિટેડ	SN. 51/1, 51/3, P-34, 2 FLR, FRONTSIDE, BHAGU NAGAR SOC, SURAT CITY, SURAT, Gujarat	star consultants pvt ltd	મા હેલ્થકેર પ્રાઇવેટ લિમિટેડ	sn 51 1 51 3 p 34 2 flr frontside bhagu nagar soc surat city surat gujarat	sn 51 1 51 3 p 34 2 flr frontside bhagu nagar soc surat city surat gujarat			51	51	11.99	0.9999937916575384	10.129	147	0.0	0.0	0.0	0.0	0.0	0.115	0.115	0.115	0.429	4.0	1.0	0.0	0.0	1.0	15.0	1.0	5.0	1.0	0.0	1.0	1.0	0.115	1.0	b5	0	11	3	2.0	2		11151.0	0.0	0.0		0.0	9.956076624187459	49.96759947040066	4.73427886275824	89.1131705939654	12.26430613480118	52.0	1.0	0.0	0.0	5.940878039597695	2.4849066497880004	1.3862943611198906	1.0986122886681098	1.0986122886681098		9.319374133000306	7	1	1	0	0	S1-539178382	Maa Healthcare Private Limited	Sn. 51/1, 51/3, P-34, 2 Flr, Frontside, Bhagu Nagar Soc, Surat City, Surat, Gujarat	address_token_containment=+8.98; address_token_jaccard=+5.58; address_numeric_token_overlap=+5.54; address_fuzz_ratio=+3.14	numbers_equal	token_substituted	પ્રાઇવેટ મા લિમિટેડ હેલ્થકેર	consultants star	shared_address	unrelated business name at the same address	True	False	True	True	True
S1-647609105	fit	US	Quantay Mountain Inc	833 Kenyon Spring Drive, Zebulon, NC	S2-936465953	S2	Quantay Mountain Lakeside Inc	834 KENYON SPRING DR, ZEBULON, NC	quantay mountain inc	quantay mountain lakeside inc	833 kenyon spring drive zebulon nc	834 kenyon spring dr zebulon nc			833	834	11.971	0.9999936737308404	7.817	3247	0.0	0.0	0.75	3.0	1.0	0.816	0.816	1.0	0.816	9.0	0.0	0.0	0.0	0.5	4.0	0.667	0.0	0.0	0.0	0.923	1.0	0.754	2.0	b3,b5	0	1	0	1.0	0		975.0	20.793302890624418	11.401498546193759	187.0	0.7537376867088966	6.793619267156796	6.793619267156796	6.931100963541472	30.280425454032887	10.315375269096423	556.0	0.5368210810232916	9.627628641716479	26.126497680044032	7.224976393176841	0.6931471805599453	0.0	0.6931471805599453	0.0		6.883462586413092	1	1	0	0	0				name_token_jaccard=+8.61; name_translit_fuzz_ratio=+6.15; address_token_containment=+5.10; name_fuzz_token_set_ratio=+2.83	numbers_differ	cand_adds_token	lakeside		near_duplicate_number_changed	house/unit number differs; name cand_adds_token	False	False	False	True	False
S1-199614968	tune	India	Himadri Trading Private Limited	Gokul Buildings K K Roadmuttambalam.P O, Kottayam, Kerala	S2-299278438	S2	HIMADRI TRADENG HOLDINGS  PRIVATE LIMITED	#74 GOKUL BUILDINGS K K ROADMUTTAMBALAM.P O, KOTTAYAM, Keralam	himadri trading private limited	himadri tradeng holdings private limited	gokul buildings k k roadmuttambalam p o kottayam kerala	74 gokul buildings k k roadmuttambalam p o kottayam keralam				74	11.959	0.9999935981564867	6.401	1942	0.0	0.0	0.5	3.0	0.75	0.873	0.845	0.852	0.873	9.0	0.0	0.0	0.0	0.7	7.0	0.875	0.0	0.0	0.0	0.965	1.0	0.843	2.0	b3,b5	0	1	1	1.0	0		7647.0	16.676266830272578	12.174155037806882	57.0	0.4024451957495451	14.288687899297988	24.76109409837115	5.444141966952564	52.63351782664752	15.541450867793356	1.0	0.744903467963938	6.787526851554394	18.02465479605746	7.2500267894261015	0.6931471805599453	0.6931471805599453	0.6931471805599453	0.0		8.942199454731238	2	1	0	0	0				address_token_containment=+7.52; name_translit_fuzz_ratio=+6.96; name_token_jaccard=+5.46; address_token_jaccard=+3.68	number_added_by_cand	token_substituted	holdings tradeng	trading	near_duplicate_number_changed	house/unit number differs; name token_substituted	False	False	False	True	False
S1-214939572	fit	India	Caravan Tycoon Private Limited	Iifl House, Sun Infotech Park, Rd No 16V Plot No. B23, Thane Industrial Area, Thane, Maharashtra	S3-967721418	S3	Caravan Tycoon Ventures Private Limited	No #79 Iifl House, Sun Infotech Park, Rd No 16V Plot No. B23, Thane Industrial Area, Thane, MH	caravan tycoon private limited	caravan tycoon ventures private limited	iifl house sun infotech park rd no 16v plot no b23 thane industrial area thane maharashtra	no 79 iifl house sun infotech park rd no 16v plot no b23 thane industrial area thane mh				79	11.907	0.999993253954179	4.496	1137	0.0	0.0	0.8	4.0	1.0	0.87	0.87	1.0	0.87	9.0	0.0	0.0	0.0	0.812	13.0	0.929	0.0	0.0	0.0	0.915	1.0	0.796	2.0	b3,b5	0	1	0	1.0	0		6629.0	27.439899025726703	11.507210229640961	112.0	0.8450286084811638	5.032254875721187	5.032254875721187	6.859974756431676	89.56734300581688	12.902393538178098	27.0	0.8651910472315973	6.908254000620813	13.955853740625157	6.646886542657135	0.6931471805599453	0.0	0.6931471805599453	0.0		8.799360083179907	1	1	0	0	0				name_token_jaccard=+9.23; address_token_containment=+8.15; name_translit_fuzz_ratio=+6.91; address_token_jaccard=+4.39	numbers_cand_superset	cand_adds_token	ventures		near_duplicate_name_token_numbers_not_contradicted	no house number contradicted; name cand_adds_token (+ventures)	False	False	False	True	False
S1-260553079	fit	US	Carlson Colonial Studios	6125 84th Place, Marysville, WA	S2-924731435	S2	carlson colonial studios central	#6132 84TH PLACE, MARYSVILLE, WA	carlson colonial studios	carlson colonial studios central	6125 84th place marysville wa	6132 84th place marysville wa			6125	6132	11.901	0.9999932181507848	3.487	1170	0.0	0.0	0.75	3.0	1.0	0.857	0.857	1.0	0.857	8.0	0.0	0.0	0.0	0.667	4.0	0.8	0.0	0.0	0.0	0.966	1.0	0.828	1.0	b5	0	1	0	1.0	0		145.0	23.06986406134181	9.508642960094335	1247.0	0.7775197239421276	6.601234112701357	6.601234112701357	7.689954687113937	29.14778338798251	9.90334884905076	840.0	0.5665770989321913	11.46179077644988	22.297612910096525	7.996721104325831	0.6931471805599453	0.0	0.6931471805599453	0.0		4.983606621708336	1	1	0	0	0				name_token_jaccard=+8.61; name_translit_fuzz_ratio=+6.73; address_token_containment=+6.65; address_token_jaccard=+3.47	numbers_differ	cand_adds_token	central		near_duplicate_number_changed	house/unit number differs; name cand_adds_token	False	False	False	True	False
S1-43041607	fit	US	Garcia Managers of Sevierville Inc	785 Red Bud Lane, Sevierville, TN	S2-361928780	S2	Garcia Managers of Sevierville Corp	789 RED BUD LN, SEVIERVILLE, TN	garcia managers of sevierville inc	garcia managers of sevierville corp	785 red bud lane sevierville tn	789 red bud ln sevierville tn			785	789	11.879	0.9999930646752391	10.668	1741	0.0	1.0	0.667	4.0	0.8	0.928	0.87	0.938	0.928	1.0	0.0	0.0	0.0	0.5	4.0	0.667	0.0	0.0	0.0	0.933	1.0	0.866	3.0	b2,b3,b5	0	1	0	1.0	0		476.0	32.54398419186824	11.513976529620448	167.0	0.8175725471255247	4.240929372675803	7.261638326021479	7.112938629042783	30.30979358874157	9.864860133368172	873.0	0.5097263095222974	10.329842067514177	29.15308486684991	7.474393917886182	0.6931471805599453	0.0	0.6931471805599453	0.0		6.1675164908883415	1	1	0	0	0				name_translit_fuzz_ratio=+7.74; name_token_jaccard=+7.56; address_token_containment=+5.10; n_channels_hit=+3.82	numbers_differ	core_equal			near_duplicate_number_changed	house/unit number differs; name core_equal	False	False	False	False	False
S1-368992698	tune	US	Linn Dte Inc	6801 Northlake Mall Drive, Unit 198A, Charlotte, NC	S2-249377797	S2	Linn Dte Corp	6804 NORTHLAKE MALL DRIVE, CHARLOTTE, NC	linn dte inc	linn dte corp	6801 northlake mall drive unit 198a charlotte nc	6804 northlake mall drive charlotte nc			6801	6804	11.851	0.9999928672994203	8.565	2405	0.0	1.0	0.5	2.0	0.667	0.8	0.64	0.8	0.8	1.0	0.0	0.0	0.0	0.556	5.0	0.833	0.0	0.0	0.0	0.86	1.0	0.688	3.0	b2,b3,b5	0	1	2	1.0	0		201.0	20.0429713941598	10.791501733965983	345.0	0.7340508287633835	4.240929372675803	7.261638326021479	7.687893449168492	34.37151335377423	10.885367870198074	314.0	0.457035844858118	14.440715931687489	40.83377686683092	7.995689051637401	0.6931471805599453	1.0986122886681098	0.6931471805599453	0.0		5.308267697401205	2	1	0	0	0				address_token_containment=+7.04; name_translit_fuzz_ratio=+5.92; name_token_jaccard=+5.46; n_channels_hit=+3.82	numbers_differ	core_equal			near_duplicate_number_changed	house/unit number differs; name core_equal	False	False	False	False	False
S1-368491959	fit	India	Prosperity Makers Private Limited	26-5/1A, Andhra Pradesh, Visakhapatnam, Mallayyapalem, Madhurawada, Visakhapatnam (Rural), Vishakhapatnam	S2-449941311	S2	M/s Prosperity Makers Ventures Private  Ltd	26-5/5A, MALLAYYAPALEM, MADHURAWADA, VISAKHAPATNAM (RURAL), VISAKHAPATNAM, Andhra Pradesh	prosperity makers private limited	m s prosperity makers ventures private ltd	26 5 1a andhra pradesh visakhapatnam mallayyapalem madhurawada visakhapatnam rural vishakhapatnam	26 5 5a mallayyapalem madhurawada visakhapatnam rural visakhapatnam andhra pradesh			26	26	11.825	0.9999926824291993	11.473	856	0.0	0.0	0.375	3.0	0.75	0.773	0.773	0.862	0.773	9.0	0.0	0.0	0.0	0.727	8.0	0.889	2.0	1.0	0.0	0.737	1.0	0.57	2.0	b3,b5	0	1	0	1.0	0		18211.0	23.887330498627716	11.10469933343023	168.0	0.535344555699706	5.310099453172616	20.73314848879096	6.531095368210751	58.530907118931964	15.541450867793356	1.0	0.7316002988086302	7.827219722944271	21.473033850264255	7.217672124625193	0.6931471805599453	0.0	0.6931471805599453	0.0		9.809835996454673	1	1	0	0	0				address_token_containment=+7.69; name_translit_fuzz_ratio=+5.53; name_token_jaccard=+3.89; address_token_jaccard=+3.85	numbers_differ	cand_adds_token	ventures		near_duplicate_number_changed	house/unit number differs; name cand_adds_token	False	False	False	True	False
S1-480863797	tune	US	Cone Paper	265 Mule Deer Drive, Incorporated, ID	S2-183368491	S2	Cone Paper Corp	86 Mule Deer Dr, INCORPORATED, ID	cone paper	cone paper corp	265 mule deer drive incorporated id	86 mule deer dr incorporated id			265	86	11.825	0.9999926803420083	11.14	360	0.0	1.0	0.667	2.0	1.0	0.8	0.8	1.0	0.8	5.0	0.0	0.0	0.0	0.5	4.0	0.667	0.0	0.0	0.0	0.909	1.0	0.727	3.0	b2,b3,b5	0	1	0	1.0	0		3315.0	21.0315111625849	11.725285623287656	135.0	0.8321915381793556	4.240929372675803	4.240929372675803	10.51575558129245	35.17871568024136	11.208594880069267	227.0	0.5918342308188517	8.904256938247807	24.261434700328373	7.948707905114802	0.6931471805599453	0.0	0.6931471805599453	0.0		8.106514516255185	1	1	0	0	0				name_token_jaccard=+7.56; name_translit_fuzz_ratio=+5.92; address_token_containment=+5.10; n_channels_hit=+3.82	numbers_differ	core_equal			near_duplicate_number_changed	house/unit number differs; name core_equal	False	False	False	False	False
S1-861881372	fit	US	Jackson Custom Apollo Inc.	1221 Watson Road, Arlington, TX	S2-406118948	S2	Jackson Custom Apollo Inc	1230 WATSON ROAD, ARLINGTON, TX	jackson custom apollo inc	jackson custom apollo inc	1221 watson road arlington tx	1230 watson road arlington tx			1221	1230	11.814	0.9999925974909623	5.528	3184	1.0	1.0	1.0	4.0	1.0	1.0	1.0	1.0	1.0	0.0	0.0	0.0	0.0	0.667	4.0	0.8	0.0	0.0	0.0	0.931	1.0	0.931	3.0	b1,b2,b5	0	6	6	1.0	0		1142.0	26.14978587955953	9.147969610188907	1789.0	1.0	0.0	0.0	6.537446469889883	23.610627577324475	9.28166063247296	1565.0	0.55741920646391	9.494322906319587	18.746412337218086	6.572543401644596	1.9459101490553132	1.9459101490553132	0.6931471805599453	0.0		7.04141166379481	4	1	0	0	0				name_token_jaccard=+11.75; name_translit_fuzz_ratio=+8.78; address_token_containment=+6.65; n_channels_hit=+3.82	numbers_differ	core_equal			near_duplicate_number_changed	house/unit number differs; name core_equal	True	False	False	False	False
S1-694152905	fit	US	Bernetta Hernandez Midland LLC	506 Little Brook Way, Columbus, OH	S2-585215977	S2	Bernetta Hernandez Midland Greater Llc	COLUMBUS, 509. LITTLE BROOK WAY, OH	bernetta hernandez midland llc	bernetta hernandez midland greater llc	506 little brook way columbus oh	columbus 509 little brook way oh			506	509	11.81	0.9999925697992014	10.066	116	0.0	0.0	0.8	4.0	1.0	0.882	0.882	1.0	0.882	8.0	0.0	0.0	0.0	0.714	5.0	0.833	0.0	0.0	0.0	0.688	1.0	0.607	1.0	b3	0	1	0	1.0	0		3261.0	30.974777782142116	11.87576657422595	116.0	0.8200295848608787	6.797978657367458	6.797978657367458	7.74369444553553	29.30885410080522	7.204216614528708	12502.0	0.6334875497585541	8.518541919411415	16.957018230822964	6.30456600336944	0.6931471805599453	0.0	0.6931471805599453	0.0		8.09009578318096	1	1	0	0	0				name_token_jaccard=+9.23; name_translit_fuzz_ratio=+7.09; address_token_containment=+7.04; address_token_jaccard=+3.77	numbers_differ	cand_adds_token	greater		near_duplicate_number_changed	house/unit number differs; name cand_adds_token	False	False	False	True	False
S1-756738593	fit	India	Om Green Infotech Private Limited	S.R No. 110 Sokhda Road National Highway No. 8A, Vall. Bahadurga, Dh, Morbi, Rajkot, Gujarat	S2-840391586	S2	Om Green Infotech Limited	S.R NO. 110  SOKHDA ROAD NATIONAL HIGHWAY NO. 9A, VALL. BAHADURGA, DH, MORBI, Gujarat	om green infotech private limited	om green infotech limited	s r no 110 sokhda road national highway no 8a vall bahadurga dh morbi rajkot gujarat	s r no 110 sokhda road national highway no 9a vall bahadurga dh morbi gujarat			110	110	11.809	0.9999925648095818	-3.151	266	0.0	1.0	0.8	4.0	1.0	0.862	0.862	1.0	0.862	8.0	0.0	0.0	0.0	0.812	13.0	0.929	1.0	1.0	0.0	0.944	1.0	0.814	2.0	b2,b5	0	1	0	1.0	0		5514.0	22.085082499631604	6.855105793631807	11842.0	0.9069795693322671	2.2650608182504053	2.2650608182504053	4.870028663576401	100.48077021126495	15.541450867793356	1.0	0.8163706979705178	8.265586267246825	22.60151392884232	7.654446524857363	0.6931471805599453	0.0	0.6931471805599453	0.0		8.615226931687603	1	1	0	0	0				name_token_jaccard=+9.23; address_token_containment=+8.15; name_translit_fuzz_ratio=+6.80; address_token_jaccard=+4.39	numbers_differ	core_equal			near_duplicate_number_changed	house/unit number differs; name core_equal	False	False	False	False	False
S1-567699129	fit	US	Wood Jena Partners	1141 54 Street, Brooklyn, NY	S2-632636582	S2	Wood Jena Partners Ltd	1146. 54 STREET, BROOKLYN, NY	wood jena partners	wood jena partners ltd	1141 54 street brooklyn ny	1146 54 street brooklyn ny			1141	1146	11.775	0.9999923086242372	3.82	843	0.0	1.0	0.75	3.0	1.0	0.9	0.9	1.0	0.9	4.0	0.0	0.0	0.0	0.667	4.0	0.8	1.0	0.0	0.0	0.962	1.0	0.865	1.0	b2	0	1	0	1.0	0		595.0	21.896228779483096	9.126415860632841	1828.0	0.8279725580990814	4.549368439045528	4.549368439045528	7.2987429264943655	22.060885761848446	7.8348167781944955	6654.0	0.5238607783288437	10.150256490539098	20.05123004156095	6.39237186257406	0.6931471805599453	0.0	0.6931471805599453	0.0		6.39024066706535	1	1	0	0	0				name_token_jaccard=+8.61; name_translit_fuzz_ratio=+7.35; address_token_containment=+6.65; address_token_jaccard=+3.47	numbers_differ	core_equal			near_duplicate_number_changed	house/unit number differs; name core_equal	False	False	False	False	False
S1-542690842	fit	US	Environmental Project II Inc	5457 Hilltop Road, Prineville, OR	S2-397154721	S2	Environmental Project IIB Inc	545 HILLTOP ROAD, PRINEVILLE, OR	environmental project ii inc	environmental project iib inc	5457 hilltop road prineville or	545 hilltop road prineville or			5457	545	11.758	0.999992176233489	11.387	942	0.0	0.0	0.6	3.0	0.75	0.982	0.982	0.982	0.982	1.0	0.0	0.0	0.0	0.667	4.0	0.8	0.0	0.0	0.0	0.984	1.0	0.966	1.0	b5	0	1	0	1.0	0		1405.0	17.0920149073827	7.189686206829865	12685.0	0.4238144591747735	15.251646147903816	23.236988828505083	6.269339396995992	27.789805000878996	9.977365359184022	780.0	0.5706969307079153	11.61405998817743	20.904700796457973	7.880772997811285	0.6931471805599453	0.0	0.6931471805599453	0.0		7.2485040723706105	1	1	0	0	0				name_translit_fuzz_ratio=+8.53; name_token_jaccard=+6.72; address_token_containment=+6.65; address_token_jaccard=+3.47	numbers_differ	token_substituted	iib	ii	near_duplicate_number_changed	house/unit number differs; name token_substituted	False	False	False	True	False
S1-27870244	fit	US	Cantrell, Mason and Holloway LP	532 Asbury Road, Rio Rancho, NM	S2-997371022	S2	Cantrell, Mason and Holloway Inc.	533 ASBURY RD, RIO RANCHO, NM	cantrell mason and holloway lp	cantrell mason and holloway inc	532 asbury road rio rancho nm	533 asbury rd rio rancho nm			532	533	11.752	0.9999921250350251	3.368	3078	0.0	1.0	0.667	4.0	0.8	0.918	0.918	0.947	0.918	1.0	0.0	0.0	0.0	0.5	4.0	0.667	0.0	0.0	0.0	0.929	1.0	0.852	3.0	b2,b3,b5	0	3	0	1.0	0		1543.0	33.11019704140191	10.61691715967418	411.0	0.8012401644649523	5.192780098188176	8.213489051533852	7.660595427918016	30.65042933264731	9.82120462842874	912.0	0.5491432865857455	9.1901892289758	25.16456482527803	7.215179873939916	1.3862943611198906	0.0	0.6931471805599453	0.0		7.342131730584722	1	1	0	0	0				name_translit_fuzz_ratio=+7.61; name_token_jaccard=+7.56; address_token_containment=+5.10; n_channels_hit=+3.82	numbers_differ	core_equal			near_duplicate_number_changed	house/unit number differs; name core_equal	False	False	False	False	False
S1-666221659	fit	India	Aurinko India Private Limited	Plot No. 14, Haribhakti Industrial Estate Dabhoi Road, Pratap Nagar, Vadodara, Gujarat	S2-308268060	S2	AURINKO INDIA HOLDINGS PRIVATE LIMITED	DOOR NO 18 , HARIBHAKTI INDUSTRIAL ESTATE DABHOI ROAD, PRATAP NAGAR, Gujarat	aurinko india private limited	aurinko india holdings private limited	plot no 14 haribhakti industrial estate dabhoi road pratap nagar vadodara gujarat	door no 18 haribhakti industrial estate dabhoi road pratap nagar gujarat			14	18	11.737	0.9999920096464834	6.642	340	0.0	0.0	0.8	4.0	1.0	0.866	0.866	1.0	0.866	9.0	0.0	0.0	0.0	0.643	9.0	0.818	0.0	0.0	0.0	0.889	1.0	0.769	2.0	b3,b5	0	1	0	1.0	0		26357.0	21.880908386063854	13.46200932611352	15.0	0.8028803254307009	5.372105161535482	5.372105161535482	5.470227096515964	52.348007054138726	11.680721156752762	94.0	0.6850675774471264	6.169629604895071	24.06490282142599	5.591494089850677	0.6931471805599453	0.0	0.6931471805599453	0.0		10.179527113203834	1	1	0	0	0				name_token_jaccard=+9.23; address_token_containment=+6.86; name_translit_fuzz_ratio=+6.86; address_token_jaccard=+3.32	numbers_differ	cand_adds_token	holdings		near_duplicate_number_changed	house/unit number differs; name cand_adds_token	False	False	False	True	False
S1-857839601	fit	US	Rocky Fellowship	14722 Caprio Avenue, Spokane Valley, WA	S2-123540171	S2	ROCKY FELLOWSHIP (CORP.) (CORP.)	14724 CAPRIO AVENUE, SPOKANE VALLEY, WA	rocky fellowship	rocky fellowship corp corp	14722 caprio avenue spokane valley wa	14724 caprio avenue spokane valley wa	14722	14724	14722	14724	11.73	0.9999919504896663	4.688	123	0.0	1.0	0.667	2.0	1.0	0.762	0.762	1.0	0.762	10.0	0.0	0.0	0.0	0.714	5.0	0.833	0.0	0.0	0.0	0.973	1.0	0.741	2.0	b2,b5	0	1	39	1.0	0	59.0	60.0	13.423599878007611	6.993612362006159	15433.0	0.7599183475262026	4.240929372675803	4.240929372675803	6.7117999390038054	35.77978828681222	13.998883179408448	13.0	0.5822888914956647	13.172204606223982	25.667010388856156	8.158665482172701	0.6931471805599453	3.6888794541139363	0.6931471805599453	0.0	4.0943445622221	4.110873864173311	22	1	0	0	0				name_token_jaccard=+7.56; address_token_containment=+7.04; name_translit_fuzz_ratio=+5.37; address_token_jaccard=+3.77	numbers_differ	core_equal			near_duplicate_number_changed	house/unit number differs; name core_equal	True	False	False	False	False
S1-329256100	fit	India	Parihar & Co of Ghaziabad Private Limited	A-1502, Block-A, Gaur Cascade, Ghaziabad, Uttar Pradesh	S2-579702918	S2	Parihar & Co of Ghaziabad Ventures Pineat Limited	A-1523, BLOCK-A, GAUR CASCADE, GHAZIABAD, Uttar Pradesh	parihar and co of ghaziabad private limited	parihar and co of ghaziabad ventures pineat limited	a 1502 block a gaur cascade ghaziabad uttar pradesh	a 1523 block a gaur cascade ghaziabad uttar pradesh			1502	1523	11.712	0.9999918089587521	9.44	896	0.0	0.0	0.667	6.0	0.857	0.851	0.872	0.897	0.851	8.0	0.0	0.0	0.0	0.778	7.0	0.875	0.0	0.0	0.0	0.98	1.0	0.834	2.0	b3,b5	0	1	0	1.0	0		67.0	38.080578433934605	12.363397037445411	47.0	0.6250982908076704	15.541450867793356	22.83876656176495	5.763662750312145	40.57397623881955	11.30012411522261	138.0	0.6598321198722504	11.257864305932728	20.91738651368641	6.279187305821653	0.6931471805599453	0.0	0.6931471805599453	0.0		4.219507705176107	1	1	0	0	0				name_token_jaccard=+7.56; address_token_containment=+7.52; name_translit_fuzz_ratio=+6.65; address_token_jaccard=+4.17	numbers_differ	cand_adds_token	pineat ventures		near_duplicate_number_changed	house/unit number differs; name cand_adds_token	False	False	False	True	False
S1-526514893	fit	India	Kr Mill Private Limited	40, Club Enclave Backside, Magnet Resorts, Barewalrd, Ludhiana, Punjab	S3-498748470	S3	Kr Mill Exports Private Limited	No 570 43, Club Enclave Backside, Magnet Resorts, Barewalrd, Ludhiana, PB	kr mill private limited	kr mill exports private limited	40 club enclave backside magnet resorts barewalrd ludhiana punjab	no 570 43 club enclave backside magnet resorts barewalrd ludhiana pb			40	570	11.694	0.9999916568496205	9.982	1820	0.0	0.0	0.8	4.0	1.0	0.852	0.852	1.0	0.852	8.0	0.0	0.0	0.0	0.538	7.0	0.778	0.0	0.0	0.0	0.902	1.0	0.769	2.0	b3,b5	0	1	0	1.0	0		802.0	23.944158896160825	10.021991952601784	498.0	0.8222165646082296	5.177315818435519	5.177315818435519	5.9860397240402055	66.2498163154874	15.135985759685193	2.0	0.6502227859233568	9.180148390220362	35.63805619486847	8.711139766761214	0.6931471805599453	0.0	0.6931471805599453	0.0		6.688354713946762	1	1	0	0	0				name_token_jaccard=+9.23; name_translit_fuzz_ratio=+6.66; address_token_containment=+6.39; name_fuzz_token_set_ratio=+2.83	numbers_differ	cand_adds_token	exports		near_duplicate_number_changed	house/unit number differs; name cand_adds_token	False	False	False	True	False
S1-851438217	fit	US	Amalle Zavala Complete Crumrine Inc	525 Slate Rock Drive, Counce, TN	S3-847292277	S3	Amalle  Zavala Complete Crumrine Eastgate Inc	532 Slate Rock Drive, Counce, Tennessee	amalle zavala complete crumrine inc	amalle zavala complete crumrine eastgate inc	525 slate rock drive counce tn	532 slate rock drive counce tennessee			525	532	11.691	0.9999916312808897	7.467	1111	0.0	0.0	0.833	5.0	1.0	0.886	0.886	1.0	0.886	9.0	0.0	0.0	0.0	0.5	4.0	0.667	0.0	0.0	0.0	0.866	1.0	0.767	2.0	b3,b5	0	1	0	1.0	0		1606.0	41.41993768518253	12.361274390007653	71.0	0.8589965100834647	6.799044812380757	6.799044812380757	8.283987537036506	30.8776825030528	11.286082375547641	210.0	0.5299487610122908	9.16657742083661	27.387728749294045	7.375229127268255	0.6931471805599453	0.0	0.6931471805599453	0.0		7.382124365737512	1	1	0	0	0				name_token_jaccard=+9.65; name_translit_fuzz_ratio=+7.15; address_token_containment=+5.10; name_fuzz_token_set_ratio=+2.83	numbers_differ	cand_adds_token	eastgate		near_duplicate_number_changed	house/unit number differs; name cand_adds_token	False	False	False	True	False
S1-586270731	fit	India	Mrityunjay & Associates	Shop-2 Sno7/2/20 Sangavi Shriram Apptmala Ngr, Pune, Maharashtra	S3-379016466	S3	Mrityunjay &-Ass0ciates Holdings	Shop-2 Sno7/2/29 Sangavi Shriram Apptmala Ngr, Pune, MH	mrityunjay and associates	mrityunjay and ass0ciates holdings	shop 2 sno7 2 20 sangavi shriram apptmala ngr pune maharashtra	shop 2 sno7 2 29 sangavi shriram apptmala ngr pune mh			2	2	11.684	0.9999915721199889	1.466	2212	0.0	0.0	0.4	2.0	0.667	0.814	0.814	0.814	0.814	9.0	0.0	0.0	0.0	0.667	8.0	0.8	1.0	1.0	0.0	0.904	1.0	0.736	2.0	b3,b5	0	1	0	1.0	0		103456.0	16.49083906339547	12.123724184179991	60.0	0.4296624474036399	10.297061843270876	21.890078708325458	7.570583588971523	68.09681395091322	15.541450867793356	1.0	0.7863618840441686	5.92092322137368	18.500483467292185	7.7117843048210375	0.6931471805599453	0.0	0.6931471805599453	0.0		11.546911346423387	1	1	0	0	0				address_token_containment=+6.65; name_translit_fuzz_ratio=+6.11; name_token_jaccard=+4.21; address_token_jaccard=+3.47	numbers_differ	token_substituted	ass0ciates holdings	associates	near_duplicate_number_changed	house/unit number differs; name token_substituted	False	False	False	True	False
S1-344017367	fit	US	Bayes Cornerstone Indigo LLC	2685 42, Beauregard, AL	S2-648270149	S2	Bayes Cornerstone Architecture Llc	BEAUREGARD, AL, 02687 42	bayes cornerstone indigo llc	bayes cornerstone architecture llc	2685 42 beauregard al	beauregard al 02687 42		02687	2685	02687	11.676	0.9999915041175732	10.912	512	0.0	0.0	0.6	3.0	0.75	0.742	0.677	0.857	0.742	6.0	0.0	0.0	0.0	0.6	3.0	0.75	1.0	0.0	0.0	0.605	1.0	0.449	2.0	b3,b5	0	1	0	1.0	0	3.0	3.0	23.740811168718842	14.440715931687489	8.0	0.5699756935002648	9.275929957763974	17.911510920534973	8.254185281620703	23.887614203000496	10.920912807617485	303.0	0.47340565450245076	15.251646147903816	26.571466663083307	8.801858679544997	0.6931471805599453	0.0	0.6931471805599453	0.0	1.3862943611198906	1.3862943611198906	1	1	0	0	0				name_token_jaccard=+6.72; address_token_containment=+6.07; name_translit_fuzz_ratio=+5.09; address_token_jaccard=+3.05	numbers_differ	token_substituted	architecture	indigo	near_duplicate_number_changed	house/unit number differs; name token_substituted	False	False	False	True	False
S1-130330079	fit	India	Sukhmani & Brothers	Hyderabad, H.No. 36/19, Secunderabad, Venkat Rao Colony Penderghast Road, Telangana	S2-588912372	S2	Sukhmani & Brothers Infratech	H.NO. 36/23, VENKAT RAO COLONY PENDERGHAST ROAD, SECUNDERABAD, Andhra Pradesh	sukhmani and brothers	sukhmani and brothers infratech	hyderabad h no 36 19 secunderabad venkat rao colony penderghast road telangana	h no 36 23 venkat rao colony penderghast road secunderabad andhra pradesh			36	36	11.632	0.9999911246444254	11.249	585	0.0	0.0	0.75	3.0	1.0	0.808	0.808	1.0	0.808	10.0	0.0	0.0	0.0	0.6	9.0	0.75	1.0	1.0	0.0	0.649	1.0	0.524	2.0	b3,b5	0	1	0	1.0	0		14100.0	20.579888063425074	11.14084784754654	162.0	0.7898861639176252	5.474357476659216	5.474357476659216	6.859962687808358	55.114637699022886	12.363397037445411	47.0	0.6564885149689123	5.589911518852291	28.83905904102263	5.807256694896256	0.6931471805599453	0.0	0.6931471805599453	0.0		9.55400099583723	1	1	0	0	0				name_token_jaccard=+8.61; address_token_containment=+6.07; name_translit_fuzz_ratio=+6.03; address_token_jaccard=+3.05	numbers_differ	cand_adds_token	infratech		near_duplicate_number_changed	house/unit number differs; name cand_adds_token	False	False	False	True	False
S1-765949062	fit	US	Robinson, Arrington and Levenson Crescent LLC	6311 St Louis Avenue, Fl 0, Saint Louis, MO	S2-429560195	S2	Robinson, Arrington and Levenson Crescent Co	6316 ST LOUIS AVENUE, SAINT LOUIS, MO	robinson arrington and levenson crescent llc	robinson arrington and levenson crescent co	6311 st louis avenue fl 0 saint louis mo	6316 st louis avenue saint louis mo			6311	6316	11.58	0.999990647391846	6.515	553	0.0	1.0	0.714	5.0	0.833	0.966	0.92	0.966	0.966	1.0	0.0	0.0	0.0	0.556	5.0	0.833	0.0	0.0	0.0	0.907	1.0	0.875	2.0	b2,b3	0	4	1	1.0	0		214.0	43.90985575017659	12.231221261759455	81.0	0.8595919947087743	4.444887249080923	7.172350715756172	7.772886536141972	24.222858213632193	6.51327132848691	24950.0	0.40884894013248324	11.124511762858726	35.023616060663414	6.0152453139296105	1.6094379124341003	0.6931471805599453	0.6931471805599453	0.0		5.3706380281276624	2	1	0	0	0				name_translit_fuzz_ratio=+8.28; name_token_jaccard=+8.16; address_token_containment=+7.04; address_token_jaccard=+2.77	numbers_differ	core_equal			near_duplicate_number_changed	house/unit number differs; name core_equal	False	False	False	False	False
S1-948736689	tune	India	Shivkripa (India) Shopping Limited	Bengaluru, 1084/1, Bangalore, Karnataka, 14Th Cross, Chikkadevaraya Road, Hanumanth Nagar	S2-972073553	S2	Shivkripa (India) Sgorong Overseas Limited	1084/22, 14TH CROSS, CHIKKADEVARAYA ROAD, HANUMANTH NAGAR, BENGALURU, Karnataka	shivkripa india shopping limited	shivkripa india sgorong overseas limited	bengaluru 1084 1 bangalore karnataka 14th cross chikkadevaraya road hanumanth nagar	1084 22 14th cross chikkadevaraya road hanumanth nagar bengaluru karnataka			1084	1084	11.554	0.9999904057236593	1.025	787	0.0	0.0	0.5	3.0	0.75	0.778	0.639	0.836	0.778	8.0	0.0	0.0	0.0	0.75	9.0	0.9	1.0	1.0	0.0	0.662	1.0	0.515	2.0	b3,b5	0	1	0	1.0	0		86.0	17.98171704278898	11.82787880108905	81.0	0.3658482767847898	15.541450867793356	31.169032554336283	7.031817553923859	66.87794451089506	15.541450867793356	1.0	0.840670859528101	5.520335847256422	12.675121653948654	6.730248210689754	0.6931471805599453	0.0	0.6931471805599453	0.0		4.465908118654584	1	1	0	0	0				address_token_containment=+7.81; name_translit_fuzz_ratio=+5.60; name_token_jaccard=+5.46; address_token_jaccard=+4.00	numbers_differ	token_substituted	overseas sgorong	shopping	near_duplicate_number_changed	house/unit number differs; name token_substituted	False	False	False	True	False
S1-248950460	fit	US	Midwest Great Financial Inc	115-48 197 Street, Saint Albans, NY	S2-328607956	S2	Midwest Great Financial Partners	115-59 197 ST, SAINT ALBANS, NY	midwest great financial inc	midwest great financial partners	115 48 197 street saint albans ny	115 59 197 st saint albans ny			115	115	11.542	0.9999902859414149	1.595	1918	0.0	0.0	0.6	3.0	0.75	0.847	0.78	0.92	0.847	5.0	0.0	0.0	0.0	0.556	5.0	0.714	2.0	1.0	0.0	0.871	1.0	0.738	1.0	b5	0	1	2	1.0	0		8391.0	20.37044160667802	7.452302749687897	9755.0	0.7394206242202436	4.158042604772971	7.178751558118647	5.847787640005924	34.70415459829637	9.083605685297961	1908.0	0.6090372180109	7.827480866861789	22.27783857387667	6.5549637520183355	0.6931471805599453	1.0986122886681098	0.6931471805599453	0.0		9.035034150076132	5	1	0	0	0				name_token_jaccard=+6.72; name_translit_fuzz_ratio=+6.60; address_token_containment=+5.66; address_token_jaccard=+2.77	numbers_differ	cand_adds_token	partners		near_duplicate_number_changed	house/unit number differs; name cand_adds_token	False	False	False	True	False
S1-362168261	fit	India	Management Consultants Software	6926-33/163-B, Jaipuria Mills Clock Tower, Sabzi Mandi, Delhi, North East	S3-622628144	S3	Pvt Management Consultants Software Ltd	6926-33/168-B, Jaipuria Mills Clock Tower, Sabzi Mandi, North East, Delhi, DL	management consultants software	pvt management consultants software ltd	6926 33 163 b jaipuria mills clock tower sabzi mandi delhi north east	6926 33 168 b jaipuria mills clock tower sabzi mandi north east delhi dl			6926	6926	11.524	0.9999901091813077	10.738	1042	0.0	1.0	0.6	3.0	1.0	0.886	0.886	1.0	0.886	8.0	0.0	0.0	0.0	0.8	12.0	0.923	2.0	1.0	0.0	0.879	1.0	0.779	2.0	b2,b5	0	1	0	1.0	0		28.0	18.203790268606625	6.2607452331566105	21457.0	0.7470456253104825	3.3116128687129214	6.163918545752442	6.067930089535541	85.58065819064879	12.708237523737141	33.0	0.8100530000909882	8.04424364459004	20.067562581369884	7.201915525787602	0.6931471805599453	0.0	0.6931471805599453	0.0		3.367295829986474	1	1	0	0	0				address_token_containment=+8.08; name_translit_fuzz_ratio=+7.14; name_token_jaccard=+6.72; address_token_jaccard=+4.31	numbers_differ	core_equal			near_duplicate_number_changed	house/unit number differs; name core_equal	False	False	False	False	False
S1-901711274	tune	US	Weiland, Bates & Leber	Unit C10, 77 Wilson Street, MA, Marlborough	S2-491719950	S2	Weiland, Bates & Leber LLC	98 WILSON STREET, MARLBOROUGH, MA	weiland bates and leber	weiland bates and leber llc	unit c10 77 wilson street ma marlborough	98 wilson street marlborough ma			77	98	11.499	0.9999898582955683	7.853	131	0.0	1.0	0.8	4.0	1.0	0.92	0.92	1.0	0.92	4.0	0.0	0.0	0.0	0.5	4.0	0.8	0.0	0.0	0.0	0.732	1.0	0.674	2.0	b2,b3	0	1	0	1.0	0		2868.0	38.44258309221796	12.78779290731365	46.0	0.9337512659167472	2.7274634666752497	2.7274634666752497	9.61064577305449	24.65905578877452	8.902944315000926	2286.0	0.41753854614756836	13.270644679037234	34.39909828177064	7.2264704029037885	0.6931471805599453	0.0	0.6931471805599453	0.0		7.9617188159813645	1	1	0	0	0				name_token_jaccard=+9.23; name_translit_fuzz_ratio=+7.63; address_token_containment=+6.65; name_fuzz_token_set_ratio=+2.83	numbers_differ	core_equal			near_duplicate_number_changed	house/unit number differs; name core_equal	False	False	False	False	False
S1-559819994	fit	US	Best Great Perimeter Clinic	4019 Washington Street, Westmont, IL	S3-952007599	S3	Gildxylo t/a A Trusted Safety LLC	4019 Washington Street, Westmont, IL	best great perimeter clinic	gildxylo t a a trusted safety llc	4019 washington street westmont il	4019 washington street westmont il			4019	4019	11.464	0.9999894956957158	11.041	1113	0.0	0.0	0.0	0.0	0.0	0.333	0.333	0.345	0.333	6.0	1.0	0.0	0.0	1.0	5.0	1.0	1.0	1.0	0.0	1.0	1.0	0.333	1.0	b5	0	1	0	2.0	2		456.0	0.0	0.0		0.0	12.463553239128071	70.87457251001197	6.887615030795443	33.28691433047984	10.4394617925314	491.0	1.0	0.0	0.0	6.6573828660959675	0.6931471805599453	0.0	1.0986122886681098	1.0986122886681098		6.124683390894205	1	1	1	0	0	S1-792425642	A Trusted Safety LLC	4019 Washington Street, Westmont, IL	address_token_containment=+8.98; address_token_jaccard=+5.58; address_fuzz_ratio=+3.14; address_exact=+2.35	numbers_equal	token_substituted	gildxylo safety t trusted	best clinic great perimeter	shared_address	unrelated business name at the same address	False	False	False	True	True
S1-974331878	fit	US	Montanez and Handlin Diagnostics LLC	92 Sailors Ravine Court, Florence, OR	S3-294067041	S3	Montanez and Handlin Diagnostics West LLC	105-C Sailors Ravine Court, Florence, Oregon	montanez and handlin diagnostics llc	montanez and handlin diagnostics west llc	92 sailors ravine court florence or	105 c sailors ravine court florence oregon			92	105	11.43	0.9999891395097854	10.103	859	0.0	0.0	0.833	5.0	1.0	0.935	0.935	1.0	0.935	5.0	0.0	0.0	0.0	0.444	4.0	0.667	0.0	0.0	0.0	0.857	1.0	0.801	2.0	b3,b5	0	1	0	1.0	0		9788.0	40.11303499135523	14.240045236225336	10.0	0.8661035702944715	6.201327825226822	6.201327825226822	8.022606998271044	35.40581733121945	12.361274390007653	71.0	0.5211140188254044	8.314574814587626	32.53673660548805	8.201366802467911	0.6931471805599453	0.0	0.6931471805599453	0.0		9.18901458526143	1	1	0	0	0				name_token_jaccard=+9.65; name_translit_fuzz_ratio=+7.85; address_token_containment=+5.10; name_fuzz_token_set_ratio=+2.83	numbers_differ	cand_adds_token	west		near_duplicate_number_changed	house/unit number differs; name cand_adds_token	False	False	False	True	False
S1-627029452	fit	US	Lucky Book Store	36775 Crd 96, Cross Timbers, MO	S2-343150335	S2	Lucky Book Store Holdings	36776 CRD 96, CROSS TIMBERS TOWNSHIP, MO	lucky book store	lucky book store holdings	36775 crd 96 cross timbers mo	36776 crd 96 cross timbers township mo	36775	36776	36775	36776	11.416	0.9999889823387977	3.342	726	0.0	0.0	0.75	3.0	1.0	0.78	0.78	1.0	0.78	9.0	0.0	0.0	0.0	0.625	5.0	0.833	1.0	0.0	0.0	0.836	1.0	0.652	1.0	b5	0	9	50	1.0	0	2.0	2.0	22.864257785696275	7.68507636744224	7729.0	0.8276480166677579	4.76132377221212	4.76132377221212	7.621419261898758	45.308122342623065	13.054421570567598	35.0	0.5598060393696919	15.539328220355598	35.627271626397516	10.025717230403119	2.302585092994046	3.9318256327243257	0.6931471805599453	0.0	1.0986122886681098	1.0986122886681098	64	1	0	0	0				name_token_jaccard=+8.61; address_token_containment=+7.04; name_translit_fuzz_ratio=+5.64; address_token_jaccard=+3.21	numbers_differ	cand_adds_token	holdings		near_duplicate_number_changed	house/unit number differs; name cand_adds_token	True	False	False	True	False
S1-183644151	fit	US	Housing Institute Corporation	2282 2100, Layton, UT	S2-793671458	S2	Housing Institute Inc	002284 2100, LAYTON, UT	housing institute corporation	housing institute inc	2282 2100 layton ut	002284 2100 layton ut		002284	2282	002284	11.361	0.9999883577506476	8.289	2144	0.0	1.0	0.5	2.0	0.667	0.8	0.68	0.895	0.8	8.0	0.0	0.0	0.0	0.6	3.0	0.75	1.0	0.0	0.0	0.9	1.0	0.72	2.0	b2,b5	0	12	5	1.0	0	7.0	7.0	14.178079431993662	7.455999611569223	9719.0	0.6286969387022547	5.352744092709317	8.373453046054994	6.510274508234326	23.79061150110444	9.145737466404967	1793.0	0.4801433955127976	14.558498967343871	25.758360167444383	8.747618175301238	2.5649493574615367	1.791759469228055	0.6931471805599453	0.0	2.0794415416798357	2.0794415416798357	1	1	0	0	0				address_token_containment=+6.07; name_translit_fuzz_ratio=+5.92; name_token_jaccard=+5.46; address_token_jaccard=+3.05	numbers_differ	core_equal			near_duplicate_number_changed	house/unit number differs; name core_equal	True	False	False	False	False
S1-648311072	fit	India	Planet Technologies Pvt Ltd	Tilonia Road, Harmara Kishangarh, Ajmer, Rajasthan	S2-165794473	S2	Mr Planet Technologies  Ventures Pvt	67 TILONIA ROAD, HARMARA KISHANGARH, AJMER, Rajasthan	planet technologies pvt ltd	mr planet technologies ventures pvt	tilonia road harmara kishangarh ajmer rajasthan	67 tilonia road harmara kishangarh ajmer rajasthan				67	11.355	0.9999882857827187	1.422	1531	0.0	0.0	0.5	3.0	0.75	0.774	0.774	0.92	0.774	8.0	0.0	0.0	0.0	0.857	6.0	1.0	0.0	0.0	0.0	0.969	1.0	0.75	1.0	b5	0	1	0	1.0	0		8427.0	18.21740949402138	9.521641847676232	822.0	0.5797289854014637	5.322040055810559	13.206600608571268	5.267428792765225	51.106654614090814	14.288687899297988	6.0	0.8842120407533522	6.692439108437253	6.692439108437253	8.517775769015136	0.6931471805599453	0.0	0.6931471805599453	0.0		9.03931477492408	1	1	0	0	0				address_token_containment=+8.98; name_translit_fuzz_ratio=+5.55; name_token_jaccard=+5.46; address_token_jaccard=+4.67	number_added_by_cand	cand_adds_token	ventures		near_duplicate_number_changed	house/unit number differs; name cand_adds_token	False	False	False	True	False
S1-694580055	tune	India	Angad Brothers-Tal. Morbi	S. No. 85P3, Opp. Surya Foam Morbi-Halvad Road, Tal. Morbi, Unchi Mandal, Gujarat	S3-766657892	S3	Angad Brothers-Tal. Morbi Exports	S. No. 85P14, Opp. Surya Foam Morbi-halvad Road, Tal. Morbi, Unchi Mandal, ગુજરાત	angad brothers tal morbi	angad brothers tal morbi exports	s no 85p3 opp surya foam morbi halvad road tal morbi unchi mandal gujarat	s no 85p14 opp surya foam morbi halvad road tal morbi unchi mandal ગુજરાત					11.345	0.999988166928614	10.6	955	0.0	0.0	0.8	4.0	1.0	0.857	0.857	1.0	0.857	8.0	0.0	0.0	0.0	0.733	11.0	0.846	0.0	0.0	0.0	0.89	1.0	0.763	2.0	b3,b5	0	1	0	1.0	0			38.20758537127924	11.701998555200046	92.0	0.8806654924533307	5.177315818435519	5.177315818435519	9.55189634281981	77.51615872584703	12.97650151033182	25.0	0.6527391775672947	16.234598048353302	41.23902158176587	7.572034945420063	0.6931471805599453	0.0	0.6931471805599453	0.0			1	1	0	0	0				name_token_jaccard=+9.23; address_token_containment=+7.19; name_translit_fuzz_ratio=+6.73; address_token_jaccard=+3.89	numbers_differ	cand_adds_token	exports		near_duplicate_number_changed	house/unit number differs; name cand_adds_token	False	False	False	True	False
S1-760503256	tune	India	All Construction Private Limited	48/1C, B.T.Road Sinthee, Kolkata, Howrah, West Bengal	S3-233075416	S3	All Construction  Pharmacy Private Limited	48/6, B.t.road Sinthee, Kolkata, Howrah, WB	all construction private limited	all construction pharmacy private limited	48 1c b t road sinthee kolkata howrah west bengal	48 6 b t road sinthee kolkata howrah wb			48	48	11.328	0.9999879741696098	3.184	236	0.0	0.0	0.8	4.0	1.0	0.877	0.877	1.0	0.877	9.0	0.0	0.0	0.0	0.583	7.0	0.778	1.0	1.0	0.0	0.864	1.0	0.757	1.0	b5	0	1	12	1.0	0		11120.0	17.902868055449307	7.1380984928008795	8923.0	0.6875211168995371	8.136867474689083	8.136867474689083	4.475717013862328	37.97556538851199	10.956483389122784	195.0	0.5941675897654838	8.53204193508472	25.938330358478908	5.478969380289844	0.6931471805599453	2.5649493574615367	0.6931471805599453	0.0		9.316590491818841	31	1	0	0	0				name_token_jaccard=+9.23; name_translit_fuzz_ratio=+7.01; address_token_containment=+6.39; address_token_jaccard=+2.95	numbers_differ	cand_adds_token	pharmacy		near_duplicate_number_changed	house/unit number differs; name cand_adds_token	True	False	False	True	False
S1-581494564	fit	US	Modern Delta Braves Inc	10332 Linger Lane, Keller, TX	S2-143010902	S2	Modern Delta Braves LLC	10339 LINGER LANE, KELLER, TX	modern delta braves inc	modern delta braves llc	10332 linger lane keller tx	10339 linger lane keller tx	10332	10339	10332	10339	11.319	0.9999878545326977	3.339	105	0.0	1.0	0.6	3.0	0.75	0.913	0.913	0.913	0.913	0.0	0.0	0.0	0.0	0.667	4.0	0.8	0.0	0.0	0.0	0.963	1.0	0.879	2.0	b2,b5	0	1	0	1.0	0	71.0	75.0	22.226196424382252	9.124231261184002	1832.0	0.7945200318193788	3.020708953345676	5.748172420020926	6.311726344431982	29.793487175602202	12.766739498115816	47.0	0.5451887235968756	12.560403065117988	24.85453815228801	8.470778048144037	0.6931471805599453	0.0	0.6931471805599453	0.0	4.276666119016055	4.330733340286331	1	1	0	0	0				name_translit_fuzz_ratio=+7.53; name_token_jaccard=+6.72; address_token_containment=+6.65; address_token_jaccard=+3.47	numbers_differ	core_equal			near_duplicate_number_changed	house/unit number differs; name core_equal	False	False	False	False	False
S1-519133951	fit	India	Shiv Solutions Pvt. Ltd.	5/27 Industrial Area Najafgarhroad New Delhi, North Delhi, Delhi	S3-355777375	S3	Shiv Ltd. Exports Pvt. Solutions	#5/38 Industrial Area Najafgarhroad New Delhi, North Delhi, DL	shiv solutions pvt ltd	shiv ltd exports pvt solutions	5 27 industrial area najafgarhroad new delhi north delhi delhi	5 38 industrial area najafgarhroad new delhi north delhi dl			5	5	11.305	0.9999876863264551	2.779	56	0.0	0.0	0.8	4.0	1.0	0.615	0.846	1.0	0.615	8.0	0.0	0.0	0.0	0.7	7.0	0.875	1.0	1.0	0.0	0.942	1.0	0.58	1.0	b5	0	1	3	1.0	0		71656.0	18.313921046111286	7.068836719775087	9563.0	0.7796065039789722	5.177315818435519	5.177315818435519	4.578480261527821	40.44805917128833	14.848303687233411	3.0	0.7157849031902874	6.213105262626269	16.06061961057673	5.784534426708225	0.6931471805599453	1.3862943611198906	0.6931471805599453	0.0		11.179646125623133	11	1	0	0	0				name_token_jaccard=+9.23; address_token_containment=+7.52; address_token_jaccard=+3.68; name_translit_fuzz_ratio=+3.27	numbers_differ	cand_adds_token	exports		near_duplicate_number_changed	house/unit number differs; name cand_adds_token	False	False	False	True	False
S1-155563387	tune	US	Halcyn Maintenance Ltd	712 Great Ridge Parkway, Chapel Hill, NC	S2-761486094	S2	Halcyn  Maintenance Group	733 Great Ridge Parkway, CHAPEL HILL, NC	halcyn maintenance ltd	halcyn maintenance group	712 great ridge parkway chapel hill nc	733 great ridge parkway chapel hill nc			712	733	11.303	0.999987659453783	0.549	224	0.0	0.0	0.5	2.0	0.667	0.826	0.783	0.9	0.826	2.0	0.0	0.0	0.0	0.75	6.0	0.857	0.0	0.0	0.0	0.947	1.0	0.783	1.0	b3	0	1	0	1.0	1		1272.0	19.888004492962366	11.221840106819288	224.0	0.6902292517891189	4.549368439045528	8.925617128276333	8.145790977335965	37.418523550083044	7.70824039471026	7552.0	0.6736263340213857	9.388725451909318	18.12936948833714	6.5941667980729815	0.6931471805599453	0.0	0.6931471805599453	0.6931471805599453		7.149131598557407	1	1	0	0	0				address_token_containment=+7.32; name_translit_fuzz_ratio=+6.29; name_token_jaccard=+5.46; address_token_jaccard=+4.00	numbers_differ	cand_adds_token	group		near_duplicate_number_changed	house/unit number differs; name cand_adds_token	False	False	False	True	False
S1-997464493	fit	India	Penguin Seva Pvt Ltd	Flat No. 305 B Wing Kushal Nivriti, Kondhwa Khurd, Pune, Maharashtra	S2-252023685	S2	Penguin Seva Exports Pvt Ltd	FLAT NO. 312 B WING KUSHAL NIVRITI, KONDHWA KHURD, PUNE, महाराष्ट्र	penguin seva pvt ltd	penguin seva exports pvt ltd	flat no 305 b wing kushal nivriti kondhwa khurd pune maharashtra	flat no 312 b wing kushal nivriti kondhwa khurd pune महाराष्ट्र			305	312	11.301	0.999987638378363	2.058	520	0.0	0.0	0.8	4.0	1.0	0.833	0.833	1.0	0.833	8.0	0.0	0.0	0.0	0.692	9.0	0.818	0.0	0.0	0.0	0.803	1.0	0.669	2.0	b3,b5	0	1	0	1.0	0		2819.0	24.39772666778374	11.257864305932728	144.0	0.8249430809491506	5.177315818435519	5.177315818435519	6.099431666945934	59.80133850388085	13.46200932611352	15.0	0.725436797021967	7.910504286902897	22.633601037888777	6.4143646391157	0.6931471805599453	0.0	0.6931471805599453	0.0		7.944492163932159	1	1	0	0	0				name_token_jaccard=+9.23; address_token_containment=+6.86; name_translit_fuzz_ratio=+6.39; address_token_jaccard=+3.63	numbers_differ	cand_adds_token	exports		near_duplicate_number_changed	house/unit number differs; name cand_adds_token	False	False	False	True	False
S1-741413560	fit	US	Brinna T. Gonzalez, CPA	2365 E Street, Springfield, OR	S3-709019721	S3	The Brinna T. Gonzalez, BPA	2365 E St, Springfield, Oregon	brinna t gonzalez cpa	the brinna t gonzalez bpa	2365 e street springfield or	2365 e st springfield oregon			2365	2365	11.301	0.999987636051621	5.918	454	0.0	0.0	0.5	3.0	0.75	0.87	0.739	0.895	0.87	4.0	0.0	0.0	0.0	0.429	3.0	0.6	1.0	1.0	0.0	0.857	1.0	0.745	2.0	b3,b5	0	1	3	1.0	0		273.0	25.785547698069287	11.550344173791323	161.0	0.49256529196034177	13.998883179408448	26.56395422368889	8.285672342867063	24.20686901596997	10.950965152683889	294.0	0.5783769720589205	5.49706471862224	17.646230580643923	6.61725376736175	0.6931471805599453	1.3862943611198906	0.6931471805599453	0.0		5.6131281063880705	2	1	0	0	0				name_translit_fuzz_ratio=+6.91; name_token_jaccard=+5.46; address_token_containment=+4.33; name_fuzz_token_set_ratio=+2.35	numbers_equal	token_substituted	bpa	cpa	possible_gt_omission	manual: Brinna T. Gonzalez CPA vs BPA, same number/street	False	False	False	True	False
S1-29638685	fit	US	Federal Classic Rmg Center	120 Reuben Circle, Argo, AL	S3-275085041	S3	Brixsyn D.B.A. Leila's Cafe PC	120 Reuben Circle, Argo, AL	federal classic rmg center	brixsyn d b a leila s cafe pc	120 reuben circle argo al	120 reuben circle argo al			120	120	11.283	0.9999874197157	8.766	261	0.0	0.0	0.0	0.0	0.0	0.327	0.364	0.364	0.327	3.0	1.0	0.0	0.0	1.0	5.0	1.0	1.0	1.0	0.0	1.0	1.0	0.327	1.0	b5	0	1	0	1.0	1		8804.0	0.0	0.0		0.0	12.560403065117988	84.46985524844615	6.52835718309249	41.983537241339704	12.063229530520324	96.0	1.0	0.0	0.0	8.396707448267941	0.6931471805599453	0.0	0.6931471805599453	0.6931471805599453		9.083075020930307	1	1	1	0	0	S1-982441640	Leila's Cafe PC	120 Reuben Circle, Argo, AL	address_token_containment=+8.98; address_token_jaccard=+5.58; address_fuzz_ratio=+3.14; address_exact=+2.35	numbers_equal	token_substituted	b brixsyn cafe d leila	center classic federal rmg	shared_address	unrelated business name at the same address	False	False	False	True	True
S1-231016096	tune	US	Jarlus Printing PC	1740 Ellsworth Street, Gary, IN	S3-94923779	S3	jarlus printing co	1747 Ellsworth Street, Gary, Indiana	jarlus printing pc	jarlus printing co	1740 ellsworth street gary in	1747 ellsworth street gary indiana			1740	1747	11.271	0.999987264769525	5.971	2584	0.0	1.0	0.5	2.0	0.667	0.944	0.833	0.944	0.944	0.0	0.0	0.0	0.0	0.429	3.0	0.6	0.0	0.0	0.0	0.889	1.0	0.84	3.0	b2,b3,b5	0	1	0	1.0	0		306.0	18.963617797544853	11.334635600964631	200.0	0.6581468488466956	5.4051523168878095	9.850039565968732	8.122923371477553	21.131144949784055	9.259556796026994	1600.0	0.40693317956910374	10.81489461354069	30.796655511607547	7.217887210112821	0.6931471805599453	0.0	0.6931471805599453	0.0		5.726847747587197	1	1	0	0	0				name_translit_fuzz_ratio=+7.98; name_token_jaccard=+5.46; address_token_containment=+4.33; n_channels_hit=+3.82	numbers_differ	core_equal			near_duplicate_number_changed	house/unit number differs; name core_equal	False	False	False	False	False
S1-998468393	fit	US	QX Best Bankshares LLC	6527 Tippy Lane, Marion, IL	S2-819335843	S2	Qx Best Bankshares Westgate Llc	6528 TIPPY LN, MARION, IL	qx best bankshares llc	qx best bankshares westgate llc	6527 tippy lane marion il	6528 tippy ln marion il			6527	6528	11.258	0.9999870984251736	-0.931	474	0.0	0.0	0.8	4.0	1.0	0.83	0.83	1.0	0.83	9.0	0.0	0.0	0.0	0.429	3.0	0.6	0.0	0.0	0.0	0.917	1.0	0.761	2.0	b3,b5	0	1	0	1.0	0		175.0	29.750063074478508	11.276648343314282	212.0	0.8143977025513153	6.780078134513855	6.780078134513855	7.437515768619627	25.30478903911113	13.546898055665391	21.0	0.4476633226960198	11.334635600964631	31.22159531311786	8.18101517410083	0.6931471805599453	0.0	0.6931471805599453	0.0		5.170483995038151	1	1	0	0	0				name_token_jaccard=+9.23; name_translit_fuzz_ratio=+6.35; address_token_containment=+4.33; name_fuzz_token_set_ratio=+2.83	numbers_differ	cand_adds_token	westgate		near_duplicate_number_changed	house/unit number differs; name cand_adds_token	False	False	False	True	False
S1-941623817	fit	US	Hardesty Ace Mortgage Inc	208 Swihart Road, Leachville, AR	S3-215563995	S3	hardesty ace mortgage metro inc	211 Swihart Road, Leachville, Arkansas	hardesty ace mortgage inc	hardesty ace mortgage metro inc	208 swihart road leachville ar	211 swihart road leachville arkansas			208	211	11.195	0.9999862513804606	5.185	226	0.0	0.0	0.8	4.0	1.0	0.893	0.893	1.0	0.893	6.0	0.0	0.0	0.0	0.429	3.0	0.6	0.0	0.0	0.0	0.848	1.0	0.758	2.0	b3,b5	0	1	0	2.0	0		6295.0	28.673648946607678	11.627305214927452	149.0	0.8291909873993014	5.906621922641084	5.906621922641084	7.168412236651919	30.26226948971838	14.440715931687489	8.0	0.5310969618742459	7.772487683270085	26.71841701792527	8.724431388794889	0.6931471805599453	0.0	1.0986122886681098	0.0		8.74766979009724	1	1	0	0	0				name_token_jaccard=+9.23; name_translit_fuzz_ratio=+7.25; address_token_containment=+4.33; name_fuzz_token_set_ratio=+2.83	numbers_differ	cand_adds_token	metro		near_duplicate_number_changed	house/unit number differs; name cand_adds_token	False	False	False	True	False
S1-814735024	fit	US	Cascade Capital	OH, 1035 Cr 198, Fremont	S2-452027522	S2	Cascade Capital Holdings	1048 CR 198, FREMONT, OH	cascade capital	cascade capital holdings	oh 1035 cr 198 fremont	1048 cr 198 fremont oh			1035	1048	11.188	0.9999861589469319	6.636	3085	0.0	0.0	0.667	2.0	1.0	0.769	0.769	1.0	0.769	9.0	0.0	0.0	0.0	0.667	4.0	0.8	1.0	0.0	0.0	0.773	1.0	0.594	1.0	b5	0	4	15	2.0	0		691.0	12.406175091619321	6.37993032711699	28509.0	0.7226547786618296	4.76132377221212	4.76132377221212	6.203087545809661	29.926487327374037	9.086228293672397	1903.0	0.6046247156840631	9.97992946315296	19.569483563454785	7.903208285535172	1.6094379124341003	2.772588722239781	1.0986122886681098	0.0		6.539585955617669	6	1	0	0	0				name_token_jaccard=+7.56; address_token_containment=+6.65; name_translit_fuzz_ratio=+5.48; address_token_jaccard=+3.47	numbers_differ	cand_adds_token	holdings		near_duplicate_number_changed	house/unit number differs; name cand_adds_token	True	False	False	True	False
S1-551794426	fit	India	Takshshila (India) World Pvt Ltd	Sb-706, Tower Gulmohar, Sector-6, Chiranjiv Vihar, Ghaziabad, Uttar Pradesh	S3-527444433	S3	Takshshila (India) World LLP	Sb-709, Tower Gulmohar, Sector-6, Chiranjiv Vihar, Ghaziabad, UP	takshshila india world pvt ltd	takshshila india world llp	sb 706 tower gulmohar sector 6 chiranjiv vihar ghaziabad uttar pradesh	sb 709 tower gulmohar sector 6 chiranjiv vihar ghaziabad up			706	709	11.15	0.999985627909668	9.089	1386	0.0	1.0	0.5	3.0	0.75	0.857	0.893	0.917	0.857	4.0	0.0	0.0	0.0	0.615	8.0	0.8	1.0	0.0	0.0	0.899	1.0	0.771	3.0	b2,b3,b5	0	1	0	1.0	0		1229.0	25.413672851797756	12.938761182348973	26.0	0.7065456703859048	4.391311841099874	10.555230386852315	6.315518279510039	51.69549940204591	10.388159273295578	345.0	0.6346591514218437	8.70734212897952	29.758457869713453	6.203534165996013	0.6931471805599453	0.0	0.6931471805599453	0.0		7.114769448366463	1	1	0	0	0				name_translit_fuzz_ratio=+6.73; address_token_containment=+6.65; name_token_jaccard=+5.46; n_channels_hit=+3.82	numbers_differ	core_equal			near_duplicate_number_changed	house/unit number differs; name core_equal	False	False	False	False	False
S1-78405243	tune	India	Omega Holdings	33 Sf36/1 36/2 Abhishek C, Gidc Makarpura, Vadodara, Gujarat	S2-431767141	S2	Omega Holdings Enterprises	#35 SF36/1 36/2 ABHISHEK C, GIDC MAKARPURA, VADODARA, ગુજરાત	omega holdings	omega holdings enterprises	33 sf36 1 36 2 abhishek c gidc makarpura vadodara gujarat	35 sf36 1 36 2 abhishek c gidc makarpura vadodara ગુજરાત			33	35	11.123	0.9999852301193077	10.384	2270	0.0	0.0	0.667	2.0	1.0	0.7	0.7	1.0	0.7	12.0	0.0	0.0	0.0	0.692	9.0	0.818	3.0	0.0	0.0	0.867	1.0	0.607	1.0	b5	0	1	0	1.0	0		14034.0	15.162571953188344	9.790466791652861	628.0	0.7543436628468977	4.937778457345633	4.937778457345633	7.581285976594172	63.17403372769676	15.135985759685193	2.0	0.7415570940014238	6.11898744778643	22.017024706942756	6.717211884489655	0.6931471805599453	0.0	0.6931471805599453	0.0		9.549309488795982	1	1	0	0	0				name_token_jaccard=+7.56; address_token_containment=+6.86; name_translit_fuzz_ratio=+4.48; address_token_jaccard=+3.63	numbers_differ	cand_adds_token	enterprises		near_duplicate_number_changed	house/unit number differs; name cand_adds_token	False	False	False	True	False
S1-837017133	fit	India	Bhandari Cargo Private Limited	L.P.-3/2/146, Ward No - 46, Bahadurpur Housing Colony, Near Sbi Bank, Shiv Mandir, Bahadurpur, Sampatchak, Patna, Bihar	S2-930013622	S2	Bhandari Cargo Ventures Plravte Limited	Bihar, L.P.-3/2/147/2, WARD NO - 46, BAHADURPUR HOUSING COLONY, NEAR SBI BANK, SHIV MANIDR, BAHADURPUR, SAMPATCHAK	bhandari cargo private limited	bhandari cargo ventures plravte limited	l p 3 2 146 ward no 46 bahadurpur housing colony near sbi bank shiv mandir bahadurpur sampatchak patna bihar	bihar l p 3 2 147 2 ward no 46 bahadurpur housing colony near sbi bank shiv manidr bahadurpur sampatchak			3	3	11.085	0.9999846527088099	6.456	1247	0.0	0.0	0.5	3.0	0.75	0.812	0.812	0.846	0.812	9.0	0.0	0.0	0.0	0.762	16.0	0.889	3.0	1.0	0.0	0.887	1.0	0.72	2.0	b3,b5	0	1	0	1.0	0		86809.0	22.021087177412944	10.859319640669137	215.0	0.5011220226669576	14.625160135919202	21.922475829890793	6.071536998915837	89.8571795377736	9.293407993284928	1033.0	0.6891058994065334	13.19007561062988	40.539584755145256	5.754887884573494	0.6931471805599453	0.0	0.6931471805599453	0.0		11.371477101385853	1	1	0	0	0				address_token_containment=+7.69; name_translit_fuzz_ratio=+6.08; name_token_jaccard=+5.46; address_token_jaccard=+4.07	numbers_differ	cand_adds_token	plravte ventures		near_duplicate_number_changed	house/unit number differs; name cand_adds_token	False	False	False	True	False
S1-577586779	tune	US	Patecor Inc	9204 Old Mount Vernon Road, Fairfax County, VA	S2-387659374	S2	Patecor Lakeside Inc	9207-B Old Mount Vernon Road, FAIRFAX COUNTY, VA	patecor inc	patecor lakeside inc	9204 old mount vernon road fairfax county va	9207 b old mount vernon road fairfax county va			9204	9207	11.077	0.9999845394429883	5.439	201	0.0	0.0	0.667	2.0	1.0	0.71	0.71	1.0	0.71	9.0	0.0	0.0	0.0	0.7	7.0	0.875	0.0	0.0	0.0	0.956	1.0	0.678	1.0	b3	0	1	0	1.0	0		163.0	16.567607009011066	13.546898055665391	21.0	0.709192523250059	6.793619267156796	6.793619267156796	8.283803504505533	39.923306432907246	7.2042965985319505	12501.0	0.5826739696295234	11.439443477757882	28.594095259657365	6.42034373883314	0.6931471805599453	0.0	0.6931471805599453	0.0		5.099866427824199	3	1	0	0	0				name_token_jaccard=+7.56; address_token_containment=+7.52; name_translit_fuzz_ratio=+4.62; address_token_jaccard=+3.68	numbers_differ	cand_adds_token	lakeside		near_duplicate_number_changed	house/unit number differs; name cand_adds_token	False	False	False	True	False
S1-925653441	fit	US	Certified Learning Collective Inc	23-10 Regina Avenue, Far Rockaway, NY	S2-426430678	S2	Certified Learning Collective Holdings	23-19  REGINA AVE, FAR ROCKAWAY, NY	certified learning collective inc	certified learning collective holdings	23 10 regina avenue far rockaway ny	23 19 regina ave far rockaway ny			23	23	11.036	0.9999838914408762	5.409	2449	0.0	0.0	0.6	3.0	0.75	0.901	0.901	0.935	0.901	5.0	0.0	0.0	0.0	0.556	5.0	0.714	1.0	1.0	0.0	0.925	1.0	0.834	1.0	b5	0	2	11	1.0	0		10163.0	21.178385982913156	7.296308751366349	11402.0	0.7312872854534543	4.76132377221212	7.782032725557796	6.049773734064708	41.30501335352211	10.885367870198074	314.0	0.6607879090020395	7.112570443077507	21.20371719498831	7.395767562921754	1.0986122886681098	2.4849066497880004	0.6931471805599453	0.0		9.226607344440055	6	1	0	0	0				name_translit_fuzz_ratio=+7.37; name_token_jaccard=+6.72; address_token_containment=+5.66; address_token_jaccard=+2.77	numbers_differ	cand_adds_token	holdings		near_duplicate_number_changed	house/unit number differs; name cand_adds_token	True	False	False	True	False
S1-872413792	fit	US	Holmes & Shaikh LLC	570 57th Avenue, Fridley, MN	S2-650011037	S2	Holmes & Shaikh (Co)	583 57TH AVE, FRIDLEY, MN	holmes and shaikh llc	holmes and shaikh co	570 57th avenue fridley mn	583 57th ave fridley mn			570	583	11.018	0.9999835918823313	7.136	3139	0.0	1.0	0.6	3.0	0.75	0.927	0.829	0.927	0.927	1.0	0.0	0.0	0.0	0.429	3.0	0.6	0.0	0.0	0.0	0.857	1.0	0.794	3.0	b2,b3,b5	0	1	0	1.0	0		530.0	25.312877018385738	12.667648595471587	52.0	0.7792119305902835	4.444887249080923	7.172350715756172	7.010085121265247	25.013674870325694	9.912906866856865	832.0	0.47852394960259914	10.26803952619548	27.25889140582173	7.675747916994261	0.6931471805599453	0.0	0.6931471805599453	0.0		6.274762021241939	1	1	0	0	0				name_translit_fuzz_ratio=+7.73; name_token_jaccard=+6.72; address_token_containment=+4.33; n_channels_hit=+3.82	numbers_differ	core_equal			near_duplicate_number_changed	house/unit number differs; name core_equal	False	False	False	False	False
S1-180467247	tune	India	Paras Realty Limited	26/33 3Rd Floorsurya Plaza East Patel Nagar, New Delhi, Central Delhi, Delhi	S2-686525965	S2	PARAS REALTY  HOLDINGS LIMITED	26/36/2 3RD FLOORSURYA PLAZA EAST PATEL NAGAR, NEW DELHI, Delhi	paras realty limited	paras realty holdings limited	26 33 3rd floorsurya plaza east patel nagar new delhi central delhi delhi	26 36 2 3rd floorsurya plaza east patel nagar new delhi delhi			26	26	11.015	0.9999835466236165	-3.909	6	0.0	0.0	0.75	3.0	1.0	0.816	0.816	1.0	0.816	9.0	0.0	0.0	0.0	0.692	9.0	0.818	1.0	1.0	0.0	0.866	1.0	0.707	1.0	b5	0	1	0	1.0	0		18211.0	19.64441136569214	9.647048033528506	725.0	0.7852576654432059	5.372105161535482	5.372105161535482	6.54813712189738	51.28239561636943	14.625160135919202	4.0	0.7042415516597238	6.1070074050082646	21.536931069920897	5.738695635232667	0.6931471805599453	0.0	0.6931471805599453	0.0		9.809835996454673	1	1	0	0	0				name_token_jaccard=+8.61; address_token_containment=+6.86; name_translit_fuzz_ratio=+6.15; address_token_jaccard=+3.63	numbers_differ	cand_adds_token	holdings		near_duplicate_number_changed	house/unit number differs; name cand_adds_token	False	False	False	True	False
S1-807628642	fit	India	Shiv Equifin Co	Plot No. 196, Symphony Road, Beside Lipi School, Beeramguda, Ramachandrapuram, Medak, Telangana	S2-131313462	S2	Shiv Equifin Exports	Telangana, PLOT NO. 209, SYMPHONY ROAD, BESIDE LIPI SCHOOL, BEERAMGUDA, RAMACHANDRAPURAM	shiv equifin co	shiv equifin exports	plot no 196 symphony road beside lipi school beeramguda ramachandrapuram medak telangana	telangana plot no 209 symphony road beside lipi school beeramguda ramachandrapuram			196	209	10.965	0.9999827111013978	6.009	2717	0.0	0.0	0.5	2.0	0.667	0.8	0.686	0.889	0.8	5.0	0.0	0.0	0.0	0.769	10.0	0.909	0.0	0.0	0.0	0.824	1.0	0.659	2.0	b3,b5	0	1	0	1.0	0		3812.0	19.160300041736857	12.09146332196177	62.0	0.6559443847922203	5.177315818435519	10.049950836172794	8.010978353158045	70.05047717768646	15.135985759685193	2.0	0.7464930466151652	8.288334404772762	23.788946371290194	7.195882291666572	0.6931471805599453	0.0	0.6931471805599453	0.0		8.246171559857563	2	1	0	0	0				address_token_containment=+7.92; name_translit_fuzz_ratio=+5.92; name_token_jaccard=+5.46; address_token_jaccard=+4.12	numbers_differ	cand_adds_token	exports		near_duplicate_number_changed	house/unit number differs; name cand_adds_token	False	False	False	True	False
S1-702845323	fit	US	Zephyx Spade of Brownsville LLC	5575 Baytes Circle, Brownsville, TX	S3-430564373	S3	Zophyx Spade  of Brownsville LLC	5577 Baytes Circle, Brownsville, Texas	zephyx spade of brownsville llc	zophyx spade of brownsville llc	5575 baytes circle brownsville tx	5577 baytes circle brownsville texas			5575	5577	10.958	0.9999825872263918	8.276	500	0.0	0.0	0.667	4.0	0.8	0.968	0.968	0.968	0.968	0.0	0.0	0.0	0.0	0.429	3.0	0.6	0.0	0.0	0.0	0.928	1.0	0.898	2.0	b3,b5	0	1	0	1.0	0		99.0	28.000871285797622	11.262662101339544	215.0	0.536333213837045	12.61258881828856	24.20710421039302	7.9190773355804165	29.189348170470108	15.539328220355598	2.0	0.48002559300476777	11.825756153651291	31.61855164953009	8.987685716060625	0.6931471805599453	0.0	0.6931471805599453	0.0		4.605170185988092	1	1	0	0	0				name_translit_fuzz_ratio=+8.32; name_token_jaccard=+7.56; address_token_containment=+4.33; address_fuzz_ratio=+2.73	numbers_differ	token_substituted	zophyx	zephyx	near_duplicate_number_changed	house/unit number differs; name token_substituted	False	False	False	True	False
S1-479675099	fit	US	Supreme Direct Square LLC	14041 Ronneby Road, Foley, MN	S2-921057572	S2	Supreme Direct Square Riverside LLC	MN, 14062- RONNEBY ROAD, FOLEY	supreme direct square llc	supreme direct square riverside llc	14041 ronneby road foley mn	mn 14062 ronneby road foley	14041	14062	14041	14062	10.905	0.9999816256467731	0.029	1934	0.0	0.0	0.8	4.0	1.0	0.833	0.833	1.0	0.833	10.0	0.0	0.0	0.0	0.667	4.0	0.8	0.0	0.0	0.0	0.815	1.0	0.679	1.0	b5	0	1	0	1.0	0	24.0	24.0	25.0916901566722	9.166008430778586	1757.0	0.7870767765610661	6.787906477221669	6.787906477221669	6.27292253916805	33.96606511449639	15.944793328463762	1.0	0.5629654534845111	13.419064684155506	26.368125739065277	9.38302523388123	0.6931471805599453	0.0	0.6931471805599453	0.0	3.2188758248682006	3.2188758248682006	1	1	0	0	0				name_token_jaccard=+9.23; address_token_containment=+6.65; name_translit_fuzz_ratio=+6.39; address_token_jaccard=+3.47	numbers_differ	cand_adds_token	riverside		near_duplicate_number_changed	house/unit number differs; name cand_adds_token	False	False	False	True	False
S1-765168930	fit	US	Moore Pinnacle Utility Corp	1201 Canterbury Boulevard, Altus, OK	S2-751592585	S2	Co Moore Pinnacle Utility	1222 CANTERBURY BOULEVARD, ALTUS, OK	moore pinnacle utility corp	co moore pinnacle utility	1201 canterbury boulevard altus ok	1222 canterbury boulevard altus ok			1201	1222	10.892	0.9999813871557386	2.201	692	0.0	1.0	0.6	3.0	0.75	0.846	0.962	0.962	0.846	2.0	0.0	0.0	0.0	0.667	4.0	0.8	0.0	0.0	0.0	0.941	1.0	0.796	2.0	b2,b5	0	1	1	1.0	0		1126.0	23.37209843567834	9.297753673703593	1540.0	0.7290585926690746	4.444887249080923	8.685816621756725	6.903256952088535	30.778733926228025	10.101248911432403	689.0	0.6258598263006249	9.528061045951436	18.399584656955486	7.930051507446414	0.6931471805599453	0.6931471805599453	0.6931471805599453	0.0		7.027314514039777	3	1	0	0	0				name_token_jaccard=+6.72; address_token_containment=+6.65; name_translit_fuzz_ratio=+6.58; address_token_jaccard=+3.47	numbers_differ	core_equal			near_duplicate_number_changed	house/unit number differs; name core_equal	False	False	False	False	False
S1-629949654	fit	India	Apical Living Pvt. Ltd.	H No 2-239 Timber Market, Khammam, Telangana	S3-42148270	S3	Apical Vihar Pvt  Ltd	2-252 Timber Market, Khammam, తెలంగాణ	apical living pvt ltd	apical vihar pvt ltd	h no 2 239 timber market khammam telangana	2 252 timber market khammam తెలంగాణ			2	2	10.859	0.9999807715210008	10.5	2597	0.0	0.0	0.6	3.0	0.75	0.829	0.683	0.829	0.829	1.0	0.0	0.0	0.0	0.4	4.0	0.667	1.0	1.0	0.0	0.675	1.0	0.56	2.0	b3,b5	0	1	0	1.0	0		103456.0	17.898706923775478	11.734788378023037	89.0	0.48419257372751334	9.689248388018882	19.0673844517776	6.89698882794859	27.4802581269794	9.449010403345373	884.0	0.46049742823641776	8.357580152730904	32.19490277939407	5.749841214055726	0.6931471805599453	0.0	0.6931471805599453	0.0		11.546911346423387	1	1	0	0	0				name_token_jaccard=+6.72; name_translit_fuzz_ratio=+6.33; address_token_containment=+5.10; name_fuzz_token_set_ratio=+2.05	numbers_differ	token_substituted	vihar	living	near_duplicate_number_changed	house/unit number differs; name token_substituted	False	False	False	True	False
S1-415670258	fit	US	Dermatology Supreme Associates	2805 Buffalo Run, Bedford County, VA	S2-622650481	S2	Co Dermatology Supreme Associates	826 BUFFALO RUN, BEDFORD COUNTY, VA	dermatology supreme associates	co dermatology supreme associates	2805 buffalo run bedford county va	826 buffalo run bedford county va			2805	826	10.845	0.9999805042362995	3.582	686	0.0	1.0	0.75	3.0	1.0	0.952	0.952	1.0	0.952	3.0	0.0	0.0	0.0	0.714	5.0	0.833	0.0	0.0	0.0	0.925	1.0	0.881	1.0	b2	0	1	0	1.0	0		1344.0	18.140231295213344	6.634562373672784	22100.0	0.8031939818972593	4.444887249080923	4.444887249080923	6.046743765071113	30.410206936227837	7.310706385576026	11239.0	0.6096471183200759	10.111445649452918	19.471447585530964	6.753608764280126	0.6931471805599453	0.0	0.6931471805599453	0.0		7.20414929203594	1	1	0	0	0				name_token_jaccard=+8.61; name_translit_fuzz_ratio=+8.10; address_token_containment=+7.04; address_token_jaccard=+3.77	numbers_differ	core_equal			near_duplicate_number_changed	house/unit number differs; name core_equal	False	False	False	False	False
S1-257476272	fit	India	Infrastructure Sarv Infra Ltd	32, Ezra Street, Room No, 49&50, Kolkata, Howrah, West Bengal	S2-923886441	S2	INFRASTRUCTURE SARV INFRA  EXPORTS LTD	DOOR NO 124 33, EZRA STREET, ROOM NO, 49&50, KOLKATA, পশ্চিমবঙ্গ	infrastructure sarv infra ltd	infrastructure sarv infra exports ltd	32 ezra street room no 49 and 50 kolkata howrah west bengal	door no 124 33 ezra street room no 49 and 50 kolkata পশ্চিমবঙ্গ			32	124	10.828	0.9999801625229076	4.774	1007	0.0	0.0	0.8	4.0	1.0	0.879	0.879	1.0	0.879	8.0	0.0	0.0	0.0	0.5	8.0	0.667	2.0	0.0	0.0	0.656	1.0	0.576	2.0	b3,b5	0	1	0	1.0	0		3727.0	26.211727810189053	11.02511189551188	182.0	0.8350597781923443	5.177315818435519	5.177315818435519	6.552931952547263	43.115131249212396	9.51679335332961	826.0	0.5075058130264473	7.489791310951404	41.83981930022214	5.1941845500159625	0.6931471805599453	0.0	0.6931471805599453	0.0		8.223627175805483	3	1	0	0	0				name_token_jaccard=+9.23; name_translit_fuzz_ratio=+7.04; address_token_containment=+5.10; name_fuzz_token_set_ratio=+2.83	numbers_differ	cand_adds_token	exports		near_duplicate_number_changed	house/unit number differs; name cand_adds_token	False	False	False	True	False
S1-641445625	fit	US	Williams and Mingle Sports L.L.C.	77 Burgess Avenue, Westwood, MA	S2-174090504	S2	Williams ánd Mingle Sports Ltd Ltd	82 Burgess Avenue, WESTWOOD CTY, MA	williams and mingle sports l l c	williams ánd mingle sports ltd ltd	77 burgess avenue westwood ma	82 burgess avenue westwood cty ma			77	82	10.827	0.9999801420286031	5.849	588	0.0	0.0	0.375	3.0	0.6	0.879	0.788	0.846	0.909	2.0	0.0	0.0	0.0	0.571	4.0	0.8	0.0	0.0	0.0	0.871	1.0	0.765	2.0	b3,b5	0	1	0	1.0	0		3570.0	29.099914933309215	13.203953304538562	30.0	0.5390334676893261	7.892815249561464	24.88544344907801	6.923862448963373	27.779608492265037	10.308219603501012	560.0	0.5318840063790479	8.17858831729732	24.449088289543937	7.175445078496729	0.6931471805599453	0.0	0.6931471805599453	0.0		8.18060094759445	1	1	0	0	0				name_translit_fuzz_ratio=+7.48; address_token_containment=+6.65; name_token_jaccard=+3.89; address_token_jaccard=+2.87	numbers_differ	cand_adds_token	ánd		near_duplicate_number_changed	house/unit number differs; name cand_adds_token	False	False	False	True	False
S1-840015134	fit	India	Sunrise Flight Private Limited	43, Hakim Manzil, R No. 7 Gr Flr Navpada, Bandra East, Mumbai, Mumbai City, Maharashtra	S2-84146194	S2	एस फाइनेंस प्राइवेट लिमिटेड	43, HAKIM MANZIL, R NO. 7 GR FLR NAVPADA, BANDRA EAST, MUMBAI, MUMBAI CITY, Maharashtra	sunrise flight private limited	एस फाइनेंस प्राइवेट लिमिटेड	43 hakim manzil r no 7 gr flr navpada bandra east mumbai mumbai city maharashtra	43 hakim manzil r no 7 gr flr navpada bandra east mumbai mumbai city maharashtra			43	43	10.741	0.9999783525265532	9.634	440	0.0	0.0	0.0	0.0	0.0	0.105	0.105	0.105	0.548	3.0	1.0	0.0	0.0	1.0	14.0	1.0	2.0	1.0	0.0	1.0	1.0	0.105	1.0	b5	0	38	0	4.0	4		12342.0	0.0	0.0		0.0	11.489665919990053	45.52169056183638	5.787305995769154	83.56571231738133	11.463913423887638	117.0	1.0	0.0	0.0	5.968979451241523	3.6635616461296463	0.0	1.6094379124341003	1.6094379124341003		9.42084437974393	1	1	1	0	0	S1-685822133	Ace Finance Private Limited	43, Hakim Manzil, R No. 7 Gr Flr Navpada, Bandra East, Mumbai City, Maharashtra, Mumbai	address_token_containment=+8.98; address_token_jaccard=+5.58; address_fuzz_ratio=+3.14; address_exact=+2.35	numbers_equal	token_substituted	एस प्राइवेट फाइनेंस लिमिटेड	flight sunrise	shared_address	unrelated business name at the same address	True	False	True	True	True
S1-855283970	fit	US	Onyx Fund, L.L.C.	1025 1320E, Stronghurst, IL	S2-560986739	S2	Onyx Fund Valley, L.L.C.	1046 1320E, STRONGHURST, IL	onyx fund l l c	onyx fund valley l l c	1025 1320e stronghurst il	1046 1320e stronghurst il			1025	1046	10.703	0.9999775152280556	-0.39	45	0.0	0.0	0.8	4.0	1.0	0.811	0.811	1.0	0.811	7.0	0.0	0.0	0.0	0.6	3.0	0.75	0.0	0.0	0.0	0.92	1.0	0.746	1.0	b5	0	1	0	1.0	0		695.0	25.115685992633942	9.116081256822078	1847.0	0.8107059892639846	5.864331825460275	5.864331825460275	6.278921498158486	32.91659560037967	15.539328220355598	2.0	0.6339326311951736	9.987661460436286	19.007842392851487	10.484194133198718	0.6931471805599453	0.0	0.6931471805599453	0.0		6.54534966033442	1	1	0	0	0				name_token_jaccard=+9.23; address_token_containment=+6.07; name_translit_fuzz_ratio=+6.07; address_token_jaccard=+3.05	numbers_differ	cand_adds_token	valley		near_duplicate_number_changed	house/unit number differs; name cand_adds_token	False	False	False	True	False
S1-769989502	fit	India	Mavin Technologies Pvt. Ltd.	Maharashtra, Shop No.66, Kandivali East, Building No.73, Evershine Millanium Paradise Sector-1, Thakur Village, Mumbai City	S2-57329812	S2	MAVIN MAVIN TECHNOLOGIES VENTURES PVT	SHOP NO.78 , BUILDING NO.73, EVERSHINE MILLANIUM PARADISE SECTOR-1, THAKUR VILLAGE, KANDIVALI EAST, Maharashtra	mavin technologies pvt ltd	mavin mavin technologies ventures pvt	maharashtra shop no 66 kandivali east building no 73 evershine millanium paradise sector 1 thakur village mumbai city	shop no 78 building no 73 evershine millanium paradise sector 1 thakur village kandivali east maharashtra			66	78	10.681	0.9999770214475864	7.907	1615	0.0	0.0	0.6	3.0	0.75	0.73	0.73	0.917	0.73	11.0	0.0	0.0	0.0	0.778	14.0	0.933	2.0	0.0	0.0	0.73	1.0	0.533	2.0	b3,b5	0	1	0	1.0	0		7349.0	20.68187045264909	11.986102806303943	69.0	0.7239921027842939	5.032254875721187	7.884560552760708	5.883544032422153	82.79886428687132	12.833400666691146	29.0	0.79981764604342	6.752476353457015	20.72331317003413	5.692335359026379	0.6931471805599453	0.0	0.6931471805599453	0.0		8.902455592206882	1	1	0	0	0				address_token_containment=+8.20; name_token_jaccard=+6.72; name_translit_fuzz_ratio=+4.92; address_token_jaccard=+4.17	numbers_differ	cand_adds_token	ventures		near_duplicate_number_changed	house/unit number differs; name cand_adds_token	False	False	False	True	False
S1-1145614	fit	India	Seven Finance Private Limited	Plot No. 193, Hig, Sector 6B Vrindavan Yojna-1, Raibarely Road, Lucknow, Uttar Pradesh	S2-756200882	S2	ONE IMPEX IMPEX PRVAIE LIMITED	PLOT NO. 193, HIG, SECTOR 6B VRINDAVAN YOJNA-1, RAIBARELY ROAD, LUCKNOW, Uttar Pradesh	seven finance private limited	one impex impex prvaie limited	plot no 193 hig sector 6b vrindavan yojna 1 raibarely road lucknow uttar pradesh	plot no 193 hig sector 6b vrindavan yojna 1 raibarely road lucknow uttar pradesh			193	193	10.655	0.9999764246376653	8.55	2042	0.0	0.0	0.143	1.0	0.25	0.644	0.542	0.642	0.644	1.0	1.0	0.0	0.0	1.0	14.0	1.0	2.0	1.0	0.0	1.0	1.0	0.644	1.0	b5	0	1	11	1.0	1		1783.0	2.2370509742152915	2.2370509742152915	1199657.0	0.050245329135369284	13.46200932611352	42.28551485848736	4.439918239766628	82.1551036424703	11.745961678621162	88.0	1.0	0.0	0.0	5.8682216887478775	0.6931471805599453	2.4849066497880004	0.6931471805599453	0.6931471805599453		7.486613313139955	35	1	1	0	0	S1-790524247	One Impex Private Limited	Plot No. 193, Hig, Sector 6B Vrindavan Yojna-1, Raibarely Road, Lucknow, Uttar Pradesh	address_token_containment=+8.98; address_token_jaccard=+5.58; name_translit_fuzz_ratio=+3.68; address_fuzz_ratio=+3.14	numbers_equal	token_substituted	impex one prvaie	finance seven	shared_address	unrelated business name at the same address	True	False	False	True	True
S1-670746590	tune	US	Lewis Saratoga LLC	503 Bard Road, Oxnard, CA	S2-587594494	S2	Lewis Saratoga Corp	514 BARD ROAD, OXNARD, CA	lewis saratoga llc	lewis saratoga corp	503 bard road oxnard ca	514 bard road oxnard ca			503	514	10.644	0.9999761645249862	3.318	168	0.0	1.0	0.5	2.0	0.667	0.865	0.757	0.875	0.865	1.0	0.0	0.0	0.0	0.667	4.0	0.8	0.0	0.0	0.0	0.913	1.0	0.79	2.0	b2,b5	0	1	3	1.0	0		2932.0	16.954111648853203	9.060818578147028	1952.0	0.7087097279974578	4.240929372675803	6.968392839351052	6.560525038509485	28.75970871012378	11.56276669378988	159.0	0.6273147504433727	8.554303305882161	17.086030912285906	7.458287263305506	0.6931471805599453	1.3862943611198906	0.6931471805599453	0.0		7.983781068977451	3	1	0	0	0				name_translit_fuzz_ratio=+6.84; address_token_containment=+6.65; name_token_jaccard=+5.46; address_token_jaccard=+3.47	numbers_differ	core_equal			near_duplicate_number_changed	house/unit number differs; name core_equal	False	False	False	False	False
S1-196670148	fit	India	Bansal Trading Limited	Plot No 14, Bande, Sankul Nagar, Jule, Solapur North, Solapur, Maharashtra	S2-869912283	S2	Bansal Trading Overseas Limited	PLOT NO #27 , BANDE, SANKUL NAGAR, JULE, SOLAPUR NORTH, Maharashtra	bansal trading limited	bansal trading overseas limited	plot no 14 bande sankul nagar jule solapur north solapur maharashtra	plot no 27 bande sankul nagar jule solapur north maharashtra			14	27	10.627	0.9999757481421856	7.618	1875	0.0	0.0	0.75	3.0	1.0	0.83	0.83	1.0	0.83	9.0	0.0	0.0	0.0	0.818	9.0	0.9	0.0	0.0	0.0	0.906	1.0	0.752	1.0	b5	0	2	1	1.0	0		18555.0	17.10736175641631	9.77000974466334	641.0	0.7573184380764757	5.482028513636469	5.482028513636469	5.702453918805436	55.40727134081785	11.840148893680864	80.0	0.8354072107268945	5.828216242377464	10.91639767875829	6.049545277719868	1.0986122886681098	0.6931471805599453	0.6931471805599453	0.0		9.828548465871634	2	1	0	0	0				name_token_jaccard=+8.61; address_token_containment=+7.81; name_translit_fuzz_ratio=+6.35; address_token_jaccard=+4.43	numbers_differ	cand_adds_token	overseas		near_duplicate_number_changed	house/unit number differs; name cand_adds_token	False	False	False	True	False
S1-839303027	fit	India	Snp Trading Ltd	C1, Tnhb Flat, West Avenue Road, M.K.B.Nagar Vyasarpadi, Chennai, Tamil Nadu	S3-281952634	S3	Snp Trading Industries Ltd	C22, Tnhb Flat, West Avenue Road, M.k.b.nagar Vyasarpadi, Chennai, TN	snp trading ltd	snp trading industries ltd	c1 tnhb flat west avenue road m k b nagar vyasarpadi chennai tamil nadu	c22 tnhb flat west avenue road m k b nagar vyasarpadi chennai tn					10.588	0.9999747752133661	4.836	1158	0.0	0.0	0.75	3.0	1.0	0.732	0.732	1.0	0.732	11.0	0.0	0.0	0.0	0.688	11.0	0.846	0.0	0.0	0.0	0.919	1.0	0.672	2.0	b3,b5	0	1	0	1.0	0			19.05140632588024	11.09879961130304	169.0	0.7945848186669442	4.925148320409537	4.925148320409537	6.350468775293414	58.18853546836033	11.147001713120918	161.0	0.62846342047886	12.107463663308211	34.4000441883894	5.414564996794907	0.6931471805599453	0.0	0.6931471805599453	0.0			1	1	0	0	0				name_token_jaccard=+8.61; address_token_containment=+7.19; name_translit_fuzz_ratio=+4.94; address_token_jaccard=+3.60	numbers_differ	cand_adds_token	industries		near_duplicate_number_changed	house/unit number differs; name cand_adds_token	False	False	False	True	False
S1-629801203	fit	US	American Piedmont Figx LLC	2405 Bagdad Road, Leander, TX	S2-355005624	S2	CORP AMERICAN PIEDMONT FIGX	2412 BAGDAD ROAD, LEANDER, TX	american piedmont figx llc	corp american piedmont figx	2405 bagdad road leander tx	2412 bagdad road leander tx			2405	2412	10.584	0.9999746834118691	10.088	1175	0.0	1.0	0.6	3.0	0.75	0.83	0.83	0.917	0.83	1.0	0.0	0.0	0.0	0.667	4.0	0.8	0.0	0.0	0.0	0.926	1.0	0.769	2.0	b2,b5	0	1	0	2.0	0		720.0	22.092216687697583	9.213178747200498	1676.0	0.7602117452882361	4.240929372675803	6.968392839351052	6.204920038593208	26.753645423088347	11.08498092410209	257.0	0.5755052958628455	9.918927354638448	19.73358174130647	7.313659961951274	0.6931471805599453	0.0	1.0986122886681098	0.0		6.580639137284949	1	1	0	0	0				name_token_jaccard=+6.72; address_token_containment=+6.65; name_translit_fuzz_ratio=+6.35; address_token_jaccard=+3.47	numbers_differ	core_equal			near_duplicate_number_changed	house/unit number differs; name core_equal	False	False	False	False	False
S1-140844607	fit	India	Deswal Chemical Company	Bldg No C3/203, Apurva Lok, Rachana Chs Ltd, Amar, Mumbai, Maharashtra	S3-91171672	S3	Deswal Chemical Exports Company	H.no 578 Bldg No C3/208, Apurva Lok, Rachana Chs Ltd, Amar, Mumbai, महाराष्ट्र	deswal chemical company	deswal chemical exports company	bldg no c3 203 apurva lok rachana chs ltd amar mumbai maharashtra	h no 578 bldg no c3 208 apurva lok rachana chs ltd amar mumbai महाराष्ट्र			203	578	10.563	0.9999741471777065	1.501	1698	0.0	0.0	0.75	3.0	1.0	0.852	0.852	1.0	0.852	8.0	0.0	0.0	0.0	0.625	10.0	0.833	0.0	0.0	0.0	0.768	1.0	0.654	2.0	b3,b5	0	1	0	1.0	0		753.0	27.860436685961396	12.768862145553575	31.0	0.8432909194490006	5.177315818435519	5.177315818435519	9.2868122286538	68.45593199668104	10.850102985564213	217.0	0.6668942398297308	9.277100677476351	34.19292581045639	6.55000928491726	0.6931471805599453	0.0	0.6931471805599453	0.0		6.625392368007956	1	1	0	0	0				name_token_jaccard=+8.61; address_token_containment=+7.04; name_translit_fuzz_ratio=+6.66; address_token_jaccard=+3.21	numbers_differ	cand_adds_token	exports		near_duplicate_number_changed	house/unit number differs; name cand_adds_token	False	False	False	True	False
S1-942823365	tune	US	American Council	3614 Cotton Road, Eclectic, AL	S2-106581609	S2	American Council Partners	AL, 3618 COTTON ROAD, ECLECTIC	american council	american council partners	3614 cotton road eclectic al	al 3618 cotton road eclectic			3614	3618	10.545	0.999973667432778	4.324	2256	0.0	0.0	0.667	2.0	1.0	0.78	0.78	1.0	0.78	9.0	0.0	0.0	0.0	0.667	4.0	0.8	0.0	0.0	0.0	0.857	1.0	0.669	1.0	b5	0	6	73	1.0	0		421.0	13.380447409203764	6.993936374580682	15428.0	0.7629190083376989	4.158042604772971	4.158042604772971	6.690223704601882	28.992146389888507	10.562594477935024	434.0	0.5807832165458126	10.489472213106062	20.92690354808708	7.885915544973905	1.9459101490553132	4.30406509320417	0.6931471805599453	0.0		6.045005314036012	33	1	0	0	0				name_token_jaccard=+7.56; address_token_containment=+6.65; name_translit_fuzz_ratio=+5.64; address_token_jaccard=+3.47	numbers_differ	cand_adds_token	partners		near_duplicate_number_changed	house/unit number differs; name cand_adds_token	True	False	False	True	False
S1-385039059	fit	US	Stefa Young, Esq., M.D., P.C.	2963 Jonestown Road, Clinton, IN	S3-941479039	S3	Stefa Young, Esq., M.D., P.C. LLC	##2984 Jonestown Road, Clinton, Indiana	stefa young esq m d p c	stefa young esq m d p c llc	2963 jonestown road clinton in	2984 jonestown road clinton indiana			2963	2984	10.529	0.9999732606415351	7.666	378	0.0	1.0	0.875	7.0	1.0	0.92	0.92	1.0	0.92	4.0	0.0	0.0	0.0	0.429	3.0	0.6	0.0	0.0	0.0	0.862	1.0	0.793	3.0	b2,b3,b5	0	1	0	1.0	0		114.0	47.84514103147203	11.703466575893016	138.0	0.9460683606521556	2.7274634666752497	2.7274634666752497	6.835020147353148	23.16940354863721	12.403834004426448	68.0	0.41074331508369066	11.755138586437337	33.23907030300989	7.92597309358459	0.6931471805599453	0.0	0.6931471805599453	0.0		4.74493212836325	1	1	0	0	0				name_token_jaccard=+10.18; name_translit_fuzz_ratio=+7.63; address_token_containment=+4.33; n_channels_hit=+3.82	numbers_differ	core_equal			near_duplicate_number_changed	house/unit number differs; name core_equal	False	False	False	False	False
S1-31986060	fit	US	Matarazzo Cartesian, Inc	12620 Palos Drive W, Palos Park, IL	S2-923771115	S2	Corp Matarazzo Cartesian,	12641 PALOS DR W, PALOS PARK, IL	matarazzo cartesian inc	corp matarazzo cartesian	12620 palos drive w palos park il	12641 palos dr w palos park il	12620	12641	12620	12641	10.516	0.9999729054291873	8.677	1336	0.0	1.0	0.5	2.0	0.667	0.809	0.894	0.905	0.809	1.0	0.0	0.0	0.0	0.5	4.0	0.667	0.0	0.0	0.0	0.889	1.0	0.719	3.0	b2,b3,b5	0	1	0	1.0	0	55.0	56.0	23.016889206556897	13.693501529857267	18.0	0.7601720123870531	4.240929372675803	7.261638326021479	8.67919938663419	26.392595477962516	9.542047287926176	1206.0	0.45567952655763605	12.594889241189158	31.52660856734866	6.982479778470437	0.6931471805599453	0.0	0.6931471805599453	0.0	4.02535169073515	4.04305126783455	1	1	0	0	0				name_translit_fuzz_ratio=+6.04; name_token_jaccard=+5.46; address_token_containment=+5.10; n_channels_hit=+3.82	numbers_differ	core_equal			near_duplicate_number_changed	house/unit number differs; name core_equal	False	False	False	False	False
S1-864609059	fit	US	Ridge Fund	9 Blanchard Hill Road, Kingfield, ME	S2-235805979	S2	Ridge Fund Partners	10 BLANCHARD HILL ROAD, KINGFIELD, ME	ridge fund	ridge fund partners	9 blanchard hill road kingfield me	10 blanchard hill road kingfield me			9	10	10.495	0.9999723393969903	4.324	1261	0.0	0.0	0.667	2.0	1.0	0.69	0.69	1.0	0.69	9.0	0.0	0.0	0.0	0.714	5.0	0.833	0.0	0.0	0.0	0.957	1.0	0.66	1.0	b5	0	5	73	1.0	0		16552.0	13.43006284323556	7.025273281439864	14952.0	0.7635878055732387	4.158042604772971	4.158042604772971	6.71503142161778	36.556193126178954	11.61405998817743	151.0	0.7279308817836062	6.997312343508015	13.663125824278907	7.258917578281161	1.791759469228055	4.30406509320417	0.6931471805599453	0.0		9.714322633260165	39	1	0	0	0				name_token_jaccard=+7.56; address_token_containment=+7.04; name_translit_fuzz_ratio=+4.34; address_token_jaccard=+3.77	numbers_differ	cand_adds_token	partners		near_duplicate_number_changed	house/unit number differs; name cand_adds_token	True	False	False	True	False
S1-9774959	tune	US	4738 Union Plaza Properties LLC	108 Hilltop Drive, City Of Milton, WI	S2-261798948	S2	4738 Union Plaza Properties Partners Co	117 HILLTOP DRIVE, CITY OF MILTON, WI	4738 union plaza properties llc	4738 union plaza properties partners co	108 hilltop drive city of milton wi	117 hilltop drive city of milton wi			108	117	10.438	0.9999707062419726	4.851	3	0.0	0.0	0.571	4.0	0.8	0.829	0.829	0.931	0.829	8.0	0.0	0.0	0.0	0.75	6.0	0.857	0.0	0.0	0.0	0.943	1.0	0.781	1.0	b3	0	1	0	1.0	0		6553.0	37.56470648507969	15.251646147903816	3.0	0.7682713939520496	4.444887249080923	11.330393320529144	8.058433990350988	34.62371349920194	8.850558482539007	2409.0	0.6963457468324176	7.703748973685633	15.098301256686957	6.00260939745761	0.6931471805599453	0.0	0.6931471805599453	0.0		8.787830829258759	1	1	0	0	0				address_token_containment=+7.32; name_token_jaccard=+6.36; name_translit_fuzz_ratio=+6.33; address_token_jaccard=+4.00	numbers_differ	cand_adds_token	partners		near_duplicate_number_changed	house/unit number differs; name cand_adds_token	False	False	False	True	False
S1-458496858	fit	US	Cozy Yoga LLC	8726 Izard Street, Omaha, NE	S2-461301350	S2	Cozy Yoga Inc	8729 Izard Street, OMAHA, NE	cozy yoga llc	cozy yoga inc	8726 izard street omaha ne	8729 izard street omaha ne			8726	8729	10.429	0.9999704267939928	4.442	465	0.0	1.0	0.5	2.0	0.667	0.846	0.846	0.846	0.846	0.0	0.0	0.0	0.0	0.667	4.0	0.8	0.0	0.0	0.0	0.962	1.0	0.814	2.0	b2,b5	0	25	18	1.0	0		91.0	15.318525771782255	7.713949764265527	7509.0	0.7271441225536959	3.020708953345676	5.748172420020926	6.0153297461525	30.13525190798029	12.403834004426448	68.0	0.5593907339484947	11.910552690311366	23.736308843962657	8.392201612326314	3.258096538021482	2.9444389791664403	0.6931471805599453	0.0		4.5217885770490405	14	1	0	0	0				address_token_containment=+6.65; name_translit_fuzz_ratio=+6.58; name_token_jaccard=+5.46; address_token_jaccard=+3.47	numbers_differ	core_equal			near_duplicate_number_changed	house/unit number differs; name core_equal	True	False	False	False	False
S1-382705071	tune	India	IBB Consumer Private Limited	47 Govt. Indl Estate Kandivli(W), Mumbai, Maharashtra	S3-937930643	S3	IBB India Private Limited	#48 Govt. Indl Estate Kandivli(w), Mumbai, MH	ibb consumer private limited	ibb india private limited	47 govt indl estate kandivli w mumbai maharashtra	48 govt indl estate kandivli w mumbai mh			47	48	10.424	0.9999702993151546	10.182	765	0.0	0.0	0.6	3.0	0.75	0.792	0.717	0.864	0.792	3.0	0.0	0.0	0.0	0.6	6.0	0.75	0.0	0.0	0.0	0.876	1.0	0.695	2.0	b3,b5	0	1	0	1.0	0		11120.0	19.63809755215089	15.135985759685193	2.0	0.5949624179704572	9.452405992346511	13.369193259831148	7.2726258861243505	39.676738493694266	9.593415878612712	765.0	0.6679072759166889	6.359458531332662	19.727822475100037	6.190658202051242	0.6931471805599453	0.0	0.6931471805599453	0.0		9.316590491818841	1	1	0	0	0				name_token_jaccard=+6.72; address_token_containment=+6.07; name_translit_fuzz_ratio=+5.81; address_token_jaccard=+3.05	numbers_differ	token_substituted	india	consumer	near_duplicate_number_changed	house/unit number differs; name token_substituted	False	False	False	True	False
S1-453070973	tune	US	Shock General Inc	1275 Sunnyside Road, Unit A, Nelson Creek, KY	S3-448937172	S3	Shock Ltd General	1296 Sunnyside Road, Unit A, Nelson Creek, Kentucky	shock general inc	shock ltd general	1275 sunnyside road unit a nelson creek ky	1296 sunnyside road unit a nelson creek kentucky			1275	1296	10.418	0.9999701205139832	3.482	2675	0.0	1.0	0.5	2.0	0.667	0.765	0.824	0.867	0.765	0.0	0.0	0.0	0.0	0.6	6.0	0.75	0.0	0.0	0.0	0.889	1.0	0.68	3.0	b2,b3,b5	0	1	1	1.0	0		297.0	20.807209520183022	12.403834004426448	68.0	0.733234631777401	4.549368439045528	7.570077392391204	7.942639491176233	36.272888296484695	9.0562208688984	1961.0	0.5314155267731246	10.800210061857769	31.984222135989654	6.4895841083750065	0.6931471805599453	0.6931471805599453	0.6931471805599453	0.0		5.697093486505405	3	1	0	0	0				address_token_containment=+6.07; name_token_jaccard=+5.46; name_translit_fuzz_ratio=+5.41; n_channels_hit=+3.82	numbers_differ	core_equal			near_duplicate_number_changed	house/unit number differs; name core_equal	False	False	False	False	False
S1-273895456	fit	US	Holden Precision Eureka	1256 Day Street, City Of Green Bay, WI	S3-168850318	S3	Holden Precision Eureka North LLC	1267 Day Street, City Of Green Bay, Wisconsin	holden precision eureka	holden precision eureka north llc	1256 day street city of green bay wi	1267 day street city of green bay wisconsin			1256	1267	10.411	0.9999699064123685	7.714	2426	0.0	0.0	0.6	3.0	1.0	0.821	0.821	1.0	0.821	10.0	0.0	0.0	0.0	0.6	6.0	0.75	0.0	0.0	0.0	0.886	1.0	0.728	2.0	b3,b5	0	1	0	1.0	0		325.0	26.317348797240513	10.522048383540673	452.0	0.7445659578843609	6.3010808951264075	9.028544361801657	8.77244959908017	34.33773098441344	9.346284299849247	1467.0	0.5172352796665146	10.732578660969137	32.0493317978325	6.273650205995068	0.6931471805599453	0.0	0.6931471805599453	0.0		5.786897381366708	1	1	0	0	0				name_token_jaccard=+6.72; name_translit_fuzz_ratio=+6.22; address_token_containment=+6.07; address_token_jaccard=+3.05	numbers_differ	cand_adds_token	north		near_duplicate_number_changed	house/unit number differs; name cand_adds_token	False	False	False	True	False
S1-421008562	fit	India	Kn Properties Pvt Ltd	Maharashtra, Pune, Shirur, Ground Floor, Shop No. 6Th Gat No. 185, Patel Complex Near John Deere Sanaswadi	S2-411038092	S2	Kn Properties Overseas Pvt Ltd	H.NO 12 GROUND FLOOR, SHOP NO. 6TH GAT NO. 185, PATEL COMPLEX NEAR JOHN DEEER SANASWADI, SHIRUR, Maharashtra	kn properties pvt ltd	kn properties overseas pvt ltd	maharashtra pune shirur ground floor shop no 6th gat no 185 patel complex near john deere sanaswadi	h no 12 ground floor shop no 6th gat no 185 patel complex near john deeer sanaswadi shirur maharashtra			185	12	10.37	0.999968643972929	2.701	2912	0.0	0.0	0.8	4.0	1.0	0.824	0.824	1.0	0.824	9.0	0.0	0.0	0.0	0.737	14.0	0.875	1.0	0.0	0.0	0.786	1.0	0.647	2.0	b3,b5	0	1	0	1.0	0		39596.0	22.78742868274286	10.323801404312775	368.0	0.8060794561581256	5.482028513636469	5.482028513636469	5.696857170685715	83.65998424596351	10.805252419398862	227.0	0.6662898142648668	15.541450867793356	41.90096904321073	6.354855490096158	0.6931471805599453	0.0	0.6931471805599453	0.0		10.586508636797065	1	1	0	0	0				name_token_jaccard=+9.23; address_token_containment=+7.52; name_translit_fuzz_ratio=+6.25; address_token_jaccard=+3.92	numbers_cand_superset	cand_adds_token	overseas		near_duplicate_name_token_numbers_not_contradicted	no house number contradicted; name cand_adds_token (+overseas)	False	False	False	True	False
S1-27980076	tune	US	Dynamic Aerospace Services LLC	7258 Old Sauk Road, City Of Madison, WI	S2-702105475	S2	Dynamic Aerospace Services Group	7271 OLD SAUK ROAD, CITY OF MADISON, WI	dynamic aerospace services llc	dynamic aerospace services group	7258 old sauk road city of madison wi	7271 old sauk road city of madison wi			7258	7271	10.358	0.9999682767653407	4.064	1152	0.0	0.0	0.6	3.0	0.75	0.871	0.871	0.929	0.871	2.0	0.0	0.0	0.0	0.778	7.0	0.875	0.0	0.0	0.0	0.946	1.0	0.824	1.0	b5	0	1	0	1.0	0		88.0	19.027444755943904	7.883148745323676	6340.0	0.728151639827142	4.3762486892308035	7.103712155906053	5.438727055654788	40.066681023133086	9.650450262022717	1082.0	0.621994619907476	12.375260631982393	24.349762046894035	6.555242706889435	0.6931471805599453	0.0	0.6931471805599453	0.0		4.48863636973214	1	1	0	0	0				address_token_containment=+7.52; name_translit_fuzz_ratio=+6.93; name_token_jaccard=+6.72; address_token_jaccard=+4.17	numbers_differ	cand_adds_token	group		near_duplicate_number_changed	house/unit number differs; name cand_adds_token	False	False	False	True	False
S1-425295927	fit	US	Rudolph's Seafood	7111 Horner Avenue, Fl 0, Saint Louis, MO	S2-12096423	S2	Ltd Rudolph's Seafood	7118-D HORNER AVE, SAINT LOUIS, MO	rudolph s seafood	ltd rudolph s seafood	7111 horner avenue fl 0 saint louis mo	7118 d horner ave saint louis mo			7111	7118	10.358	0.9999682552729829	8.241	799	0.0	1.0	0.75	3.0	1.0	0.895	0.895	1.0	0.895	4.0	0.0	0.0	0.0	0.364	4.0	0.571	0.0	0.0	0.0	0.829	1.0	0.741	3.0	b2,b3,b5	0	1	2	1.0	0		203.0	22.60489704139518	10.971513820911275	288.0	0.8324621064663874	4.549368439045528	4.549368439045528	7.534965680465059	28.498181750589225	11.344635684299215	198.0	0.37061457955917765	11.230768737563588	48.39620752164607	6.999256190735988	0.6931471805599453	1.0986122886681098	0.6931471805599453	0.0		5.318119993844216	2	1	0	0	0				name_token_jaccard=+8.61; name_translit_fuzz_ratio=+7.27; address_token_containment=+4.00; n_channels_hit=+3.82	numbers_differ	core_equal			near_duplicate_number_changed	house/unit number differs; name core_equal	False	False	False	False	False
S1-250033672	fit	US	Katheryn's All Iron Works LLC	2005 Bastona Drive, Elk Grove, CA	S2-353654705	S2	Katheryn's All In Works Holdings	2016B BASTONA DRIVE, CA, ELK GROVE CPD	katheryn s all iron works llc	katheryn s all in works holdings	2005 bastona drive elk grove ca	2016b bastona drive ca elk grove cpd			2005		10.272	0.99996541933212	10.144	1514	0.0	0.0	0.5	4.0	0.667	0.82	0.754	0.816	0.82	3.0	0.0	0.0	0.0	0.625	5.0	0.833	0.0	0.0	0.0	0.836	1.0	0.685	2.0	b3,b5	0	1	3	1.0	0			28.91149065827844	11.620660672208784	150.0	0.5180186847213885	11.262662101339544	26.900184694374552	6.631281579850221	37.80550247400456	15.539328220355598	2.0	0.5315444200400818	14.558498967343871	33.31837927261181	7.8707555459015355	0.6931471805599453	1.3862943611198906	0.6931471805599453	0.0			3	1	0	0	0				address_token_containment=+7.04; name_translit_fuzz_ratio=+6.20; name_token_jaccard=+5.46; address_token_jaccard=+3.21	numbers_differ	token_substituted	holdings in	iron	near_duplicate_number_changed	house/unit number differs; name token_substituted	False	False	False	True	False
S1-102704158	fit	India	Ahmed (India) (i) Pvt Ltd	Door No Vii 889Bvettoor Tourist Home Ettumanoor P O, Kottayam, Kerala	S2-64537776	S2	Ahmed (India) (i) L.L.P. L.L.P.	DOOR NO VII 896BVETTOOR TOURIST HOME ETTUMANOOR P O, KOTTAYAM, Kerala	ahmed india i pvt ltd	ahmed india i l l p l l p	door no vii 889bvettoor tourist home ettumanoor p o kottayam kerala	door no vii 896bvettoor tourist home ettumanoor p o kottayam kerala					10.239	0.9999642611969465	1.746	454	0.0	0.0	0.429	3.0	0.6	0.739	0.739	0.895	0.739	4.0	0.0	0.0	0.0	0.833	10.0	0.909	0.0	0.0	0.0	0.985	1.0	0.728	2.0	b3,b5	0	1	0	1.0	0			24.29943777423647	11.712809471304261	91.0	0.5699001523725448	6.103417309804393	18.33862377580131	6.092671263997782	64.73864262729661	11.217318211538378	150.0	0.6707646431026141	16.234598048353302	31.776048916146657	7.361203697786357	0.6931471805599453	0.0	0.6931471805599453	0.0			1	1	0	0	0				address_token_containment=+7.92; name_translit_fuzz_ratio=+5.05; name_token_jaccard=+4.57; address_token_jaccard=+4.52	numbers_differ	core_equal			near_duplicate_number_changed	house/unit number differs; name core_equal	False	False	False	False	False
S1-687827284	fit	US	QR Wintergreen LLC	2314 Utter Street, Bellingham, WA	S2-441367311	S2	QR WINTERGREEN CORP	02319 UTTER ST, BELLINGHAM, WA	qr wintergreen llc	qr wintergreen corp	2314 utter street bellingham wa	02319 utter st bellingham wa		02319	2314	02319	10.236	0.9999641275991493	1.526	908	0.0	1.0	0.5	2.0	0.667	0.865	0.865	0.875	0.865	1.0	0.0	0.0	0.0	0.429	3.0	0.6	0.0	0.0	0.0	0.881	1.0	0.762	3.0	b2,b3,b5	0	1	0	1.0	0	21.0	20.0	21.01953359664362	11.710686823866503	137.0	0.7510214679430788	4.240929372675803	6.968392839351052	7.9156656877729565	27.80460985273216	14.153033859235707	11.0	0.479277875823633	13.546898055665391	30.208937726425937	8.239376696461958	0.6931471805599453	0.0	0.6931471805599453	0.0	3.091042453358316	3.044522437723423	1	1	0	0	0				name_translit_fuzz_ratio=+6.84; name_token_jaccard=+5.46; address_token_containment=+4.33; n_channels_hit=+3.82	numbers_differ	core_equal			near_duplicate_number_changed	house/unit number differs; name core_equal	False	False	False	False	False
S1-505814935	fit	US	Heise's Dynamic Chemical LLC	8859 Senator Royall Drive, Charlotte, NC	S3-847250596	S3	Heise's Dynamic Chemical Co	8870 Senator Royall Drive, PMB 3674, Charlotte, North Carolina	heise s dynamic chemical llc	heise s dynamic chemical co	8859 senator royall drive charlotte nc	8870 senator royall drive pmb 3674 charlotte north carolina			8859	8870	10.212	0.9999632807739293	3.112	307	0.0	1.0	0.667	4.0	0.8	0.945	0.873	0.945	0.945	1.0	0.0	0.0	0.0	0.364	4.0	0.667	0.0	0.0	0.0	0.742	1.0	0.702	3.0	b2,b3,b5	0	1	0	1.0	0		64.0	30.69067192984244	12.433247889632742	66.0	0.8105711003875724	4.444887249080923	7.172350715756172	6.683627079303537	34.15352038941019	12.853750875105447	43.0	0.3853120358619421	12.510806123978616	54.48508212143234	8.501080275303508	0.6931471805599453	0.0	0.6931471805599453	0.0		4.174387269895637	1	1	0	0	0				name_translit_fuzz_ratio=+8.00; name_token_jaccard=+7.56; address_token_containment=+5.10; n_channels_hit=+3.82	numbers_differ	core_equal			near_duplicate_number_changed	house/unit number differs; name core_equal	False	False	False	False	False
S1-861793418	fit	India	Punam Pulses Pvt. Ltd.	C/O Radhey Shyam Agrawal, Manglam Malhar Colony Medical College Road, Gorakhpur, Uttar Pradesh	S2-772536149	S2	Punam Technology Pvt. Ltd.	#78 C/O RADHEY SHYAM AGRAWAL, MANGLAM MALHAR COLONY MEDICAL COLLEGE ROAD, GORAKHPUR, Uttar Pradesh	punam pulses pvt ltd	punam technology pvt ltd	c o radhey shyam agrawal manglam malhar colony medical college road gorakhpur uttar pradesh	78 c o radhey shyam agrawal manglam malhar colony medical college road gorakhpur uttar pradesh				78	10.212	0.9999632721559182	8.302	4315	0.0	0.0	0.6	3.0	0.75	0.682	0.591	0.788	0.682	4.0	0.0	0.0	0.0	0.933	14.0	1.0	0.0	0.0	0.0	0.984	1.0	0.671	2.0	b3,b5	0	1	0	1.0	0		7349.0	18.902009032639263	12.738090486886822	32.0	0.5237672633223207	11.32194316261725	17.186556168517978	7.555988048814129	88.57389313072483	9.50956440618646	832.0	0.9291646541246122	6.752476353457015	6.752476353457015	6.3267066521946305	0.6931471805599453	0.0	0.6931471805599453	0.0		8.902455592206882	1	1	0	0	0				address_token_containment=+8.98; name_token_jaccard=+6.72; address_token_jaccard=+5.16; name_translit_fuzz_ratio=+4.22	number_added_by_cand	token_substituted	technology	pulses	near_duplicate_number_changed	house/unit number differs; name token_substituted	False	False	False	True	False
S1-120788755	fit	US	Adams, Miller and Wilson Ltd	5401 15 Avenue, Brooklyn, NY	S2-33827288	S2	Adams, Miller And Wilson Corp	5406 15 AVENUE, BROOKLYN, NY	adams miller and wilson ltd	adams miller and wilson corp	5401 15 avenue brooklyn ny	5406 15 avenue brooklyn ny			5401	5406	10.18	0.9999620777123313	5.118	486	0.0	1.0	0.667	4.0	0.8	0.873	0.873	0.92	0.873	1.0	0.0	0.0	0.0	0.667	4.0	0.8	1.0	0.0	0.0	0.962	1.0	0.839	1.0	b2	0	1	0	2.0	0		265.0	26.150062289268362	8.067965132168501	5270.0	0.7484199422583414	4.549368439045528	8.79029781172133	6.1398861456627785	21.49585582379225	6.86183188581741	17607.0	0.5008621688434414	10.968059586043188	21.42185120412941	6.389929488375695	0.6931471805599453	0.0	1.0986122886681098	0.0		5.583496308781699	1	1	0	0	0				name_token_jaccard=+7.56; name_translit_fuzz_ratio=+6.96; address_token_containment=+6.65; address_token_jaccard=+3.47	numbers_differ	core_equal			near_duplicate_number_changed	house/unit number differs; name core_equal	False	False	False	False	False
S1-652010176	fit	US	Delta Montessori School Center	6107 Rattmann Road, Town Of Burke, WI	S2-653446460	S2	>> Delta Montessori School Center Co	6111 RATTMANN RD, TOWN OF BURKE, WI	delta montessori school center	delta montessori school center co	6107 rattmann road town of burke wi	6111 rattmann rd town of burke wi			6107	6111	10.164	0.9999614618731579	1.714	1505	0.0	1.0	0.8	4.0	1.0	0.952	0.952	1.0	0.952	3.0	0.0	0.0	0.0	0.556	5.0	0.714	0.0	0.0	0.0	0.912	1.0	0.868	2.0	b2,b5	0	1	0	1.0	0		299.0	24.97271593232891	7.717017046793022	7486.0	0.8489038273556622	4.444887249080923	4.444887249080923	6.2431789830822275	41.70707518444289	15.944793328463762	1.0	0.5930849526807622	10.99249361138047	28.61518640038678	8.024805897996991	0.6931471805599453	0.0	0.6931471805599453	0.0		5.703782474656201	1	1	0	0	0				name_token_jaccard=+9.23; name_translit_fuzz_ratio=+8.10; address_token_containment=+5.66; name_fuzz_token_set_ratio=+2.83	numbers_differ	core_equal			near_duplicate_number_changed	house/unit number differs; name core_equal	False	False	False	False	False
S1-745548773	fit	US	EJY Dynamic Mines LLC	157 Heron Ct, Middlesex County, VA	S3-719396002	S3	ejy dynamic mines coastal llc	0178 Heron Ct, PO Box 6829, Middlesex County, Virginia	ejy dynamic mines llc	ejy dynamic mines coastal llc	157 heron ct middlesex county va	0178 heron ct po box 6829 middlesex county virginia			157	0178	10.16	0.9999613031013839	8.635	3209	0.0	0.0	0.8	4.0	1.0	0.84	0.84	1.0	0.84	8.0	0.0	0.0	0.0	0.364	4.0	0.667	0.0	0.0	0.0	0.747	1.0	0.627	2.0	b3,b5	0	1	0	2.0	0		62.0	33.854807302128734	15.539328220355598	2.0	0.8515962860202048	5.899719411865764	5.899719411865764	8.463701825532183	27.925743638384407	9.43527931250047	1342.0	0.349890975268341	12.479057425664037	51.8869569234617	6.872696794188397	0.6931471805599453	0.0	1.0986122886681098	0.0		4.143134726391533	1	1	0	0	0				name_token_jaccard=+9.23; name_translit_fuzz_ratio=+6.49; address_token_containment=+5.10; name_fuzz_token_set_ratio=+2.83	numbers_differ	cand_adds_token	coastal		near_duplicate_number_changed	house/unit number differs; name cand_adds_token	False	False	False	True	False
S1-414779360	fit	US	Plainfield Rate LLC	21325 Conifer Drive, Plainfield, IL	S2-151171159	S2	LLC Plainfield Rate North	21346 CONIFER DR, PLAINFIELD, IL	plainfield rate llc	llc plainfield rate north	21325 conifer drive plainfield il	21346 conifer dr plainfield il	21325	21346	21325	21346	10.138	0.9999604435471173	3.361	540	0.0	0.0	0.75	3.0	1.0	0.727	0.864	1.0	0.727	6.0	0.0	0.0	0.0	0.429	3.0	0.6	0.0	0.0	0.0	0.889	1.0	0.646	2.0	b3,b5	0	1	0	1.0	0	22.0	22.0	23.620243433103308	11.842149963426966	120.0	0.7894116976239063	6.3010808951264075	6.3010808951264075	7.873414477701103	23.716613033567388	10.671793769900015	389.0	0.4131871472637459	13.502446293094557	33.682590186150826	8.093464158664853	0.6931471805599453	0.0	0.6931471805599453	0.0	3.1354942159291497	3.1354942159291497	1	1	0	0	0				name_token_jaccard=+8.61; name_translit_fuzz_ratio=+4.88; address_token_containment=+4.33; name_fuzz_token_set_ratio=+2.83	numbers_differ	cand_adds_token	north		near_duplicate_number_changed	house/unit number differs; name cand_adds_token	False	False	False	True	False
S1-26690706	tune	US	N 3 Green Seafood Associates	318 Middleton Court, Fl 1, Rainier, WA	S3-429384085	S3	N 3 Green Seafood Associates (LLC)	319 Middleton Court, Fl 1, Rainier CIY, Washington	n 3 green seafood associates	n 3 green seafood associates llc	318 middleton court fl 1 rainier wa	319 middleton court fl 1 rainier ciy washington			318	319	10.119	0.9999596767498539	-1.675	927	0.0	1.0	0.833	5.0	1.0	0.933	0.933	1.0	0.933	4.0	0.0	0.0	0.0	0.5	5.0	0.714	1.0	0.0	0.0	0.829	1.0	0.774	2.0	b2,b5	0	1	0	1.0	0		3155.0	33.73511017326064	7.969572489810353	5815.0	0.925198273341628	2.7274634666752497	2.7274634666752497	6.747022034652128	34.42347500564194	9.804908776237507	927.0	0.4967963994789206	8.444263843068466	34.86743580157809	6.856169041203371	0.6931471805599453	0.0	0.6931471805599453	0.0		8.057060681965766	1	1	0	0	0				name_token_jaccard=+9.65; name_translit_fuzz_ratio=+7.82; address_token_containment=+5.66; name_fuzz_token_set_ratio=+2.83	numbers_differ	core_equal			near_duplicate_number_changed	house/unit number differs; name core_equal	False	False	False	False	False
S1-251418436	fit	India	Goregaon East Log Limited	Office No.303, C Wing, 3Rd Floor, Arkade Aspire, I B Patel Road, Goregaon East, Mumbai, Maharashtra	S2-649261082	S2	Goregaon  East Log LLP	OFFICE NO.312, C WING, 3RD FLOOR, ARKADE ASPIRE, I B PATEL ROAD, GOREGAON EAST, Maharashtra	goregaon east log limited	goregaon east log llp	office no 303 c wing 3rd floor arkade aspire i b patel road goregaon east mumbai maharashtra	office no 312 c wing 3rd floor arkade aspire i b patel road goregaon east maharashtra			303	312	10.012	0.9999551468192577	8.743	746	0.0	1.0	0.6	3.0	0.75	0.826	0.826	0.895	0.826	4.0	0.0	0.0	0.0	0.833	15.0	0.938	0.0	0.0	0.0	0.938	1.0	0.775	3.0	b2,b3,b5	0	1	0	2.0	0		2819.0	29.146002005735316	12.47339793265974	42.0	0.8147175261260018	4.391311841099874	6.628362815315166	7.845763244987652	77.11439230153927	11.489665919990053	114.0	0.8095905569868945	7.910504286902897	18.13670917936348	5.137682187882344	0.6931471805599453	0.0	1.0986122886681098	0.0		7.944492163932159	1	1	0	0	0				address_token_containment=+8.25; name_token_jaccard=+6.72; name_translit_fuzz_ratio=+6.29; address_token_jaccard=+4.52	numbers_differ	core_equal			near_duplicate_number_changed	house/unit number differs; name core_equal	False	False	False	False	False
S1-911261433	fit	India	Samridh & Brothers Private Limited	S No 63/1, Mahadev Vihar, Flat No 1, Parvati, Pune City, Pune, Maharashtra	S3-723880776	S3	SAMRIDH & BROTHERS GROUP PRIVATE LIMITED	S No 63/12, Pune City, Pune, MH	samridh and brothers private limited	samridh and brothers group private limited	s no 63 1 mahadev vihar flat no 1 parvati pune city pune maharashtra	s no 63 12 pune city pune mh			63	63	9.981	0.9999537358220982	2.079	2030	0.0	0.0	0.833	5.0	1.0	0.923	0.923	1.0	0.923	6.0	0.0	0.0	0.0	0.385	5.0	0.714	1.0	1.0	0.0	0.562	1.0	0.519	1.0	b3	0	1	0	1.0	0		9156.0	25.59078257802696	11.64963056968273	97.0	0.8353960253767118	5.042332496332061	5.042332496332061	5.118156515605392	20.30328150631409	6.457524420672833	17624.0	0.3291855231787262	8.667252372340062	41.37404047995909	4.83659545563786	0.6931471805599453	0.0	0.6931471805599453	0.0		9.122273893107732	1	1	0	0	0				name_token_jaccard=+9.65; name_translit_fuzz_ratio=+7.68; address_token_containment=+5.66; name_fuzz_token_set_ratio=+2.83	numbers_differ	cand_adds_token	group		near_duplicate_number_changed	house/unit number differs; name cand_adds_token	False	False	False	True	False
S1-638191732	fit	US	Urology Rocky Group	150 Presley Lane, Livingston, TN	S2-350530303	S2	Urology Rocky Group Ltd	LIVINGSTON, TN, 171 PRESLEY LANE	urology rocky group	urology rocky group ltd	150 presley lane livingston tn	livingston tn 171 presley lane			150	171	9.973	0.9999533656137538	4.028	198	0.0	1.0	0.75	3.0	1.0	0.905	0.905	1.0	0.905	4.0	0.0	0.0	0.0	0.667	4.0	0.8	0.0	0.0	0.0	0.467	1.0	0.422	2.0	b2,b5	0	1	0	1.0	0		2743.0	17.500939742202554	6.694703536970296	20810.0	0.7936823194646151	4.549368439045528	4.549368439045528	5.833646580734183	29.373745662841735	11.344635684299215	198.0	0.6431639186347603	8.563914292899646	16.29695322398821	7.42135691878606	0.6931471805599453	0.0	0.6931471805599453	0.0		7.917171988845776	1	1	0	0	0				name_token_jaccard=+8.61; name_translit_fuzz_ratio=+7.42; address_token_containment=+6.65; address_token_jaccard=+3.47	numbers_differ	core_equal			near_duplicate_number_changed	house/unit number differs; name core_equal	False	False	False	False	False
S1-307624228	fit	US	Ivenio Surgical, Inc	2025 Brianna Lane, Arlington, TX	S3-877784083	S3	Ivenio Surgical, Holdings	##2026 Brianna Lane, Arlington, Texas	ivenio surgical inc	ivenio surgical holdings	2025 brianna lane arlington tx	2026 brianna lane arlington texas			2025	2026	9.945	0.9999520567548882	3.308	1376	0.0	0.0	0.5	2.0	0.667	0.837	0.837	0.882	0.837	5.0	0.0	0.0	0.0	0.429	3.0	0.6	0.0	0.0	0.0	0.921	1.0	0.771	2.0	b3,b5	0	1	0	1.0	0		624.0	17.906672767601506	11.319820515179492	203.0	0.6970640374373831	4.76132377221212	7.782032725557796	6.9757939069823935	23.684073823357124	12.375260631982393	70.0	0.4604143605449196	10.081162152865666	27.756706163014368	7.463180549492009	0.6931471805599453	0.0	0.6931471805599453	0.0		6.437751649736401	1	1	0	0	0				name_translit_fuzz_ratio=+6.45; name_token_jaccard=+5.46; address_token_containment=+4.33; address_fuzz_ratio=+2.69	numbers_differ	cand_adds_token	holdings		near_duplicate_number_changed	house/unit number differs; name cand_adds_token	False	False	False	True	False
S1-781377227	fit	US	Urgent Care Medicine	9931 3975 Road, Washington County, OK	S2-973467575	S2	Urgent Care Medicine Holdings	9944 3975 RD, WASHINGTON COUNTY, OK	urgent care medicine	urgent care medicine holdings	9931 3975 road washington county ok	9944 3975 rd washington county ok			9931	9944	9.945	0.9999520234284676	9.824	823	0.0	0.0	0.75	3.0	1.0	0.816	0.816	1.0	0.816	9.0	0.0	0.0	0.0	0.5	4.0	0.667	1.0	0.0	0.0	0.912	1.0	0.744	1.0	b5	0	21	156	1.0	0		108.0	16.894860827973673	6.651261365600815	21734.0	0.7801402296796421	4.76132377221212	4.76132377221212	5.631620275991224	26.561289412451387	11.226294457168668	223.0	0.46517831508633606	11.928410307711374	30.537867085249225	6.993962035053056	3.091042453358316	5.056245805348308	0.6931471805599453	0.0		4.6913478822291435	106	1	0	0	0				name_token_jaccard=+8.61; name_translit_fuzz_ratio=+6.15; address_token_containment=+5.10; name_fuzz_token_set_ratio=+2.83	numbers_differ	cand_adds_token	holdings		near_duplicate_number_changed	house/unit number differs; name cand_adds_token	True	False	False	True	False
S1-360908528	tune	US	Smith Best Concepts	Malvern, AR, 1637 Highway 171	S2-925733139	S2	SMITH BEST CONCEPTS COASTAL (INC.)	AR, MALVERN, 1658 HIGHWAY 171	smith best concepts	smith best concepts coastal inc	malvern ar 1637 highway 171	ar malvern 1658 highway 171			1637	1658	9.904	0.999950026948607	0.908	1911	0.0	0.0	0.6	3.0	1.0	0.76	0.76	1.0	0.76	12.0	0.0	0.0	0.0	0.667	4.0	0.8	1.0	0.0	0.0	0.815	1.0	0.619	1.0	b5	0	1	0	1.0	0		342.0	20.127311503014123	7.288186081264847	11495.0	0.6929045631199271	5.899719411865764	8.92042836521144	6.709103834338041	29.777689008130807	9.430080637591232	1349.0	0.5860027723711166	10.732578660969137	21.037239541853154	8.016469977802966	0.6931471805599453	0.0	0.6931471805599453	0.0		5.8377304471659395	1	1	0	0	0				name_token_jaccard=+6.72; address_token_containment=+6.65; name_translit_fuzz_ratio=+5.34; address_token_jaccard=+3.47	numbers_differ	cand_adds_token	coastal		near_duplicate_number_changed	house/unit number differs; name cand_adds_token	False	False	False	True	False
S1-999366092	tune	US	Pioneer Hamilton Inc	1150 Goss Avenue, Village Of Fox Crossing, WI	S2-963211377	S2	Pioneer  Hamilton Partners	1151 GOSS AVENUE, VILLAGE OF FOX CROSSING, WI	pioneer hamilton inc	pioneer hamilton partners	1150 goss avenue village of fox crossing wi	1151 goss avenue village of fox crossing wi			1150	1151	9.904	0.9999500149394204	2.811	1656	0.0	0.0	0.5	2.0	0.667	0.8	0.8	0.889	0.8	5.0	0.0	0.0	0.0	0.778	7.0	0.875	0.0	0.0	0.0	0.977	1.0	0.781	1.0	b5	0	2	4	1.0	0		687.0	14.843038005242835	8.281150839100494	4258.0	0.6740159768821776	4.158042604772971	7.178751558118647	5.954582319529504	47.32345870864384	11.620660672208784	150.0	0.7098141408104204	10.007257123381336	19.346752530896897	7.082869264519925	1.0986122886681098	1.6094379124341003	0.6931471805599453	0.0		6.5337888379333435	5	1	0	0	0				address_token_containment=+7.52; name_translit_fuzz_ratio=+5.92; name_token_jaccard=+5.46; address_token_jaccard=+4.17	numbers_differ	cand_adds_token	partners		near_duplicate_number_changed	house/unit number differs; name cand_adds_token	False	False	False	True	False
S1-851884495	fit	India	Puri Security Private Limited	Shiva Ji Nagar, Raebareli, Rae Bareli, Raibareilly, Uttar Pradesh	S3-494841404	S3	Puri Sécurity Group Private Limited	No 83 Shiva Ji Nagar, Raebareli, Rae Bareli, Raibareilly, UP	puri security private limited	puri sécurity group private limited	shiva ji nagar raebareli rae bareli raibareilly uttar pradesh	no 83 shiva ji nagar raebareli rae bareli raibareilly up				83	9.871	0.9999483473675602	3.967	4244	0.0	0.0	0.5	3.0	0.75	0.875	0.875	0.875	0.906	6.0	0.0	0.0	0.0	0.583	7.0	0.778	0.0	0.0	0.0	0.855	1.0	0.748	2.0	b3,b5	0	1	0	1.0	0		7124.0	14.946749669921747	10.44463787745605	326.0	0.38514842766630997	11.110634068950043	23.861015327295142	5.6636996079836965	57.21287452097667	9.77939948501318	635.0	0.7282223628667592	6.845442258912453	21.352241628092678	7.266181252904234	0.6931471805599453	0.0	0.6931471805599453	0.0		8.871365005136852	1	1	0	0	0				name_translit_fuzz_ratio=+7.44; address_token_containment=+6.39; name_token_jaccard=+5.46; address_token_jaccard=+2.95	number_added_by_cand	token_substituted	group sécurity	security	near_duplicate_number_changed	house/unit number differs; name token_substituted	False	False	False	True	False
S1-272722628	tune	India	Harvest Trading Pvt. Ltd.	Sitakundu Madharatsub Po Sitakundu Viapost Madharat, South 24 Parganas, West Bengal	S3-302620291	S3	Harvest Trading Public Limited	8. Sitakundu Madharatsub Po Sitakundu Viapost Madharat, South 24 Parganas, WB, South 24 Parganas	harvest trading pvt ltd	harvest trading public limited	sitakundu madharatsub po sitakundu viapost madharat south 24 parganas west bengal	8 sitakundu madharatsub po sitakundu viapost madharat south 24 parganas wb south 24 parganas			24	8	9.867	0.9999481494915561	3.768	373	0.0	0.0	0.333	2.0	0.5	0.792	0.792	0.792	0.792	7.0	0.0	0.0	0.0	0.667	8.0	0.8	1.0	0.0	0.0	0.879	1.0	0.696	2.0	b3,b5	0	1	0	1.0	0		66932.0	15.446021127558101	10.345720090020421	360.0	0.5340948693481211	5.073004682911311	13.473974202879045	5.4024849183276356	81.53605238451877	15.541450867793356	1.0	0.8233933016440946	4.770631761834615	17.488377643893216	8.98181388638205	0.6931471805599453	0.0	0.6931471805599453	0.0		11.11144739803952	2	1	0	0	0				address_token_containment=+6.65; name_translit_fuzz_ratio=+5.81; address_token_jaccard=+3.47; name_token_jaccard=+3.37	numbers_cand_superset	core_equal			possible_gt_omission	same numbers, core name equal	False	False	False	False	False
S1-932246907	fit	US	Littles Tax LLC	14606 Village Parkway, Litchfield Park, AZ	S3-724685479	S3	Littles Tax South LLC	14615 Village Parkway, Litchfield Park, Arizona	littles tax llc	littles tax south llc	14606 village parkway litchfield park az	14615 village parkway litchfield park arizona	14606	14615	14606	14615	9.853	0.9999474178519862	3.254	98	0.0	0.0	0.75	3.0	1.0	0.833	0.833	1.0	0.833	6.0	0.0	0.0	0.0	0.5	4.0	0.667	0.0	0.0	0.0	0.894	1.0	0.745	1.0	b3	0	1	0	1.0	0	75.0	71.0	23.482001351038313	12.9243684423194	40.0	0.7880992994494959	6.313738053172539	6.313738053172539	7.827333783679438	27.27527396643815	8.988724189203076	2098.0	0.44065451193209954	12.560403065117988	34.62191130654732	7.448661855768496	0.6931471805599453	0.0	0.6931471805599453	0.0	4.330733340286331	4.276666119016055	1	1	0	0	0				name_token_jaccard=+8.61; name_translit_fuzz_ratio=+6.39; address_token_containment=+5.10; name_fuzz_token_set_ratio=+2.83	numbers_differ	cand_adds_token	south		near_duplicate_number_changed	house/unit number differs; name cand_adds_token	False	False	False	True	False
S1-531809202	tune	US	Cardiology Care of Springfield	1138 Poland Hollow Road, Springfield, WV	S2-793258975	S2	Cardiology Care of Springfield LLC	1149 POLAND HOLLOW RD, SPRINGFIELD, WV	cardiology care of springfield	cardiology care of springfield llc	1138 poland hollow road springfield wv	1149 poland hollow rd springfield wv			1138	1149	9.832	0.9999462914392465	-1.838	1371	0.0	1.0	0.8	4.0	1.0	0.938	0.938	1.0	0.938	4.0	0.0	0.0	0.0	0.5	4.0	0.667	0.0	0.0	0.0	0.919	1.0	0.861	2.0	b2,b5	0	1	0	1.0	0		586.0	25.583444984161524	9.813566838980622	919.0	0.9036603339164613	2.7274634666752497	2.7274634666752497	6.395861246040381	29.568662372068523	10.171795784786088	642.0	0.5228439546641152	10.13215644889548	26.98485059924237	7.1812718061842284	0.6931471805599453	0.0	0.6931471805599453	0.0		6.375024819828097	1	1	0	0	0				name_token_jaccard=+9.23; name_translit_fuzz_ratio=+7.88; address_token_containment=+5.10; name_fuzz_token_set_ratio=+2.83	numbers_differ	core_equal			near_duplicate_number_changed	house/unit number differs; name core_equal	False	False	False	False	False
S1-807964708	tune	India	Swastik Investment	S No 79/2/1, Pl 3, Fl 5, Lalit Mahal, Nilgiri Lane, Haveli, Pune, Maharashtra	S3-907630957	S3	Swastik Investment Hotel Limited	S No 79/2/4, Pl 3, Fl 5, Lalit Mahal, Nilgiri Lane, Haveli, Pune, महाराष्ट्र	swastik investment	swastik investment hotel limited	s no 79 2 1 pl 3 fl 5 lalit mahal nilgiri lane haveli pune maharashtra	s no 79 2 4 pl 3 fl 5 lalit mahal nilgiri lane haveli pune महाराष्ट्र			79	79	9.83	0.9999461937601265	3.014	1264	0.0	0.0	0.5	2.0	1.0	0.72	0.72	1.0	0.72	14.0	0.0	0.0	0.0	0.778	14.0	0.875	4.0	1.0	0.0	0.835	1.0	0.601	1.0	b5	0	1	10	1.0	0		6629.0	13.703918581158522	7.1736861898690485	8611.0	0.603493643737641	6.766674051749371	9.003725025964663	6.851959290579261	80.38467294037439	10.064987315861845	477.0	0.8436438710144255	4.130541517230565	14.89803544191631	5.449108915029132	0.6931471805599453	2.3978952727983707	0.6931471805599453	0.0		8.799360083179907	5	1	0	0	0				address_token_containment=+7.52; name_token_jaccard=+5.46; name_translit_fuzz_ratio=+4.77; address_numeric_token_overlap=+4.36	numbers_differ	cand_adds_token	hotel		near_duplicate_number_changed	house/unit number differs; name cand_adds_token	True	False	False	True	False
S1-672197970	fit	India	Sarvam & Co	Chennai, 5Th Cross Street, South Phase, Tamil Nadu, Chennai City Corporation, 21B	S2-12826784	S2	Sarvam & Co Enterprises	23B, 5TH CROSS STREET, SOUTH PHASE, CHENNAI CITY CORPORATION, Tamil Nadu	sarvam and co	sarvam and co enterprises	chennai 5th cross street south phase tamil nadu chennai city corporation 21b	23b 5th cross street south phase chennai city corporation tamil nadu					9.792	0.999944083972265	7.705	536	0.0	0.0	0.75	3.0	1.0	0.684	0.684	1.0	0.684	12.0	0.0	0.0	0.0	0.833	10.0	0.909	0.0	0.0	0.0	0.764	1.0	0.523	1.0	b3	0	1	3	2.0	0			20.773867579513638	11.534117682560886	109.0	0.807955568061764	4.937778457345633	4.937778457345633	6.924622526504547	49.01847345071285	7.014604419348981	10096.0	0.7097917538084535	10.175474852771506	20.041885714774317	5.381268027589486	0.6931471805599453	1.3862943611198906	1.0986122886681098	0.0			2	1	0	0	0				name_token_jaccard=+8.61; address_token_containment=+7.92; address_token_jaccard=+4.52; name_translit_fuzz_ratio=+4.26	numbers_differ	cand_adds_token	enterprises		near_duplicate_number_changed	house/unit number differs; name cand_adds_token	False	False	False	True	False
S1-163706020	fit	US	Wences Chemical	1392 Sunnyfield Circle, Upland, CA	S3-973284404	S3	Wences  Chemical Harbor	1396 Sunnyfield Circle, N/A, Upland, California	wences chemical	wences chemical harbor	1392 sunnyfield circle upland ca	1396 sunnyfield circle n a upland california			1392	1396	9.736	0.999940910187309	6.367	397	0.0	0.0	0.667	2.0	1.0	0.811	0.811	1.0	0.811	7.0	0.0	0.0	0.0	0.333	3.0	0.6	0.0	0.0	0.0	0.816	1.0	0.661	2.0	b3,b5	0	1	0	1.0	0		305.0	22.375149671231465	14.846181039795653	5.0	0.7913142859317639	5.9007832533017615	5.9007832533017615	11.187574835615733	26.297437436802394	12.022819992182448	100.0	0.3804741545572719	10.950965152683889	42.82010214325835	8.504237410067304	0.6931471805599453	0.0	0.6931471805599453	0.0		5.723585101952381	1	1	0	0	0				name_token_jaccard=+7.56; name_translit_fuzz_ratio=+6.07; address_token_containment=+4.33; name_fuzz_token_set_ratio=+2.83	numbers_differ	cand_adds_token	harbor		near_duplicate_number_changed	house/unit number differs; name cand_adds_token	False	False	False	True	False
S1-423824682	tune	US	Klein, Schiefer & Butler LLC	Unit SUITE 126, IN, 9546 Allisonville Road, Indianapolis	S2-138327056	S2	Klein, & Schiefer Butler Co	IN, INDIANAPOLIS, 9547. ALLISONVILLE ROAD	klein schiefer and butler llc	klein and schiefer butler co	unit suite 126 in 9546 allisonville road indianapolis	in indianapolis 9547 allisonville road			126	9547	9.716	0.9999396690151701	6.363	165	0.0	0.0	0.667	4.0	0.8	0.807	0.877	0.947	0.807	1.0	0.0	0.0	0.0	0.444	4.0	0.8	0.0	0.0	0.0	0.593	1.0	0.479	2.0	b3,b5	0	1	0	1.0	0		53.0	37.03445001580866	14.846181039795653	5.0	0.8377545853338596	4.444887249080923	7.172350715756172	7.952382696496781	27.357779472178272	12.510806123978616	61.0	0.37840481213412	12.403834004426448	44.93987265831765	7.4867272657586845	0.6931471805599453	0.0	0.6931471805599453	0.0		3.9889840465642745	1	1	0	0	0				name_token_jaccard=+7.56; address_token_containment=+6.65; name_translit_fuzz_ratio=+6.02; name_fuzz_token_set_ratio=+2.59	numbers_differ	core_equal			near_duplicate_number_changed	house/unit number differs; name core_equal	False	False	False	False	False
S1-867301957	fit	US	Meggi's Bakery	4928 Fairview Lane, IL, Skokie	S2-706828467	S2	Meggi's  Bakery Co	4932 FAIRVIEW LN, SKOKIE, IL	meggi s bakery	meggi s bakery co	4928 fairview lane il skokie	4932 fairview ln skokie il			4928	4932	9.703	0.9999388743643138	1.757	381	0.0	1.0	0.75	3.0	1.0	0.903	0.903	1.0	0.903	3.0	0.0	0.0	0.0	0.429	3.0	0.6	0.0	0.0	0.0	0.815	1.0	0.736	2.0	b2,b3	0	1	0	1.0	0		196.0	23.616944223942088	11.893008380660458	114.0	0.8416038078856694	4.444887249080923	4.444887249080923	7.872314741314028	21.404376906852683	8.919255013825243	2249.0	0.4083961727527922	11.217405509751423	31.006439684734342	7.381347640215078	0.6931471805599453	0.0	0.6931471805599453	0.0		5.2832037287379885	1	1	0	0	0				name_token_jaccard=+8.61; name_translit_fuzz_ratio=+7.39; address_token_containment=+4.33; name_fuzz_token_set_ratio=+2.83	numbers_differ	core_equal			near_duplicate_number_changed	house/unit number differs; name core_equal	False	False	False	False	False
S1-693965045	fit	India	Uday College	Ghaziabad, Uttar Pradesh, Ghaziabad, 706, Shakti Khand-3 Indirapuram, Sf-3	S3-780549266	S3	Uday College  Exports	Sf-4, 706, Shakti Khand-3 Indirapuram, Ghaziabad, उत्तर प्रदेश	uday college	uday college exports	ghaziabad uttar pradesh ghaziabad 706 shakti khand 3 indirapuram sf 3	sf 4 706 shakti khand 3 indirapuram ghaziabad उत्तर प्रदेश			706	4	9.66	0.9999362033998498	9.174	397	0.0	0.0	0.667	2.0	1.0	0.75	0.75	1.0	0.75	8.0	0.0	0.0	0.0	0.583	7.0	0.778	2.0	0.0	0.0	0.551	1.0	0.413	1.0	b3	0	1	0	1.0	0		76386.0	17.48250765725239	10.248146043068864	397.0	0.7715200286537827	5.177315818435519	5.177315818435519	8.741253828626196	47.12324338852034	8.3606196687488	2627.0	0.6827639681355522	4.923421637843127	21.89510788329831	6.145111127075753	0.6931471805599453	0.0	0.6931471805599453	0.0		11.243567803608192	1	1	0	0	0				name_token_jaccard=+7.56; address_token_containment=+6.39; name_translit_fuzz_ratio=+5.20; address_token_jaccard=+2.95	numbers_cand_superset	cand_adds_token	exports		near_duplicate_name_token_numbers_not_contradicted	no house number contradicted; name cand_adds_token (+exports)	False	False	False	True	False
S1-669643004	fit	India	Amro (India) Bank Private Limited	Hyderabad, Villa 16, Telangana, Legend Chimes Kokapet, Hyderabad	S3-90191955	S3	Amro (India) Private Limited Services	Villa 19, Legend Chimes Kokapet, Hyderabad, TG	amro india bank private limited	amro india private limited services	hyderabad villa 16 telangana legend chimes kokapet hyderabad	villa 19 legend chimes kokapet hyderabad tg			16	19	9.658	0.9999361074675115	3.502	1636	0.0	0.0	0.667	4.0	0.8	0.788	0.788	0.912	0.788	4.0	0.0	0.0	0.0	0.556	5.0	0.714	0.0	0.0	0.0	0.757	1.0	0.597	2.0	b3,b5	0	1	0	1.0	0		24611.0	20.46384236627721	12.044943306326877	65.0	0.5886325386002865	10.05044915741582	14.30121227194976	6.102858304738606	41.9987273151754	11.264784748777302	143.0	0.6707396437384531	5.444866685295316	20.61681614829148	7.4501605181942905	0.6931471805599453	0.0	0.6931471805599453	0.0		10.11098940786038	1	1	0	0	0				name_token_jaccard=+7.56; name_translit_fuzz_ratio=+5.74; address_token_containment=+5.66; address_token_jaccard=+2.77	numbers_differ	token_substituted	services	bank	near_duplicate_number_changed	house/unit number differs; name token_substituted	False	False	False	True	False
S1-574314003	fit	US	Miclarus Silver Source	7908 Kendall Road, Maple Falls, WA	S3-670770831	S3	Miclarus Sílver Source Group	7913 Kendall Road, Maple Falls, Washington	miclarus silver source	miclarus sílver source group	7908 kendall road maple falls wa	7913 kendall road maple falls washington			7908	7913	9.644	0.9999351759109599	8.576	1149	0.0	0.0	0.4	2.0	0.667	0.84	0.6	0.84	0.88	6.0	0.0	0.0	0.0	0.5	4.0	0.667	0.0	0.0	0.0	0.833	1.0	0.7	2.0	b3,b5	0	1	6	1.0	0		193.0	22.439442292744026	13.203953304538562	30.0	0.5167737290728986	10.357544670063513	20.982738500000195	9.562795811149968	26.039651407467534	9.83443525141537	900.0	0.44577359313088405	11.281354234351696	32.37487069236893	7.070551800251725	0.6931471805599453	1.9459101490553132	0.6931471805599453	0.0		5.267858159063328	4	1	0	0	0				name_translit_fuzz_ratio=+7.06; address_token_containment=+5.10; name_token_jaccard=+4.21; address_token_jaccard=+2.42	numbers_differ	token_substituted	group sílver	silver	near_duplicate_number_changed	house/unit number differs; name token_substituted	True	False	False	True	False
S1-835885687	tune	India	Uday (India) Solutions Private Limited	Chennai-29., No.28, Perumal Koil Street, Aminjikarai, Tamil Nadu, Chennai-29.	S2-19973137	S2	Uday Limited Services Private (India)	NO.G-35 , PERUMAL KOIL STREET, AMINJIKARAI, CHENNAI-29., Tamil Nadu	uday india solutions private limited	uday limited services private india	chennai 29 no 28 perumal koil street aminjikarai tamil nadu chennai 29	no g 35 perumal koil street aminjikarai chennai 29 tamil nadu			29	35	9.569	0.9999301542819751	2.977	1925	0.0	0.0	0.667	4.0	0.8	0.62	0.845	0.852	0.62	1.0	0.0	0.0	0.0	0.75	9.0	0.9	1.0	0.0	0.0	0.702	1.0	0.435	2.0	b3,b5	0	1	0	1.0	0		14034.0	18.6670451030192	10.248146043068864	397.0	0.6667046122569112	5.081165780583756	9.331928895117697	4.749642176720591	52.855574911611754	9.921050002076207	551.0	0.7665101498024401	6.11898744778643	16.100556882904886	5.871462140221628	0.6931471805599453	0.0	0.6931471805599453	0.0		9.549309488795982	1	1	0	0	0				address_token_containment=+7.81; name_token_jaccard=+7.56; address_token_jaccard=+4.00; name_translit_fuzz_ratio=+3.34	numbers_differ	token_substituted	services	solutions	near_duplicate_number_changed	house/unit number differs; name token_substituted	False	False	False	True	False
S1-679783190	fit	US	Lianna Dipietro Prairie Nasdaq Inc	475 Jackson Lane, Lavon, TX	S3-695819704	S3	Lianna Dipietro Prairie Electrical  Inc	476 Jackson Lane, Lavon, Texas	lianna dipietro prairie nasdaq inc	lianna dipietro prairie electrical inc	475 jackson lane lavon tx	476 jackson lane lavon texas			475	476	9.568	0.9999300962876391	4.957	2230	0.0	0.0	0.667	4.0	0.8	0.806	0.75	0.885	0.806	4.0	0.0	0.0	0.0	0.429	3.0	0.6	0.0	0.0	0.0	0.906	1.0	0.73	2.0	b3,b5	0	1	0	1.0	0		826.0	33.17319765630125	12.116151931974667	91.0	0.6511149624437675	9.057240756799144	17.775098066769615	8.446087682620078	22.003370496254547	10.53538191441014	446.0	0.4480182154497467	9.763742013570413	27.109298894132372	7.061042458154145	0.6931471805599453	0.0	0.6931471805599453	0.0		6.717804695023691	1	1	0	0	0				name_token_jaccard=+7.56; name_translit_fuzz_ratio=+6.00; address_token_containment=+4.33; address_fuzz_ratio=+2.61	numbers_differ	token_substituted	electrical	nasdaq	near_duplicate_number_changed	house/unit number differs; name token_substituted	False	False	False	True	False
S1-946312713	tune	India	Calibre Consulting	504 5Th Floor Tp Nagar, 678/1 Behsa Kanpur Road, Lucknow, Uttar Pradesh	S3-384280449	S3	Calibre Coesulitng Group	515 5Th Floor Tp Nagar, 678/1 Behsa Kanpur Road, Lucknow, UP	calibre consulting	calibre coesulitng group	504 5th floor tp nagar 678 1 behsa kanpur road lucknow uttar pradesh	515 5th floor tp nagar 678 1 behsa kanpur road lucknow up			504	515	9.56	0.9999295352667086	2.566	2919	0.0	0.0	0.25	1.0	0.5	0.762	0.762	0.762	0.762	6.0	0.0	0.0	0.0	0.667	10.0	0.833	2.0	0.0	0.0	0.88	1.0	0.67	2.0	b3,b5	0	1	0	1.0	0		1402.0	11.264784748777302	11.264784748777302	143.0	0.29568125820273505	15.541450867793356	26.832945277295423	8.756973330973654	59.52241964814345	12.157060604447583	58.0	0.6746216890919615	8.613402885543458	28.7083926879681	5.7776669333649515	0.6931471805599453	0.0	0.6931471805599453	0.0		7.246368080102461	1	1	0	0	0				address_token_containment=+7.04; name_translit_fuzz_ratio=+5.37; address_token_jaccard=+3.47; address_fuzz_ratio=+2.46	numbers_differ	token_substituted	coesulitng group	consulting	near_duplicate_number_changed	house/unit number differs; name token_substituted	False	False	False	True	False
S1-108796223	fit	US	Kelcie Carroll Gulf Residential	5 Panorama Drive, Redlands, CA	S2-677540055	S2	Kelcie Corl Gulf Residential Holdings	REDLANDS, CA, 18 PANORAMA DRIVE	kelcie carroll gulf residential	kelcie corl gulf residential holdings	5 panorama drive redlands ca	redlands ca 18 panorama drive			5	18	9.534	0.9999276345008048	9.471	756	0.0	0.0	0.5	3.0	0.75	0.794	0.794	0.852	0.794	6.0	0.0	0.0	0.0	0.667	4.0	0.8	0.0	0.0	0.0	0.526	1.0	0.418	2.0	b3,b5	0	1	2	1.0	0		11069.0	27.407394429778876	11.627305214927452	149.0	0.5018966174648386	13.270644679037234	27.200254787340935	9.143920191467613	27.920035403052328	10.224481551856352	609.0	0.6672891207098345	7.082026586179967	13.920951564264257	6.951792076227325	0.6931471805599453	1.0986122886681098	0.6931471805599453	0.0		9.311994025702683	1	1	0	0	0				address_token_containment=+6.65; name_translit_fuzz_ratio=+5.83; name_token_jaccard=+5.46; address_token_jaccard=+3.47	numbers_differ	token_substituted	corl holdings	carroll	near_duplicate_number_changed	house/unit number differs; name token_substituted	False	False	False	True	False
S1-690452652	tune	US	Williams, Eslinger & Jordan Evo Inc	Wadsworth, 14375 Oak Knoll Road, IL	S2-72459542	S2	Ltd Williams, Eslinger & Jordan Evo	14382 OAK KNOLL RD, WADSWORTH, IL	williams eslinger and jordan evo inc	ltd williams eslinger and jordan evo	wadsworth 14375 oak knoll road il	14382 oak knoll rd wadsworth il	14375	14382	14375	14382	9.528	0.99992723606335	5.649	1410	0.0	1.0	0.714	5.0	0.833	0.889	0.889	0.941	0.889	0.0	0.0	0.0	0.0	0.5	4.0	0.667	0.0	0.0	0.0	0.625	1.0	0.556	3.0	b2,b3,b5	0	1	0	1.0	0	19.0	20.0	42.46834045416232	14.335355416029662	9.0	0.848714693266174	4.549368439045528	7.570077392391204	7.581508234584665	28.16451840858001	9.407377355614415	1380.0	0.4540787791049743	13.593418071300285	33.86110292544167	7.516412929568559	0.6931471805599453	0.0	0.6931471805599453	0.0	2.995732273553991	3.044522437723423	1	1	0	0	0				name_token_jaccard=+8.16; name_translit_fuzz_ratio=+7.19; address_token_containment=+5.10; n_channels_hit=+3.82	numbers_differ	core_equal			near_duplicate_number_changed	house/unit number differs; name core_equal	False	False	False	False	False
S1-437245617	fit	US	Taylor & Doss	27412 35th Avenue, Arlington, WA	S2-226837420	S2	Taylor &  Doss LLC	27415A 35TH AVENUE, ARINGTON CITY, WA	taylor and doss	taylor and doss llc	27412 35th avenue arlington wa	27415a 35th avenue arington city wa	27412		27412		9.51	0.9999259244518798	6.928	185	0.0	1.0	0.75	3.0	1.0	0.882	0.882	1.0	0.882	4.0	0.0	0.0	0.0	0.375	3.0	0.6	0.0	0.0	0.0	0.862	1.0	0.76	2.0	b2,b3	0	1	0	1.0	0			22.46582893578742	11.444983658133497	179.0	0.8917385063014378	2.7274634666752497	2.7274634666752497	7.488609645262474	17.68044123301409	8.732498859963421	2711.0	0.2504983582786169	15.944793328463762	52.900625064230915	7.8451754037294705	0.6931471805599453	0.0	0.6931471805599453	0.0			1	1	0	0	0				name_token_jaccard=+8.61; name_translit_fuzz_ratio=+7.09; address_token_containment=+4.33; name_fuzz_token_set_ratio=+2.83	numbers_differ	core_equal			near_duplicate_number_changed	manual: 27412 vs 27415A	False	False	False	False	False
S1-693961955	fit	US	Johnson Direct Indonesia P.C.	7012 Founders Drive, Vestavia Hills, AL	S3-523504089	S3	Zephevoumbra formerly known as Meeks Management of Vestavia Hills	AL, 7012 Founders Drive, Vestavia Hills	johnson direct indonesia p c	zephevoumbra formerly known as meeks management of vestavia hills	7012 founders drive vestavia hills al	al 7012 founders drive vestavia hills			7012	7012	9.502	0.9999252737030412	5.841	1521	0.0	0.0	0.0	0.0	0.0	0.301	0.323	0.323	0.301	37.0	0.0	0.0	0.0	1.0	6.0	1.0	1.0	1.0	0.0	0.919	1.0	0.277	1.0	b5	0	1	0	1.0	0		285.0	0.0	0.0		0.0	15.251646147903816	113.03737570895798	6.36459567328189	46.91907495578766	10.87588912624353	317.0	1.0	0.0	0.0	7.8198458259646095	0.6931471805599453	0.0	0.6931471805599453	0.0		5.655991810819852	1	1	1	0	0	S1-219061221	Meeks Management of Vestavia Hills	7012 Founders Drive, Vestavia Hills, AL	address_token_containment=+8.98; address_token_jaccard=+5.58; address_fuzz_ratio=+2.68; name_len_diff=+1.61	numbers_equal	token_substituted	as formerly hills known management meeks vestavia zephevoumbra	direct indonesia johnson	shared_address	unrelated business name at the same address	False	False	False	True	True
S1-913004979	fit	US	BXX Costamare LLC	KS, 2541 183rd Court, Colwich	S3-777662148	S3	BXX COSTAMARE LTD LTD	002552 183rd Court, Colwich, Kansas	bxx costamare llc	bxx costamare ltd ltd	ks 2541 183rd court colwich	002552 183rd court colwich kansas		002552	2541	002552	9.496	0.9999248173773148	5.165	790	0.0	1.0	0.5	2.0	0.667	0.842	0.842	0.882	0.842	4.0	0.0	0.0	0.0	0.429	3.0	0.6	0.0	0.0	0.0	0.733	1.0	0.618	3.0	b2,b3,b5	0	1	0	1.0	0	7.0	7.0	24.274411538098725	15.028502596589608	4.0	0.7693646553525542	4.549368439045528	7.276831905720778	9.000625001591324	28.446399641872652	12.667648595471587	52.0	0.4342606544924261	14.558498967343871	37.058958367412025	9.036856576913387	0.6931471805599453	0.0	0.6931471805599453	0.0	2.0794415416798357	2.0794415416798357	1	1	0	0	0				name_translit_fuzz_ratio=+6.52; name_token_jaccard=+5.46; address_token_containment=+4.33; n_channels_hit=+3.82	numbers_differ	core_equal			near_duplicate_number_changed	house/unit number differs; name core_equal	False	False	False	False	False
S1-193612699	fit	US	T N Livingston Centurion, Inc	IN, Gas City, 115 N C Street	S2-297254513	S2	T N Livingston Centurion, Co	117-121 N C ST, GAS CITY, IN	t n livingston centurion inc	t n livingston centurion co	in gas city 115 n c street	117 121 n c st gas city in			115	117	9.482	0.9999237697331198	1.756	951	0.0	1.0	0.667	4.0	0.8	0.945	0.945	0.945	0.945	1.0	0.0	0.0	0.0	0.5	5.0	0.714	0.0	0.0	0.0	0.462	1.0	0.436	3.0	b2,b3,b5	0	1	0	1.0	0		6553.0	33.68637410779459	10.43136458229878	495.0	0.8185847203390814	4.444887249080923	7.465596202426599	7.341416612228054	30.6653800033555	10.511071324909523	457.0	0.5099573899972075	7.703748973685633	29.467840153574514	5.932154405082804	0.6931471805599453	0.0	0.6931471805599453	0.0		8.787830829258759	1	1	0	0	0				name_translit_fuzz_ratio=+8.00; name_token_jaccard=+7.56; address_token_containment=+5.66; n_channels_hit=+3.82	numbers_differ	core_equal			near_duplicate_number_changed	house/unit number differs; name core_equal	False	False	False	False	False
S1-985866299	fit	India	PWG Lt Private Limited	Office No. 1, Hamid Sayyed Compound, Nr. Kaka Dhaba, Adivali, Dhokali, Kalyan, Thane, Maharashtra	S3-246646947	S3	PWG Lt Overseas Private Limited	Plot 725/9 Office No. 12, Hamid Sayyed Compound, Nr. Kaka Dhaba, Adivali, Dhokali, Thane, Kalyan, महाराष्ट्र	pwg lt private limited	pwg lt overseas private limited	office no 1 hamid sayyed compound nr kaka dhaba adivali dhokali kalyan thane maharashtra	plot 725 9 office no 12 hamid sayyed compound nr kaka dhaba adivali dhokali thane kalyan महाराष्ट्र			1	725	9.467	0.9999226293847666	2.274	1426	0.0	0.0	0.8	4.0	1.0	0.83	0.83	1.0	0.83	9.0	0.0	0.0	0.0	0.632	12.0	0.857	0.0	0.0	0.0	0.77	1.0	0.639	2.0	b3,b5	0	1	0	1.0	0		747.0	28.426110501346468	14.442838579125247	5.0	0.8383270603198207	5.482028513636469	5.482028513636469	7.106527625336616	96.29585773733885	12.45040841443504	43.0	0.7443252739530741	9.261991797051548	33.077497040628565	7.364066245530755	0.6931471805599453	0.0	0.6931471805599453	0.0		6.617402977974478	1	1	0	0	0				name_token_jaccard=+9.23; address_token_containment=+7.32; name_translit_fuzz_ratio=+6.35; address_token_jaccard=+3.25	numbers_differ	cand_adds_token	overseas		near_duplicate_number_changed	house/unit number differs; name cand_adds_token	False	False	False	True	False
S1-630824339	fit	US	Foot & Ankle Patriot Clinic	65696 Honeysuckle Avenue, Goshen, IN	S2-382074651	S2	Foot & Ankle Patriot Clinic Partners Corporation	65700 HONEYSUCKLE AVENUE, GOSHEN, IN	foot and ankle patriot clinic	foot and ankle patriot clinic partners corporation	65696 honeysuckle avenue goshen in	65700 honeysuckle avenue goshen in	65696	65700	65696	65700	9.461	0.9999222072579773	-1.141	1189	0.0	0.0	0.714	5.0	1.0	0.734	0.734	1.0	0.734	21.0	0.0	0.0	0.0	0.667	4.0	0.8	0.0	0.0	0.0	0.912	1.0	0.669	1.0	b5	0	1	2	1.0	0	1.0	1.0	28.65173203128223	6.718431980433401	20322.0	0.7507819972502587	5.352744092709317	9.510786697482288	5.730346406256446	27.086454097852695	9.560442455454476	1184.0	0.4539437360401925	16.637940509023707	32.58273383748747	8.74487892137528	0.6931471805599453	1.0986122886681098	0.6931471805599453	0.0	0.6931471805599453	0.6931471805599453	2	1	0	0	0				name_token_jaccard=+8.16; address_token_containment=+6.65; name_translit_fuzz_ratio=+4.97; address_token_jaccard=+3.47	numbers_differ	cand_adds_token	partners		near_duplicate_number_changed	house/unit number differs; name cand_adds_token	False	False	False	True	False
S1-90095780	fit	US	Ninonet Blackrock LLC	423 Spruce Street, Dixon, IL	S3-980443118	S3	Ninonet Blackrock East LLC	#424 Spruce Street, Dixon, Illinois	ninonet blackrock llc	ninonet blackrock east llc	423 spruce street dixon il	424 spruce street dixon illinois			423	424	9.439	0.9999204205057565	1.558	2	0.0	0.0	0.75	3.0	1.0	0.894	0.894	1.0	0.894	5.0	0.0	0.0	0.0	0.429	3.0	0.6	0.0	0.0	0.0	0.862	1.0	0.77	1.0	b3	0	1	0	2.0	0		2579.0	27.55678837290587	15.539328220355598	2.0	0.8142912370487337	6.284652034559364	6.284652034559364	9.185596124301956	20.353624884048514	8.924155892424952	2238.0	0.4340660595527871	8.699138260869226	26.536991039754888	6.72414628248144	0.6931471805599453	0.0	1.0986122886681098	0.0		7.855544677915663	1	1	0	0	0				name_token_jaccard=+8.61; name_translit_fuzz_ratio=+7.26; address_token_containment=+4.33; name_fuzz_token_set_ratio=+2.83	numbers_differ	cand_adds_token	east		near_duplicate_number_changed	house/unit number differs; name cand_adds_token	False	False	False	True	False
S1-760033032	fit	US	Pack Launchpad LP	18213 Governors Highway, Homewood, IL	S2-255916829	S2	Pack Launchpad Ltd	1821 GOVERNORS HWY, PO BOX 1318, HOMEWOOD, IL	pack launchpad lp	pack launchpad ltd	18213 governors highway homewood il	1821 governors hwy po box 1318 homewood il	18213		18213	1821	9.437	0.9999202942355272	3.736	2401	0.0	1.0	0.5	2.0	0.667	0.914	0.914	0.914	0.914	1.0	0.0	0.0	0.0	0.3	3.0	0.6	0.0	0.0	0.0	0.779	1.0	0.712	3.0	b2,b3,b5	0	1	0	1.0	0		929.0	20.5109271400159	11.248868779207207	218.0	0.6779782445538314	5.192780098188176	9.742148537233703	8.567902412734693	24.129693941836592	10.264620719446695	585.0	0.30560629233725917	12.510806123978616	54.82710291366692	8.56735887449383	0.6931471805599453	0.0	0.6931471805599453	0.0		6.835184586147301	1	1	0	0	0				name_translit_fuzz_ratio=+7.55; name_token_jaccard=+5.46; address_token_containment=+4.33; n_channels_hit=+3.82	numbers_differ	core_equal			near_duplicate_number_changed	house/unit number differs; name core_equal	False	False	False	False	False
S1-837220714	fit	India	Bhubaneswar Pipes Private Limited	Plot No -N-4/208, Irc Village Nayapalli, Bhubaneswar, Khordha, Orissa	S3-55640718	S3	Bhubaneswar Industries Private Limited	Plot No -N-4/209, Irc Village Nayapalli, Bhubaneswar Hq Region, Khordha, ଓଡ଼ିଶା	bhubaneswar pipes private limited	bhubaneswar industries private limited	plot no n 4 208 irc village nayapalli bhubaneswar khordha orissa	plot no n 4 209 irc village nayapalli bhubaneswar hq region khordha ଓଡ଼ିଶା			4	4	9.431	0.999919821811376	7.455	2058	0.0	0.0	0.6	3.0	0.75	0.873	0.761	0.9	0.873	5.0	0.0	0.0	0.0	0.6	9.0	0.818	1.0	1.0	0.0	0.826	1.0	0.721	1.0	b5	0	1	3	2.0	0		76386.0	12.956406752910627	8.45429496044493	2392.0	0.466135181554596	9.91382975410272	14.838978074512257	5.717559126753336	49.61412636345682	9.15709999478407	1184.0	0.5427308871485709	7.604969427607276	41.801578064426806	5.787534362192738	0.6931471805599453	1.3862943611198906	1.0986122886681098	0.0		11.243567803608192	2	1	0	0	0				name_translit_fuzz_ratio=+6.96; address_token_containment=+6.86; name_token_jaccard=+6.72; address_token_jaccard=+3.05	numbers_differ	token_substituted	industries	pipes	near_duplicate_number_changed	house/unit number differs; name token_substituted	False	False	False	True	False
S1-937753795	fit	India	Al Industries Limited	Netaji Road Kabisurya Nagar, Berhampur, Ganjam, Orissa	S3-739656080	S3	Al Industries Medicals (Limited)	No 42 Netaji Road Kabisurya Nagar, Ganjam, Berhampur, ଓଡ଼ିଶା	al industries limited	al industries medicals limited	netaji road kabisurya nagar berhampur ganjam orissa	no 42 netaji road kabisurya nagar ganjam berhampur ଓଡ଼ିଶା				42	9.401	0.9999173810368761	3.429	2466	0.0	0.0	0.75	3.0	1.0	0.824	0.824	1.0	0.824	9.0	0.0	0.0	0.0	0.6	6.0	0.857	0.0	0.0	0.0	0.704	1.0	0.58	1.0	b5	0	1	3	1.0	0		12235.0	14.261072764382739	7.098873469757909	9280.0	0.6345191875872734	8.214327575534064	8.214327575534064	4.753690921460913	44.81026430551106	14.155156506673466	7.0	0.6746900411324488	6.8205008388631	21.605810593561493	7.3541954563316265	0.6931471805599453	1.3862943611198906	0.6931471805599453	0.0		9.412137705270794	6	1	0	0	0				name_token_jaccard=+8.61; address_token_containment=+7.32; name_translit_fuzz_ratio=+6.25; address_token_jaccard=+3.05	number_added_by_cand	cand_adds_token	medicals		near_duplicate_number_changed	house/unit number differs; name cand_adds_token	False	False	False	True	False
S1-637743798	tune	US	Western Tidewater Inc	15380 Fillmore Street, Unit 3018, Goodyear, AZ	S2-56816612	S2	ROBINSON GRAND-RICE INC.	##15380 FILLMORE STREET, GOODYEAR, AZ	western tidewater inc	robinson grand rice inc	15380 fillmore street unit 3018 goodyear az	15380 fillmore street goodyear az	15380	15380	15380	15380	9.376	0.9999152757610192	9.159	2448	0.0	0.0	0.167	1.0	0.333	0.455	0.409	0.409	0.455	2.0	0.0	0.0	0.0	0.714	5.0	1.0	1.0	1.0	1.0	0.868	1.0	0.395	2.0	b5,b7a	0	1	3	3.0	0	75.0	76.0	3.020708953345676	3.020708953345676	820140.0	0.0708904763842801	9.180331219308101	39.59021859877211	6.513268532000271	37.80547692242233	12.255913874349826	79.0	0.7185829492333118	10.247699841958358	14.805675294254508	7.515878888096691	0.6931471805599453	1.3862943611198906	1.3862943611198906	0.0	4.330733340286331	4.343805421853684	4	1	1	0	0	S1-201597704	Robinson Grand Rice Inc	15380 Fillmore Street, Unit 3014, Goodyear, AZ	address_token_containment=+8.98; address_token_jaccard=+3.77; address_fuzz_ratio=+2.40; n_channels_hit=+1.90	numbers_cand_subset	token_substituted	grand rice robinson	tidewater western	shared_address	unrelated business name at the same address	False	False	False	True	True
S1-795648591	fit	US	Main Street Bistro	781 Atwood Road, Town Of Bel Air, MD	S2-752235229	S2	Corp Main Street Bistro	786 1/2 ATWOOD RD, TOWN OF BEL AIR, MD	main street bistro	corp main street bistro	781 atwood road town of bel air md	786 1 2 atwood rd town of bel air md			781	786	9.36	0.9999139370536347	5.952	1470	0.0	1.0	0.75	3.0	1.0	0.878	0.878	1.0	0.878	5.0	0.0	0.0	0.0	0.5	6.0	0.75	0.0	0.0	0.0	0.914	1.0	0.803	2.0	b2,b5	0	2	58	1.0	0		460.0	22.32850168121073	7.7427219252580874	7296.0	0.8403831318753269	4.240929372675803	4.240929372675803	7.4428338937369105	43.50341708258766	10.187470086879532	632.0	0.5433409481600288	10.42533441327219	36.56309958601196	7.137035349228319	1.0986122886681098	4.07753744390572	0.6931471805599453	0.0		6.133398042996649	56	1	0	0	0				name_token_jaccard=+8.61; name_translit_fuzz_ratio=+7.03; address_token_containment=+6.07; name_fuzz_token_set_ratio=+2.83	numbers_differ	core_equal			near_duplicate_number_changed	house/unit number differs; name core_equal	True	False	False	False	False
S1-350163280	fit	US	Sine Neuberger	9555 Hare Road, Pulteney, NY	S2-225557845	S2	Sine Neuberger Holdings	9559 HARE ROAD, HAMMONDSPORT, NY	sine neuberger	sine neuberger holdings	9555 hare road pulteney ny	9559 hare road hammondsport ny			9555	9559	9.324	0.9999107477051693	1.902	391	0.0	0.0	0.667	2.0	1.0	0.757	0.757	1.0	0.757	9.0	0.0	0.0	0.0	0.429	3.0	0.6	0.0	0.0	0.0	0.679	1.0	0.514	2.0	b3,b5	0	1	0	1.0	0		66.0	22.118702356443094	12.831278019253388	44.0	0.8228675913697735	4.76132377221212	4.76132377221212	11.059351178221547	19.75937628536371	12.022819992182448	100.0	0.2939790140153974	12.127081002506857	47.454184354474336	8.687360292332379	0.6931471805599453	0.0	0.6931471805599453	0.0		4.204692619390966	1	1	0	0	0				name_token_jaccard=+7.56; name_translit_fuzz_ratio=+5.30; address_token_containment=+4.33; name_fuzz_token_set_ratio=+2.83	numbers_differ	cand_adds_token	holdings		near_duplicate_number_changed	house/unit number differs; name cand_adds_token	False	False	False	True	False
S1-56183822	fit	India	Ashish Worldwide Associates	Kolkata, West Bengal, Kolkata, 72 Bentinck Street Formerly Known As P16 Bentinck Street, Howrah	S2-148829002	S2	Ashish Worldwide Associates Group	93 BENTINCK STREET FORMERLY KNOWN AS P16 BENTINCK STREET, KOLKATA, KOLKATA, West Bengal	ashish worldwide associates	ashish worldwide associates group	kolkata west bengal kolkata 72 bentinck street formerly known as p16 bentinck street howrah	93 bentinck street formerly known as p16 bentinck street kolkata kolkata west bengal			72	93	9.271	0.999905926077929	3.571	2058	0.0	0.0	0.75	3.0	1.0	0.9	0.9	1.0	0.9	6.0	0.0	0.0	0.0	0.75	9.0	0.9	0.0	0.0	0.0	0.663	1.0	0.597	1.0	b5	0	1	0	1.0	0		6368.0	25.711402344678227	9.904877142830605	560.0	0.8360416215331322	5.042332496332061	5.042332496332061	8.570467448226076	70.2065884441734	12.571036402223656	38.0	0.7892154665066675	7.033500257744052	18.750852740971297	7.4476309934000575	0.6931471805599453	0.0	0.6931471805599453	0.0		8.759197750371365	1	1	0	0	0				name_token_jaccard=+8.61; address_token_containment=+7.81; name_translit_fuzz_ratio=+7.35; address_token_jaccard=+4.00	numbers_differ	cand_adds_token	group		near_duplicate_number_changed	house/unit number differs; name cand_adds_token	False	False	False	True	False
S1-778091796	fit	US	Dental Keystone Specialists LLC	27 Lafayette 189, Lewisville, AR	S3-304535948	S3	Dental Keystone Specialists Co	48 Lafayette 189, Lewisville, Arkansas	dental keystone specialists llc	dental keystone specialists co	27 lafayette 189 lewisville ar	48 lafayette 189 lewisville arkansas			27	48	9.252	0.9999040547348059	8.195	719	0.0	1.0	0.6	3.0	0.75	0.951	0.885	0.951	0.951	1.0	0.0	0.0	0.0	0.429	3.0	0.6	1.0	0.0	0.0	0.848	1.0	0.807	2.0	b2,b5	0	1	3	2.0	0		5360.0	18.281452314809037	6.512630277140786	24966.0	0.7182208604685306	4.444887249080923	7.172350715756172	5.252228945371072	26.59955963238543	10.0656579663297	714.0	0.5022607672147998	7.789000513993589	26.36010070479098	7.909006695554065	0.6931471805599453	1.3862943611198906	1.0986122886681098	0.0		8.586905803827538	4	1	0	0	0				name_translit_fuzz_ratio=+8.07; name_token_jaccard=+6.72; address_token_containment=+4.33; name_fuzz_token_set_ratio=+2.61	numbers_differ	core_equal			near_duplicate_number_changed	house/unit number differs; name core_equal	False	False	False	False	False
S1-352896225	fit	India	Sage & Sons Private Limited	Pune, Near Hanuman Mandir A/T Wanewadi Post Someshwarnagar, Maharashtra, Tal Baramati	S2-455972951	S2	Sage & Sons Enterprises Private	NO 42 NEAR HANUMAN MANDIR A/T WANEWADI POST SOMESHWARNAGAR, TAL BARAMATI, Maharashtra	sage and sons private limited	sage and sons enterprises private	pune near hanuman mandir a t wanewadi post someshwarnagar maharashtra tal baramati	no 42 near hanuman mandir a t wanewadi post someshwarnagar tal baramati maharashtra				42	9.227	0.9999016951463573	3.624	1855	0.0	0.0	0.667	4.0	0.8	0.71	0.774	0.84	0.71	4.0	0.0	0.0	0.0	0.786	11.0	0.917	0.0	0.0	0.0	0.812	1.0	0.576	2.0	b3,b5	0	1	0	1.0	0		12235.0	23.287514517981663	10.961598489789555	194.0	0.7644688982750238	4.937778457345633	7.174829431560925	5.104913098439392	76.13932551858205	13.401384704297087	16.0	0.8609487914171764	6.299902568692981	12.297206685908163	6.6933605282168465	0.6931471805599453	0.0	0.6931471805599453	0.0		9.412137705270794	1	1	0	0	0				address_token_containment=+8.01; name_token_jaccard=+7.56; name_translit_fuzz_ratio=+4.62; address_token_jaccard=+4.22	number_added_by_cand	cand_adds_token	enterprises		near_duplicate_number_changed	house/unit number differs; name cand_adds_token	False	False	False	True	False
S1-759690175	fit	India	OT Retail Private Limited	Door No-37-1-398(14), B- Block, Second Floor, Sai Complex, Trunk Road, Ongole, Prakasam, Andhra Pradesh	S3-692048087	S3	Public OT Retail Limited	B- Block, Second Floor, Sai Complex, Trunk Road, Prakasam, AP, Door No-d/37-1-398(17), Ongole	ot retail private limited	public ot retail limited	door no 37 1 398 14 b block second floor sai complex trunk road ongole prakasam andhra pradesh	b block second floor sai complex trunk road prakasam ap door no d 37 1 398 17 ongole			37	37	9.218	0.9999008211083817	9.038	3292	0.0	0.0	0.6	3.0	0.75	0.694	0.816	0.829	0.694	1.0	0.0	0.0	0.0	0.714	15.0	0.833	3.0	1.0	0.0	0.663	1.0	0.46	2.0	b3,b5	0	1	0	1.0	0		13839.0	21.131884933503848	10.65486822236708	264.0	0.7422522558301772	5.073004682911311	7.338065501161716	5.849236437938563	81.88291669935356	10.00018732263493	509.0	0.7381047145418643	5.8996203298848595	29.053804183370538	5.313766834342919	0.6931471805599453	0.0	0.6931471805599453	0.0		9.535318229171661	1	1	0	0	0				address_token_containment=+7.04; name_token_jaccard=+6.72; name_translit_fuzz_ratio=+4.40; address_token_jaccard=+3.77	numbers_differ	core_equal			near_duplicate_number_changed	house/unit number differs; name core_equal	False	False	False	False	False
S1-322694871	tune	India	Investment & Brothers Private Limited	Kondivata Offandheri-Kurla Rd Andheri East, Mumbai, Maharashtra	S3-628952206	S3	Investment & Brothers Holdings Private Limited	No 33 Kondivata Offandheri-kurla Rd Andheri East, Bombay, Mumbai, महाराष्ट्र	investment and brothers private limited	investment and brothers holdings private limited	kondivata offandheri kurla rd andheri east mumbai maharashtra	no 33 kondivata offandheri kurla rd andheri east bombay mumbai महाराष्ट्र				33	9.189	0.9998978978212276	4.299	7	0.0	0.0	0.833	5.0	1.0	0.897	0.897	1.0	0.897	9.0	0.0	0.0	0.0	0.583	7.0	0.875	0.0	0.0	0.0	0.746	1.0	0.669	1.0	b5	0	1	0	1.0	0		15612.0	20.471384399633706	6.530232391289474	16388.0	0.7921292653292739	5.372105161535482	5.372105161535482	4.094276879926741	55.270239444571885	15.135985759685193	2.0	0.7227276203463752	6.029599485428951	21.20426891596788	7.344913504494361	0.6931471805599453	0.0	0.6931471805599453	0.0		9.65585917954152	1	1	0	0	0				name_token_jaccard=+9.65; address_token_containment=+7.52; name_translit_fuzz_ratio=+7.30; address_token_jaccard=+2.95	number_added_by_cand	cand_adds_token	holdings		near_duplicate_number_changed	house/unit number differs; name cand_adds_token	False	False	False	True	False
S1-332476251	fit	US	Peterson Precious of Danville	2770 203, Danville, AL	S3-216189051	S3	Peterson Precious of Danville Northside	2775 203, Danville, Alabama	peterson precious of danville	peterson precious of danville northside	2770 203 danville al	2775 203 danville alabama			2770	2775	9.184	0.999897374391975	8.591	452	0.0	0.0	0.8	4.0	1.0	0.853	0.853	1.0	0.853	10.0	0.0	0.0	0.0	0.333	2.0	0.5	1.0	0.0	0.0	0.844	1.0	0.72	1.0	b3	0	1	0	1.0	0		256.0	33.88086552806831	11.244312962671346	219.0	0.832941106955895	6.795318232258855	6.795318232258855	8.470216382017078	15.773702248965982	8.069294036018555	5263.0	0.32411707349919855	11.182619393666005	32.89297883226063	8.09035856524104	0.6931471805599453	0.0	0.6931471805599453	0.0		5.54907608489522	1	1	0	0	0				name_token_jaccard=+9.23; name_translit_fuzz_ratio=+6.67; address_token_containment=+3.17; name_fuzz_token_set_ratio=+2.83	numbers_differ	cand_adds_token	northside		near_duplicate_number_changed	house/unit number differs; name cand_adds_token	False	False	False	True	False
S1-64319482	fit	US	Vitia Starnes Amplify Group	27714 152nd Street, Monroe, WA	S2-493375651	S2	Vitia Starnes Amplify Holdings	7727 152ND ST, MONROE, WA	vitia starnes amplify group	vitia starnes amplify holdings	27714 152nd street monroe wa	7727 152nd st monroe wa	27714		27714	7727	9.145	0.9998932378045364	7.783	634	0.0	0.0	0.6	3.0	0.75	0.807	0.807	0.875	0.807	3.0	0.0	0.0	0.0	0.429	3.0	0.6	0.0	0.0	0.0	0.824	1.0	0.665	2.0	b3,b5	0	1	0	1.0	0		135.0	33.59107156216904	12.766739498115816	47.0	0.7861487844923543	4.76132377221212	9.137572461442923	9.491830062849962	23.009600993181042	10.548895633576862	440.0	0.41143120722203497	14.692030359968394	32.91615424677957	8.218644500997565	0.6931471805599453	0.0	0.6931471805599453	0.0		4.912654885736052	1	1	0	0	0				name_token_jaccard=+6.72; name_translit_fuzz_ratio=+6.02; address_token_containment=+4.33; name_fuzz_token_set_ratio=+2.26	numbers_differ	token_substituted	holdings	group	near_duplicate_number_changed	house/unit number differs; name token_substituted	False	False	False	True	False
S1-310672460	fit	US	Interstate Law Group Inc.	1518 10th Street, WI, City Of Manitowoc	S2-41110432	S2	Interstate Láw Group LLC	1525 10TH STREET, CITY OF MANITOWOC, WI	interstate law group inc	interstate láw group llc	1518 10th street wi city of manitowoc	1525 10th street city of manitowoc wi			1518	1525	9.141	0.9998928423969773	4.971	2156	0.0	0.0	0.333	2.0	0.5	0.875	0.792	0.875	0.917	0.0	0.0	0.0	0.0	0.75	6.0	0.857	0.0	0.0	0.0	0.865	1.0	0.757	1.0	b5	0	1	1	1.0	0		1107.0	10.767573040526006	6.391324351295202	28186.0	0.29104981488462894	12.073592317555871	26.228063066627094	5.548645080730495	35.378393328441724	9.67664446311354	1054.0	0.6486786110683286	9.637606048748477	19.16077710940572	6.430857053884315	0.6931471805599453	0.6931471805599453	0.6931471805599453	0.0		7.010311867307229	2	1	0	0	0				name_translit_fuzz_ratio=+7.59; address_token_containment=+7.32; address_token_jaccard=+4.00; name_token_jaccard=+3.37	numbers_differ	token_substituted	láw	law	near_duplicate_number_changed	house/unit number differs; name token_substituted	False	False	False	True	False
S1-878684469	fit	US	Ceballos Vertical LLC	11821 176th Avenue, Snohomish, WA	S3-311374906	S3	Ceballos Vertical Partners	11826 176th Avenue, Snohomish, Washington	ceballos vertical llc	ceballos vertical partners	11821 176th avenue snohomish wa	11826 176th avenue snohomish washington	11821	11826	11821	11826	9.137	0.9998924098496859	2.0	2006	0.0	0.0	0.5	2.0	0.667	0.766	0.766	0.895	0.766	5.0	0.0	0.0	0.0	0.429	3.0	0.6	0.0	0.0	0.0	0.857	1.0	0.657	2.0	b3,b5	0	1	0	1.0	0	71.0	72.0	20.25953615050941	11.046953528512852	267.0	0.7463438805824169	4.158042604772971	6.885506071448221	7.66233320572822	23.92588836517677	10.612074535198394	413.0	0.4110083132858397	12.333875415819538	34.286774473439046	8.233786071764374	0.6931471805599453	0.0	0.6931471805599453	0.0	4.276666119016055	4.290459441148391	1	1	0	0	0				name_token_jaccard=+5.46; name_translit_fuzz_ratio=+5.43; address_token_containment=+4.33; name_fuzz_token_set_ratio=+2.35	numbers_differ	cand_adds_token	partners		near_duplicate_number_changed	house/unit number differs; name cand_adds_token	False	False	False	True	False
S1-125508712	fit	US	Eugenia Gibson High	1012 Boyer Street, Dubuque, IA	S2-7374165	S2	Eugenia Gibson High Greater LP	1014 BOYER ST, DUBUQUE, IA	eugenia gibson high	eugenia gibson high greater lp	1012 boyer street dubuque ia	1014 boyer st dubuque ia			1012	1014	9.058	0.9998835061204131	-0.056	2218	0.0	0.0	0.6	3.0	1.0	0.776	0.776	1.0	0.776	11.0	0.0	0.0	0.0	0.429	3.0	0.6	0.0	0.0	0.0	0.885	1.0	0.686	2.0	b3,b5	0	1	0	1.0	0		1695.0	29.711272403165353	11.893008380660458	114.0	0.7124658338602758	6.797978657367458	11.990758755555634	9.903757467721784	26.29630611668342	11.478885209809178	173.0	0.5144007716588307	9.091494235277684	24.823963458114356	7.751801859667438	0.6931471805599453	0.0	0.6931471805599453	0.0		7.4360278163518485	1	1	0	0	0				name_token_jaccard=+6.72; name_translit_fuzz_ratio=+5.57; address_token_containment=+4.33; name_fuzz_token_set_ratio=+2.83	numbers_differ	cand_adds_token	greater		near_duplicate_number_changed	house/unit number differs; name cand_adds_token	False	False	False	True	False
S1-877580368	fit	India	Rupam Aqua Private Limited	B-90 First Floor Vishwakarma Colony, New Delhi, South Delhi, Delhi	S3-492809146	S3	Rupam Mills Private Limited	South, South Delhi, B-92 First Floor Vishwakarma Colony, दिल्ली	rupam aqua private limited	rupam mills private limited	b 90 first floor vishwakarma colony new delhi south delhi delhi	south south delhi b 92 first floor vishwakarma colony दिल्ली			90	92	9.027	0.9998798462187879	7.376	1520	0.0	0.0	0.6	3.0	0.75	0.83	0.792	0.894	0.83	1.0	0.0	0.0	0.0	0.636	7.0	0.778	0.0	0.0	0.0	0.569	1.0	0.472	2.0	b3,b5	0	1	0	1.0	0		6242.0	16.930047351048678	12.427935558582982	44.0	0.5025937423802523	8.859969033134357	16.755305098564083	6.44750409604576	32.06084522876844	8.935476585642501	1478.0	0.5968724075695322	6.998005305233054	21.65389316786876	4.698529663526267	0.6931471805599453	0.0	0.6931471805599453	0.0		8.739216115061744	1	1	0	0	0				name_token_jaccard=+6.72; address_token_containment=+6.39; name_translit_fuzz_ratio=+6.35; address_token_jaccard=+3.28	numbers_differ	token_substituted	mills	aqua	near_duplicate_number_changed	house/unit number differs; name token_substituted	False	False	False	True	False
S1-433061022	fit	US	Urology Associates LLC	3840 Young Street, Unit APT 1, Anchorage, AK	S2-364099053	S2	urology associates inc	3844 YOUNG STREET, ANCHORAGE, AK	urology associates llc	urology associates inc	3840 young street unit apt 1 anchorage ak	3844 young street anchorage ak			3840	3844	9.023	0.9998793724918789	8.813	2664	0.0	1.0	0.5	2.0	0.667	0.909	0.909	0.909	0.909	0.0	0.0	0.0	0.0	0.444	4.0	0.8	0.0	0.0	0.0	0.817	1.0	0.743	2.0	b2,b5	0	62	77	1.0	0		205.0	11.5762078559174	6.694703536970296	20810.0	0.6682032875943903	3.020708953345676	5.748172420020926	4.767890440864217	27.864499159147584	9.121507206108076	1837.0	0.42690696748849566	11.217405509751423	37.40615998018464	6.7566567036976	4.143134726391533	4.356708826689592	0.6931471805599453	0.0		5.327876168789581	64	1	0	0	0				name_translit_fuzz_ratio=+7.48; address_token_containment=+6.65; name_token_jaccard=+5.46; name_fuzz_token_set_ratio=+2.42	numbers_differ	core_equal			near_duplicate_number_changed	house/unit number differs; name core_equal	True	False	False	False	False
S1-97134480	fit	India	Bhagyanagar Foundation	Aparagita Enclave, Flat No-303, Jyoti Puram, Phulwari, Patna, Bihar	S3-351065059	S3	Bhagyanagar Foundation  Group	No 17 Aparagita Enclave, Patna, BR	bhagyanagar foundation	bhagyanagar foundation group	aparagita enclave flat no 303 jyoti puram phulwari patna bihar	no 17 aparagita enclave patna br			303	17	9.009	0.9998776843411735	7.101	97	0.0	0.0	0.667	2.0	1.0	0.88	0.88	1.0	0.88	6.0	0.0	0.0	0.0	0.333	4.0	0.667	0.0	0.0	0.0	0.553	1.0	0.487	2.0	b3,b5	0	1	0	1.0	0		27508.0	17.32503618041583	11.64963056968273	97.0	0.7745674706218866	5.042332496332061	5.042332496332061	8.662518090207914	28.021262479726264	15.135985759685193	2.0	0.3593048395280124	8.109262961639011	49.96617157915078	6.695604172123209	0.6931471805599453	0.0	0.6931471805599453	0.0		10.222268502839897	1	1	0	0	0				name_token_jaccard=+7.56; name_translit_fuzz_ratio=+7.06; address_token_containment=+5.10; name_fuzz_token_set_ratio=+2.83	numbers_differ	cand_adds_token	group		near_duplicate_number_changed	house/unit number differs; name cand_adds_token	False	False	False	True	False
S1-713204218	fit	India	Dream Solutions Pvt Ltd	F 36 Road No 2 Vkia, Jaipur, Rajasthan	S3-807118958	S3	Dream Solutions Steel Pvt	F 36 Road No 4 Vkia, Jaipur, राजस्थान	dream solutions pvt ltd	dream solutions steel pvt	f 36 road no 2 vkia jaipur rajasthan	f 36 road no 4 vkia jaipur राजस्थान			36	36	9.0	0.9998765747311692	5.421	274	0.0	0.0	0.6	3.0	0.75	0.792	0.792	0.905	0.792	2.0	0.0	0.0	0.0	0.6	6.0	0.75	1.0	1.0	0.0	0.732	1.0	0.58	1.0	b5	0	1	2	1.0	0		14100.0	15.44698020204687	7.054201552750191	9704.0	0.6005893901661302	7.420416225164984	10.272721902204506	4.574821469771598	30.875336042308483	10.818497646148883	224.0	0.6224840301377222	5.7531216733951664	18.724869822374394	4.964567834257143	0.6931471805599453	1.0986122886681098	0.6931471805599453	0.0		9.55400099583723	4	1	0	0	0				name_token_jaccard=+6.72; address_token_containment=+6.07; name_translit_fuzz_ratio=+5.80; address_token_jaccard=+3.05	numbers_differ	cand_adds_token	steel		near_duplicate_number_changed	house/unit number differs; name cand_adds_token	False	False	False	True	False
S1-105764270	fit	US	Nguyen Capital	1565 Bridget Lane, Twinsburg, OH	S3-788427081	S3	Thomas Capital	1565 Bridget Lane, Twinsburg, Ohio	nguyen capital	thomas capital	1565 bridget lane twinsburg oh	1565 bridget lane twinsburg ohio			1565	1565	8.987	0.9998749948967115	8.663	1205	0.0	0.0	0.333	1.0	0.5	0.571	0.571	0.667	0.571	0.0	0.0	0.0	0.0	0.667	4.0	0.8	1.0	1.0	0.0	0.968	1.0	0.553	1.0	b5	0	1	0	1.0	0		416.0	6.02624476450233	6.02624476450233	40606.0	0.27784137017031263	8.107041670551357	15.663270950196063	7.066643217526844	37.223802555159516	12.138130838693442	89.0	0.8064535422240449	4.4872854405283515	8.9336021882103	8.334023860568292	0.6931471805599453	0.0	0.6931471805599453	0.0		6.0330862217988015	1	1	0	0	0				address_token_containment=+6.65; address_token_jaccard=+3.47; name_token_jaccard=+3.37; address_fuzz_ratio=+2.96	numbers_equal	token_substituted	thomas	nguyen	shared_address	manual: Nguyen Capital vs Thomas Capital, identical address	False	False	False	True	False
S1-194891306	fit	US	Covington Iron of Delphi Inc	5715 Ninth Street, Delphi, IN	S3-460363689	S3	Covington Iron Of Délphi Westgate Inc	5717 Ninth Street, Delphi, Indiana	covington iron of delphi inc	covington iron of délphi westgate inc	5715 ninth street delphi in	5717 ninth street delphi indiana			5715	5717	8.959	0.999871482713205	6.426	1185	0.0	0.0	0.571	4.0	0.8	0.831	0.831	0.857	0.862	9.0	0.0	0.0	0.0	0.429	3.0	0.6	0.0	0.0	0.0	0.881	1.0	0.732	2.0	b3,b5	0	1	0	1.0	0		298.0	26.361930190907486	10.478845120531775	472.0	0.4187613727265582	15.944793328463762	36.59022324976154	8.045456395538283	22.494895044677214	10.743537674758857	362.0	0.41544070670942346	10.872749406238864	31.652170183601154	7.650169204950539	0.6931471805599453	0.0	0.6931471805599453	0.0		5.700443573390687	1	1	0	0	0				name_translit_fuzz_ratio=+6.80; name_token_jaccard=+6.36; address_token_containment=+4.33; address_fuzz_ratio=+2.47	numbers_differ	token_substituted	délphi westgate	delphi	near_duplicate_number_changed	house/unit number differs; name token_substituted	False	False	False	True	False
S1-210007076	fit	US	Valley Project III	TX, 707 Central Avenue, Comanche	S2-486998479	S2	Valley Próject III Ltd	716 CENTRAL AVENUE, COMANCHE, TX	valley project iii	valley próject iii ltd	tx 707 central avenue comanche	716 central avenue comanche tx			707	716	8.938	0.9998686655179422	3.015	966	0.0	0.0	0.4	2.0	0.667	0.85	0.85	0.85	0.9	4.0	0.0	0.0	0.0	0.667	4.0	0.8	0.0	0.0	0.0	0.833	1.0	0.708	1.0	b5	0	1	4	1.0	0		1988.0	13.598864814551717	7.734532989091443	7356.0	0.38508418193869054	9.976085768478397	21.71514041435379	6.9295170071271945	24.758308237548594	9.768926058358002	961.0	0.5828383745126069	8.953156565500922	17.720549230016918	6.705140180412917	0.6931471805599453	1.6094379124341003	0.6931471805599453	0.0		7.5953872788539725	5	1	0	0	0				name_translit_fuzz_ratio=+7.35; address_token_containment=+6.65; name_token_jaccard=+4.21; address_token_jaccard=+3.47	numbers_differ	token_substituted	próject	project	near_duplicate_number_changed	house/unit number differs; name token_substituted	False	False	False	True	False
S1-88342555	fit	US	Koen Charter School	732 Michael St, Unit 8, Iowa City, IA	S2-443194899	S2	Koen Chatrer School Co	736 MICHAEL ST, IOWA CITY, IA	koen charter school	koen chatrer school co	732 michael st unit 8 iowa city ia	736 michael st iowa city ia			732	736	8.919	0.9998662413789631	-0.341	1467	0.0	0.0	0.4	2.0	0.667	0.878	0.878	0.878	0.878	3.0	0.0	0.0	0.0	0.556	5.0	0.833	0.0	0.0	0.0	0.852	1.0	0.749	1.0	b3	0	1	0	2.0	0		1069.0	20.698258609283332	13.998883179408448	13.0	0.43719676690584464	14.692030359968394	26.64486049877938	9.4020671663378	27.50295089032832	8.974532844130227	2128.0	0.4745416406071669	9.565518608486336	30.45392483324111	6.048919639385387	0.6931471805599453	0.0	1.0986122886681098	0.0		6.975413927455952	1	1	0	0	0				address_token_containment=+7.04; name_translit_fuzz_ratio=+7.03; name_token_jaccard=+4.21; address_token_jaccard=+2.77	numbers_differ	token_substituted	chatrer	charter	near_duplicate_number_changed	house/unit number differs; name token_substituted	False	False	False	True	False
S1-1738123	tune	US	Macdonald & Schlabach LLC	351 Averett Place, Danville City, VA	S2-104284923	S2	Macd0nald & Schlábach Ltd	356 AVERETT PLACE, DANVILLE CITY, VA	macdonald and schlabach llc	macd0nald and schlábach ltd	351 averett place danville city va	356 averett place danville city va			351	356	8.909	0.999864857183822	6.841	2013	0.0	0.0	0.143	1.0	0.25	0.852	0.852	0.852	0.889	0.0	0.0	0.0	0.0	0.714	5.0	0.833	0.0	0.0	0.0	0.971	1.0	0.827	1.0	b5	0	1	2	1.0	0		1367.0	3.4689283060990173	3.4689283060990173	523876.0	0.05371141835585529	15.944793328463762	61.115631407373094	7.349591896498606	35.80454613527027	13.546898055665391	21.0	0.6613197561921971	9.274660922060669	18.336504090461265	7.477731550611812	0.6931471805599453	1.0986122886681098	0.6931471805599453	0.0		7.221105098182496	2	1	0	0	0				name_translit_fuzz_ratio=+7.19; address_token_containment=+7.04; address_token_jaccard=+3.77; address_fuzz_ratio=+2.97	numbers_differ	token_substituted	macd0nald schlábach	macdonald schlabach	near_duplicate_number_changed	manual: Macdonald & Schlabach vs Macd0nald & Schlabach (accented), 351 vs 356	False	False	False	True	False
S1-143864032	tune	US	Metcalf & Weston	3965 Pine Top Road, London, KY	S3-467782435	S3	metcalf & weston valley	03972 Pine Top Rd, London, Kentucky	metcalf and weston	metcalf and weston valley	3965 pine top road london ky	03972 pine top rd london kentucky		03972	3965	03972	8.894	0.9998628721599876	8.59	2567	0.0	0.0	0.75	3.0	1.0	0.837	0.837	1.0	0.837	7.0	0.0	0.0	0.0	0.333	3.0	0.5	0.0	0.0	0.0	0.787	1.0	0.659	2.0	b3,b5	0	1	0	1.0	0	2.0	2.0	25.379548949314508	11.092763064544146	255.0	0.8123046279771067	5.864331825460275	5.864331825460275	8.459849649771504	23.855576292531513	9.130250431203804	1821.0	0.3467798565344681	15.539328220355598	44.936124964085145	7.396403307889083	0.6931471805599453	0.0	0.6931471805599453	0.0	1.0986122886681098	1.0986122886681098	1	1	0	0	0				name_token_jaccard=+8.61; name_translit_fuzz_ratio=+6.45; address_token_containment=+3.17; name_fuzz_token_set_ratio=+2.83	numbers_differ	cand_adds_token	valley		near_duplicate_number_changed	house/unit number differs; name cand_adds_token	False	False	False	True	False
S1-995764234	fit	US	Pease, Rivera & Ayala LLC	12 Parker Road, Unit 2, Wakefield, MA	S2-560905992	S2	Pease, Rivera & Ayala Holdings	13 PARKER RD, WAKEFIELD, MA	pease rivera and ayala llc	pease rivera and ayala holdings	12 parker road unit 2 wakefield ma	13 parker rd wakefield ma			12	13	8.882	0.9998612073969447	4.712	2022	0.0	0.0	0.667	4.0	0.8	0.842	0.842	0.917	0.842	5.0	0.0	0.0	0.0	0.333	3.0	0.6	0.0	0.0	0.0	0.814	1.0	0.685	2.0	b3,b5	0	1	0	1.0	0		9877.0	33.05327051431397	11.689180618645539	140.0	0.8152834943782292	4.76132377221212	7.48878723888737	7.156146796197843	22.41840009818555	9.096257409141597	1884.0	0.42753850003852	7.1392682757542465	30.017579576547174	5.994712244809777	0.6931471805599453	0.0	0.6931471805599453	0.0		9.19806534110057	1	1	0	0	0				name_token_jaccard=+7.56; name_translit_fuzz_ratio=+6.52; address_token_containment=+4.33; name_fuzz_token_set_ratio=+2.45	numbers_differ	cand_adds_token	holdings		near_duplicate_number_changed	house/unit number differs; name cand_adds_token	False	False	False	True	False
S1-87265764	fit	India	Space By Limited	C/O Rafikul Islam Sukanta, Pally Saraitikar Amtala, Burdwan - I, Bardhaman, West Bengal	S2-147508164	S2	Space By Private Limited	H.NO 76 C/O RAFIKUL ISLAM SUKANTA, PALLY SARAITIKAR AMTALA, BURDWAN - I, West Bengal	space by limited	space by private limited	c o rafikul islam sukanta pally saraitikar amtala burdwan i bardhaman west bengal	h no 76 c o rafikul islam sukanta pally saraitikar amtala burdwan i west bengal				76	8.874	0.9998601002695854	6.1	1122	0.0	1.0	0.75	3.0	1.0	0.8	0.8	1.0	0.8	8.0	0.0	0.0	0.0	0.75	12.0	0.923	0.0	0.0	0.0	0.887	1.0	0.71	2.0	b2,b5	0	1	4	1.0	0		7396.0	21.18221779326864	9.922863239200387	550.0	0.903397709568835	2.2650608182504053	2.2650608182504053	7.060739264422881	95.08849768587284	13.669648690891766	12.0	0.8291317882466603	7.515934481304349	19.595921647456034	7.892648628244398	0.6931471805599453	1.6094379124341003	0.6931471805599453	0.0		8.908829791587868	8	1	0	0	0				name_token_jaccard=+8.61; address_token_containment=+8.08; name_translit_fuzz_ratio=+5.92; address_token_jaccard=+4.00	number_added_by_cand	core_equal			near_duplicate_number_changed	house/unit number differs; name core_equal	False	False	False	False	False
S1-374512844	fit	India	Properties Majestic Financial Private Limited	C/O Khaka Ganpati Murmure, At Post Chivali, Tq Mukhed, Nanded, Maharashtra	S2-653044087	S2	Properties Majestic Mutha Limited Center	NO 1-35 C/O KHAKA GANPATI MURMURE, AT POST CHIVALI, TQ MUKHED, NANDED, Maharashtra	properties majestic financial private limited	properties majestic mutha limited center	c o khaka ganpati murmure at post chivali tq mukhed nanded maharashtra	no 1 35 c o khaka ganpati murmure at post chivali tq mukhed nanded maharashtra				1	8.874	0.9998600562468634	6.938	500	0.0	0.0	0.429	3.0	0.6	0.682	0.729	0.806	0.682	5.0	0.0	0.0	0.0	0.8	12.0	1.0	0.0	0.0	0.0	0.946	1.0	0.645	2.0	b3,b5	0	1	0	1.0	0		144141.0	18.99370543202358	10.456945725130646	322.0	0.4062956158948334	13.19007561062988	27.75478184906971	5.818675861623318	101.08382764989138	15.135985759685193	2.0	0.8998737669187779	6.11898744778643	11.247291853690232	8.423652304157615	0.6931471805599453	0.0	0.6931471805599453	0.0		11.878554203781087	1	1	0	0	0				address_token_containment=+8.98; name_token_jaccard=+4.57; address_token_jaccard=+4.31; name_translit_fuzz_ratio=+4.23	number_added_by_cand	token_substituted	center mutha	financial	near_duplicate_number_changed	house/unit number differs; name token_substituted	False	False	False	True	False
S1-551140982	tune	India	BXN Hotels Company	405, Sashank Aadya, Samrajpura, Bangalore North, Bangalore, Karnataka	S2-950953611	S2	Company BXN Scheduled	407, SASHANK AADYA, SAMRAJPURA, BANGALORE NORTH, BANGALORE, Karnataka	bxn hotels company	company bxn scheduled	405 sashank aadya samrajpura bangalore north bangalore karnataka	407 sashank aadya samrajpura bangalore north bangalore karnataka			405	407	8.825	0.9998529592197425	-5.439	39	0.0	0.0	0.5	2.0	0.667	0.359	0.769	0.769	0.359	3.0	0.0	0.0	0.0	0.75	6.0	0.857	0.0	0.0	0.0	0.984	1.0	0.353	2.0	b3,b5	0	1	0	1.0	0		3114.0	19.081715325099918	13.46200932611352	15.0	0.4660914109640689	14.037373471017082	21.8581408409493	8.967494231677378	56.18155452202751	15.541450867793356	1.0	0.7856298215309389	7.801656409384656	15.329929617599216	9.101403961463154	0.6931471805599453	0.0	0.6931471805599453	0.0		8.043984431221553	1	1	0	0	0				address_token_containment=+7.32; name_token_jaccard=+5.46; address_token_jaccard=+4.00; address_fuzz_ratio=+3.05	numbers_differ	token_substituted	scheduled	hotels	near_duplicate_number_changed	house/unit number differs; name token_substituted	False	False	False	True	False
S1-4734931	fit	US	Lawrence Precision Applied LLC	14028 Newcomer Road, Hagerstown, MD	S2-721198020	S2	Lawrence Precision Applied Group	HAGERSTOWN, 14030 NEWCOMER ROAD, MD	lawrence precision applied llc	lawrence precision applied group	14028 newcomer road hagerstown md	hagerstown 14030 newcomer road md	14028	14030	14028	14030	8.812	0.9998511008549438	5.687	78	0.0	0.0	0.6	3.0	0.75	0.871	0.839	0.929	0.871	2.0	0.0	0.0	0.0	0.667	4.0	0.8	0.0	0.0	0.0	0.606	1.0	0.528	1.0	b5	0	1	1	1.0	0	52.0	52.0	24.115231761158515	9.24467741425987	1624.0	0.7724550780840765	4.3762486892308035	7.103712155906053	6.710673806958441	30.706533356793383	13.502446293094557	22.0	0.5486436930532138	12.648956462459433	25.261545280747992	8.663824435016389	0.6931471805599453	0.6931471805599453	0.6931471805599453	0.0	3.970291913552122	3.970291913552122	2	1	0	0	0				name_translit_fuzz_ratio=+6.93; name_token_jaccard=+6.72; address_token_containment=+6.65; address_token_jaccard=+3.47	numbers_differ	cand_adds_token	group		near_duplicate_number_changed	house/unit number differs; name cand_adds_token	False	False	False	True	False
S1-492467981	fit	US	Cody Chemical LLC	2801 Wellborn Road, City Of Wausau, WI	S2-567427490	S2	Cody Cahclal Partners	280 WELLBORN ROAD, CITY OF WAUSAU, WI	cody chemical llc	cody cahclal partners	2801 wellborn road city of wausau wi	280 wellborn road city of wausau wi			2801	280	8.803	0.999849700362903	2.556	2509	0.0	0.0	0.2	1.0	0.333	0.579	0.579	0.579	0.579	4.0	0.0	0.0	0.0	0.75	6.0	0.857	0.0	0.0	0.0	0.986	1.0	0.571	2.0	b3,b5	0	1	0	1.0	0		1966.0	10.797298851650309	10.797298851650309	343.0	0.2623469270978164	15.944793328463762	30.359268031347796	7.017910316587124	40.61528976340316	13.502446293094557	22.0	0.68582449253957	9.76064443752628	18.60582322573346	7.196562028704206	0.6931471805599453	0.0	0.6931471805599453	0.0		7.584264818389059	1	1	0	0	0				address_token_containment=+7.32; address_token_jaccard=+4.00; address_fuzz_ratio=+3.06; name_translit_fuzz_ratio=+2.75	numbers_differ	token_substituted	cahclal partners	chemical	near_duplicate_number_changed	house/unit number differs; name token_substituted	False	False	False	True	False
S1-281351367	fit	US	Signature Biomedical Innovations Inc.	5306 Brinsted Avenue, West Carrollton, OH	S3-73820195	S3	Inc. Signature Biomedical Innovations Metro	#5310 Brinsted Avenue, West Carrollton, Ohio	signature biomedical innovations inc	inc signature biomedical innovations metro	5306 brinsted avenue west carrollton oh	5310 brinsted avenue west carrollton ohio			5306	5310	8.776	0.99984560694204	8.468	298	0.0	0.0	0.8	4.0	1.0	0.846	0.923	1.0	0.846	6.0	0.0	0.0	0.0	0.5	4.0	0.667	0.0	0.0	0.0	0.95	1.0	0.804	1.0	b5	0	1	0	1.0	0		391.0	24.818253594990622	7.9056359379905246	6199.0	0.8077576614020283	5.906621922641084	5.906621922641084	6.204563398747656	31.94791081906491	14.335355416029662	9.0	0.511465969136387	10.988966270862502	30.515503654060495	7.897198972934892	0.6931471805599453	0.0	0.6931471805599453	0.0		5.971261839790462	2	1	0	0	0				name_token_jaccard=+9.23; name_translit_fuzz_ratio=+6.58; address_token_containment=+5.10; address_fuzz_ratio=+2.86	numbers_differ	cand_adds_token	metro		near_duplicate_number_changed	house/unit number differs; name cand_adds_token	False	False	False	True	False
S1-488283805	fit	US	Xin, Shimp & Vasquez LLC	1327 Quail Valley Road, Nashville, TN	S2-440951732	S2	Xin, Shimp & Vasquez Co.	##1340 QUAIL VALLEY RD, PMB 5511, NASHVILLE, TN	xin shimp and vasquez llc	xin shimp and vasquez co	1327 quail valley road nashville tn	1340 quail valley rd pmb 5511 nashville tn			1327	1340	8.674	0.9998290623240675	-0.282	914	0.0	1.0	0.667	4.0	0.8	0.939	0.939	0.939	0.939	1.0	0.0	0.0	0.0	0.4	4.0	0.667	0.0	0.0	0.0	0.805	1.0	0.756	2.0	b2,b3	0	1	0	1.0	0		866.0	39.540913850038315	13.929890307921498	14.0	0.8464600840377128	4.444887249080923	7.172350715756172	8.453675463342714	24.97178921576667	8.22521933920418	4503.0	0.37169894290958116	10.684697174735923	42.211047034163855	6.384739354001595	0.6931471805599453	0.0	0.6931471805599453	0.0		6.7650389767805414	1	1	0	0	0				name_translit_fuzz_ratio=+7.90; name_token_jaccard=+7.56; address_token_containment=+5.10; name_fuzz_token_set_ratio=+2.55	numbers_differ	core_equal			near_duplicate_number_changed	house/unit number differs; name core_equal	False	False	False	False	False
S1-709486856	fit	US	Primary Care Partners Care	2592 Houston Street, Paris, TX	S2-684112522	S2	PRIMARY CARE PARTNERS CARE [CORP]	TX, PARIS, 02603 HOUSTON STREET	primary care partners care	primary care partners care corp	2592 houston street paris tx	tx paris 02603 houston street		02603	2592	02603	8.663	0.9998272270707709	0.111	165	0.0	1.0	0.75	3.0	1.0	0.912	0.912	1.0	0.912	5.0	0.0	0.0	0.0	0.667	4.0	0.8	0.0	0.0	0.0	0.561	1.0	0.512	1.0	b2	0	1	0	1.0	0	19.0	19.0	15.438044273583383	6.600402948367324	22868.0	0.784494382232075	4.240929372675803	4.240929372675803	5.146014757861128	21.180505190849452	8.144425444962048	4882.0	0.4568022335956256	13.642208235469717	25.186398543686664	6.54493909981328	0.6931471805599453	0.0	0.6931471805599453	0.0	2.995732273553991	2.995732273553991	4	1	0	0	0				name_token_jaccard=+8.61; name_translit_fuzz_ratio=+7.52; address_token_containment=+6.65; address_token_jaccard=+3.47	numbers_differ	core_equal			near_duplicate_number_changed	house/unit number differs; name core_equal	False	False	False	False	False
S1-201378885	tune	India	Fresh Enterprises Private Limited	Karnataka, Bangalore, 37-10, G Block, Ground Floor, Sahakarnagar, Bangalore North	S2-543567145	S2	Fresh Strategic Private Limited	37-23, G BLOCK, GROUND FLOOR, SAHAKARNAGAR, BANGALORE NORTH, ಕರ್ನಾಟಕ	fresh enterprises private limited	fresh strategic private limited	karnataka bangalore 37 10 g block ground floor sahakarnagar bangalore north	37 23 g block ground floor sahakarnagar bangalore north ಕರ್ನಾಟಕ			37	37	8.661	0.9998267380669228	1.505	458	0.0	0.0	0.6	3.0	0.75	0.781	0.656	0.808	0.781	2.0	0.0	0.0	0.0	0.667	8.0	0.8	1.0	1.0	0.0	0.768	1.0	0.6	1.0	b5	0	1	0	1.0	0		13839.0	13.630103703091695	9.127991910626	1219.0	0.4800910852793186	9.822779780643405	14.760558237989038	4.641970540109332	40.41716992705265	10.116500850311954	453.0	0.6706831261122704	5.589911518852291	19.845520982345498	4.96966660684908	0.6931471805599453	0.0	0.6931471805599453	0.0		9.535318229171661	2	1	0	0	0				name_token_jaccard=+6.72; address_token_containment=+6.65; name_translit_fuzz_ratio=+5.65; address_token_jaccard=+3.47	numbers_differ	token_substituted	strategic	enterprises	near_duplicate_number_changed	house/unit number differs; name token_substituted	False	False	False	True	False
S1-242292031	fit	India	Decor Brothers Private Limited	Howrah, Bagree Flour Mill Compound, Kolkata, West Bengal, Kolkata, 15 Canal East Road	S2-715529846	S2	decor brothers enterprises private limited	18 CANAL EAST ROAD, BAGREE FLOUR MILL COMPOUND, KOLKATA, KOLKATA, West Bengal	decor brothers private limited	decor brothers enterprises private limited	howrah bagree flour mill compound kolkata west bengal kolkata 15 canal east road	18 canal east road bagree flour mill compound kolkata kolkata west bengal			15	18	8.63	0.999821305685464	4.406	425	0.0	0.0	0.8	4.0	1.0	0.833	0.833	1.0	0.833	12.0	0.0	0.0	0.0	0.769	10.0	0.909	0.0	0.0	0.0	0.667	1.0	0.556	1.0	b5	0	1	0	1.0	0		26357.0	19.230773819761012	9.656736690632256	718.0	0.795694073822416	4.937778457345633	4.937778457345633	4.807693454940253	64.2774760295259	12.209246357618152	55.0	0.8055335050094877	5.389873524981949	15.5174370681842	6.200419964394013	0.6931471805599453	0.0	0.6931471805599453	0.0		10.179527113203834	2	1	0	0	0				name_token_jaccard=+9.23; address_token_containment=+7.92; name_translit_fuzz_ratio=+6.39; address_token_jaccard=+4.12	numbers_differ	cand_adds_token	enterprises		near_duplicate_number_changed	house/unit number differs; name cand_adds_token	False	False	False	True	False
S1-841500330	fit	US	Safe Empire Apogee	121 Pleasant Grove Road, Unit Apartment 1002, Ithaca, NY	S3-644740196	S3	Safe Empire Apogee Corp	122 Pleasant Grove Road, Unit Apartment 1002, Forest Home, New York	safe empire apogee	safe empire apogee corp	121 pleasant grove road unit apartment 1002 ithaca ny	122 pleasant grove road unit apartment 1002 forest home new york			121	122	8.623	0.9998201072180968	-1.91	1773	0.0	1.0	0.75	3.0	1.0	0.878	0.878	1.0	0.878	5.0	0.0	0.0	0.0	0.429	6.0	0.667	1.0	0.0	0.0	0.821	1.0	0.72	2.0	b2,b5	0	1	0	1.0	0		5899.0	22.097978727771263	9.182063821531884	1729.0	0.8389861357766831	4.240929372675803	4.240929372675803	7.365992909257088	36.163416797896815	9.156948346154183	1773.0	0.4118024779783149	8.876195524364796	51.65396831215866	6.326302270196572	0.6931471805599453	0.0	0.6931471805599453	0.0		8.68270762989381	1	1	0	0	0				name_token_jaccard=+8.61; name_translit_fuzz_ratio=+7.03; address_token_containment=+5.10; name_fuzz_token_set_ratio=+2.83	numbers_differ	core_equal			near_duplicate_number_changed	house/unit number differs; name core_equal	False	False	False	False	False
S1-90847886	fit	India	Shiv Food Pvt Ltd	Plot No 216, Ganesh Nagar, Near Gopal Nagar, Amrutdham, Nashik, Maharashtra	S2-742429056	S2	shiv exports pvt ltd	PLOT NO 419 , GANESH NAGAR, NEAR GOPAL NAGAR, AMRUTDHAM, NASHIK, Maharashtra	shiv food pvt ltd	shiv exports pvt ltd	plot no 216 ganesh nagar near gopal nagar amrutdham nashik maharashtra	plot no 419 ganesh nagar near gopal nagar amrutdham nashik maharashtra			216	419	8.615	0.9998186966841243	2.841	88	0.0	0.0	0.6	3.0	0.75	0.757	0.757	0.828	0.757	3.0	0.0	0.0	0.0	0.818	9.0	0.9	0.0	0.0	0.0	0.971	1.0	0.735	1.0	b5	0	5	2	1.0	0		1406.0	13.23275526552753	7.068836719775087	9563.0	0.5312752625105737	6.4974602831014305	11.67477610153695	4.9325538871572405	48.67430594345381	12.384450446643244	46.0	0.7491080649620185	8.543397950830439	16.3020415557841	5.643294954840747	1.791759469228055	1.0986122886681098	0.6931471805599453	0.0		7.249215057114389	5	1	0	0	0				address_token_containment=+7.81; name_token_jaccard=+6.72; name_translit_fuzz_ratio=+5.30; address_token_jaccard=+4.43	numbers_differ	token_substituted	exports	food	near_duplicate_number_changed	house/unit number differs; name token_substituted	True	False	False	True	False
S1-653974578	fit	US	Pediatric Dentistry Health Corp	402 Jonestown Road, Alleghany County, VA	S2-312006521	S2	Pediatric Dentistry Health Ltd	##409 Jonestown Rd, ALLEGHANY COUNTY, VA	pediatric dentistry health corp	pediatric dentistry health ltd	402 jonestown road alleghany county va	409 jonestown rd alleghany county va			402	409	8.593	0.999814659038431	3.442	915	0.0	1.0	0.6	3.0	0.75	0.885	0.852	0.929	0.885	1.0	0.0	0.0	0.0	0.5	4.0	0.667	0.0	0.0	0.0	0.946	1.0	0.837	2.0	b2,b5	0	20	30	1.0	0		3778.0	17.357274183513518	6.715680271164296	20378.0	0.6638197300566462	4.549368439045528	8.79029781172133	5.39955088904733	32.547681856509485	12.403834004426448	68.0	0.5818621674846586	8.31190782306863	23.38941746928168	7.388943694955614	3.044522437723423	3.4339872044851463	0.6931471805599453	0.0		8.237214703349489	8	1	0	0	0				name_translit_fuzz_ratio=+7.14; name_token_jaccard=+6.72; address_token_containment=+5.10; address_fuzz_ratio=+2.83	numbers_differ	core_equal			near_duplicate_number_changed	house/unit number differs; name core_equal	True	False	False	False	False
S1-501781262	fit	US	Curtis Nasdaq	9384 54, Town Of Dexter, WI	S3-612818136	S3	Curtis Partners Nasdaq	9391 54, Town Of Dexter, Wisconsin	curtis nasdaq	curtis partners nasdaq	9384 54 town of dexter wi	9391 54 town of dexter wisconsin			9384	9391	8.57	0.9998103137651758	0.454	1006	0.0	0.0	0.667	2.0	1.0	0.743	0.743	1.0	0.743	9.0	0.0	0.0	0.0	0.5	4.0	0.667	1.0	0.0	0.0	0.807	1.0	0.599	1.0	b5	0	1	0	1.0	0		66.0	18.61768321225362	9.560442455454476	1184.0	0.8174353415483903	4.158042604772971	4.158042604772971	9.30884160612681	28.39951892733859	9.777276837575421	953.0	0.4425412780997099	12.667648595471587	35.77419849239516	7.752190948980683	0.6931471805599453	0.0	0.6931471805599453	0.0		4.204692619390966	1	1	0	0	0				name_token_jaccard=+7.56; address_token_containment=+5.10; name_translit_fuzz_ratio=+5.10; name_fuzz_token_set_ratio=+2.83	numbers_differ	cand_adds_token	partners		near_duplicate_number_changed	house/unit number differs; name cand_adds_token	False	False	False	True	False
S1-5420517	tune	US	GC Newhold, LLC	3731 Beth Place, Hickory, NC	S2-739946050	S2	Corp GC Newhold,	3752. BETH PL, HICKORY, NC	gc newhold llc	corp gc newhold	3731 beth place hickory nc	3752 beth pl hickory nc			3731	3752	8.522	0.9998010826698412	6.671	1057	0.0	1.0	0.5	2.0	0.667	0.69	0.759	0.833	0.69	1.0	0.0	0.0	0.0	0.429	3.0	0.6	0.0	0.0	0.0	0.857	1.0	0.591	3.0	b2,b3,b5	0	1	0	2.0	0		191.0	20.86614941907593	11.61405998817743	151.0	0.749649454456491	4.240929372675803	6.968392839351052	7.864537628583726	21.92334303151078	10.36506350247754	529.0	0.39791184355428805	11.195522798501914	33.172637112442196	7.661263657035771	0.6931471805599453	0.0	1.0986122886681098	0.0		5.2574953720277815	1	1	0	0	0				name_token_jaccard=+5.46; name_translit_fuzz_ratio=+4.34; address_token_containment=+4.33; n_channels_hit=+3.82	numbers_differ	core_equal			near_duplicate_number_changed	house/unit number differs; name core_equal	False	False	False	False	False
S1-650553113	fit	US	Roberts Regional Data	344 Burkhardt Avenue, Canton, OH	S2-165474865	S2	Corp Roberts Regional Data	346 BURKHARDT AVE, OH, CANTON	roberts regional data	corp roberts regional data	344 burkhardt avenue canton oh	346 burkhardt ave oh canton			344	346	8.485	0.9997935048324299	0.963	1923	0.0	1.0	0.75	3.0	1.0	0.894	0.894	1.0	0.894	5.0	0.0	0.0	0.0	0.429	3.0	0.6	0.0	0.0	0.0	0.807	1.0	0.721	2.0	b2,b5	0	1	0	1.0	0		1460.0	21.708607736138074	8.292960140253136	4208.0	0.8365701339915096	4.240929372675803	4.240929372675803	7.236202578712692	24.348066063070945	12.403834004426448	68.0	0.48573578232884157	9.240991906402694	25.778086773220167	7.451874752981557	0.6931471805599453	0.0	0.6931471805599453	0.0		7.2868764117507	1	1	0	0	0				name_token_jaccard=+8.61; name_translit_fuzz_ratio=+7.26; address_token_containment=+4.33; name_fuzz_token_set_ratio=+2.83	numbers_differ	core_equal			near_duplicate_number_changed	house/unit number differs; name core_equal	False	False	False	False	False
S1-738924261	fit	US	JW John LLC	99 Warren Avenue, Plymouth, MA	S2-274105773	S2	JW John Eastgate LLC	112 WARREN AVENUE, PLYMMOUTH, MA	jw john llc	jw john eastgate llc	99 warren avenue plymouth ma	112 warren avenue plymmouth ma			99	112	8.481	0.9997926915399321	2.143	168	0.0	0.0	0.75	3.0	1.0	0.71	0.71	1.0	0.71	9.0	0.0	0.0	0.0	0.429	3.0	0.6	0.0	0.0	0.0	0.897	1.0	0.636	1.0	b3	0	1	0	1.0	0		8064.0	23.320159164199175	11.508041794100635	168.0	0.7742621346278755	6.799044812380757	6.799044812380757	7.773386388066392	16.43322546395571	7.780140781847802	7028.0	0.3115192860685664	12.831278019253388	36.318646406791665	6.487770853669163	0.6931471805599453	0.0	0.6931471805599453	0.0		8.99528899055931	1	1	0	0	0				name_token_jaccard=+8.61; name_translit_fuzz_ratio=+4.62; address_token_containment=+4.33; name_fuzz_token_set_ratio=+2.83	numbers_differ	cand_adds_token	eastgate		near_duplicate_number_changed	house/unit number differs; name cand_adds_token	False	False	False	True	False
S1-105508073	tune	India	Pranika Solar Private Limited	228/A, Chittaranjan Avenue, Kolkata, Kolkata, Howrah, West Bengal	S2-978614625	S2	Pranikayn Solar Private Ltd	00229/A, CHITTARANJAN AVENUE, KOLKATA, KOLKATA, West Bengal	pranika solar private limited	pranikayn solar private ltd	228 a chittaranjan avenue kolkata kolkata howrah west bengal	00229 a chittaranjan avenue kolkata kolkata west bengal		00229	228	00229	8.445	0.9997849680102355	5.859	1875	0.0	0.0	0.333	2.0	0.5	0.893	0.893	0.893	0.893	2.0	0.0	0.0	0.0	0.667	6.0	0.857	0.0	0.0	0.0	0.904	1.0	0.807	1.0	b5	0	1	1	1.0	0	31.0	31.0	10.3357179118487	8.070657093598296	3511.0	0.26790150038136507	12.157060604447583	28.24457334122575	5.892731242896836	30.600776536358577	8.802706131545502	1688.0	0.5423499442083259	12.768862145553575	25.82179133359273	5.4567132155497164	0.6931471805599453	0.6931471805599453	0.6931471805599453	0.0	3.4657359027997265	3.4657359027997265	2	1	0	0	0				address_token_containment=+7.32; name_translit_fuzz_ratio=+7.25; address_token_jaccard=+3.47; name_token_jaccard=+3.37	numbers_differ	token_substituted	pranikayn	pranika	near_duplicate_number_changed	house/unit number differs; name token_substituted	False	False	False	True	False
S1-152070551	fit	US	Cole Select Worldwide	984 Summitville Drive, Webster, NY	S2-268959920	S2	Cole Select Cleaning	98 SUMMITVILLE DRIVE, WEBSTER, NY	cole select worldwide	cole select cleaning	984 summitville drive webster ny	98 summitville drive webster ny			984	98	8.416	0.9997787783691402	4.799	610	0.0	0.0	0.5	2.0	0.667	0.683	0.537	0.71	0.683	1.0	0.0	0.0	0.0	0.667	4.0	0.8	0.0	0.0	0.0	0.984	1.0	0.672	1.0	b5	0	1	0	1.0	0		2868.0	15.414072555999596	8.860147882684878	2386.0	0.5248061703671831	7.026745641497044	13.956909391897593	7.448078768800048	27.698798079627927	11.793753422565116	126.0	0.594070352489663	10.453791618086225	18.926652868304863	7.630517939542831	0.6931471805599453	0.0	0.6931471805599453	0.0		7.9617188159813645	1	1	0	0	0				address_token_containment=+6.65; name_token_jaccard=+5.46; name_translit_fuzz_ratio=+4.24; address_token_jaccard=+3.47	numbers_differ	token_substituted	cleaning	worldwide	near_duplicate_number_changed	house/unit number differs; name token_substituted	False	False	False	True	False
S1-834811121	fit	US	Midwest Secure Jackson LLC	111 Plumtrees Road, Bethel, CT	S3-987490190	S3	F. Burgess Ace	Bethel, 111 Plumtrees Road, CT	midwest secure jackson llc	f burgess ace	111 plumtrees road bethel ct	bethel 111 plumtrees road ct			111	111	8.409	0.999777214380915	6.559	23	0.0	0.0	0.0	0.0	0.0	0.359	0.359	0.359	0.359	13.0	0.0	0.0	0.0	1.0	5.0	1.0	1.0	1.0	0.0	0.75	1.0	0.269	1.0	b5	0	1	0	1.0	0		9390.0	0.0	0.0		0.0	9.912906866856865	46.363709946377455	5.812290947734936	37.44007773758388	13.546898055665391	21.0	1.0	0.0	0.0	7.488015547516776	0.6931471805599453	0.0	0.6931471805599453	0.0		9.147507062804614	1	1	1	0	0	S1-197393372	Fay Burgess Ace Arch	111 Plumtrees Road, Bethel, CT	address_token_containment=+8.98; address_token_jaccard=+5.58; address_fuzz_ratio=+1.74; street_number_equal=+1.04	numbers_equal	token_substituted	ace burgess f	jackson midwest secure	shared_address	unrelated business name at the same address	False	False	False	True	True
S1-580524278	fit	US	Ivenis Equipment, LLC	1538 Chigwell Lane, Webster, NY	S2-330896750	S2	nexvera equipment, llc	1539. CHIGWELL LANE, WEBSTER ICTY, NY	ivenis equipment llc	nexvera equipment llc	1538 chigwell lane webster ny	1539 chigwell lane webster icty ny			1538	1539	8.39	0.999772811407505	4.198	718	0.0	0.0	0.5	2.0	0.667	0.78	0.634	0.788	0.78	1.0	0.0	0.0	0.0	0.571	4.0	0.8	0.0	0.0	0.0	0.889	1.0	0.694	1.0	b5	0	1	2	1.0	0		499.0	11.992657609294628	9.265194142619379	1591.0	0.346192198230471	11.59451539210446	22.64895959234647	7.8623910004663635	30.991222846798358	14.240045236225336	10.0	0.5144285653466915	10.335321533278803	29.252754518479335	8.262039048415126	0.6931471805599453	1.0986122886681098	0.6931471805599453	0.0		6.214608098422191	5	1	0	0	0				address_token_containment=+6.65; name_translit_fuzz_ratio=+5.64; name_token_jaccard=+5.46; address_token_jaccard=+2.87	numbers_differ	token_substituted	nexvera	ivenis	near_duplicate_number_changed	house/unit number differs; name token_substituted	False	False	False	True	False
S1-974849710	fit	India	East Consultancy Limited	Fn 31 Samruddhi Apt Marve, Mumbai, Rd Aadrash Dairy Lane, Malad West, Maharashtra	S2-69007338	S2	East Consultancy  Jewellers Limited	FN 34 SAMRUDDHI APT MARVE, RD AADRASH DAIRY LANE, MALAD WEST, <NULL>, Maharashtra	east consultancy limited	east consultancy jewellers limited	fn 31 samruddhi apt marve mumbai rd aadrash dairy lane malad west maharashtra	fn 34 samruddhi apt marve rd aadrash dairy lane malad west null maharashtra			31	34	8.337	0.9997604883895144	5.043	3012	0.0	0.0	0.75	3.0	1.0	0.828	0.828	1.0	0.828	10.0	0.0	0.0	0.0	0.733	11.0	0.846	0.0	0.0	0.0	0.908	1.0	0.751	1.0	b5	0	1	3	1.0	0		14700.0	14.945301354718673	6.801034128262739	12500.0	0.6541715958239118	7.9008470413997225	7.9008470413997225	4.981767118239557	80.984225170261	13.669648690891766	12.0	0.7993689001865302	6.078252814519573	20.325977354960564	6.952348680020251	0.6931471805599453	1.3862943611198906	0.6931471805599453	0.0		9.595670797663967	7	1	0	0	0				name_token_jaccard=+8.61; address_token_containment=+7.19; name_translit_fuzz_ratio=+6.31; address_token_jaccard=+3.89	numbers_differ	cand_adds_token	jewellers		near_duplicate_number_changed	house/unit number differs; name cand_adds_token	False	False	False	True	False
S1-244717707	tune	US	Supreme Equity Consultants	4 Maple Drive, Unit Apartment 3L, Great Neck Plaza, NY	S3-845558507	S3	Supreme Equity Consultants Corp	6B Maple Dr, Unit Apartment 3L, Great Neck Plaza, New York	supreme equity consultants	supreme equity consultants corp	4 maple drive unit apartment 3l great neck plaza ny	6b maple dr unit apartment 3l great neck plaza new york			4		8.302	0.9997521164777678	-3.869	110	0.0	1.0	0.75	3.0	1.0	0.912	0.912	1.0	0.912	5.0	0.0	0.0	0.0	0.5	7.0	0.7	0.0	0.0	0.0	0.887	1.0	0.809	2.0	b2,b5	0	1	0	1.0	0			21.03123363206659	7.250709970250777	11934.0	0.8321896953624437	4.240929372675803	4.240929372675803	7.010411210688862	53.7752404579023	11.928410307711374	110.0	0.5873873803149562	11.390916436863222	37.774633203101615	6.8442211035460785	0.6931471805599453	0.0	0.6931471805599453	0.0			1	1	0	0	0				name_token_jaccard=+8.61; name_translit_fuzz_ratio=+7.52; address_token_containment=+5.49; name_fuzz_token_set_ratio=+2.83	numbers_differ	core_equal			near_duplicate_number_changed	house/unit number differs; name core_equal	False	False	False	False	False
S1-709883399	tune	US	Nonet Technology Inc.	IL, West Dundee, 85 Fox Avenue	S3-759779911	S3	Nonet Inc. Technology		nonet technology inc	nonet inc technology	il west dundee 85 fox avenue				85		8.293	0.9997497491621332	7.24	1390	0.0	1.0	1.0	3.0	1.0	0.8	1.0	1.0	0.8	0.0	0.0	0.0	1.0	0.0	0.0	0.0	0.0	0.0	0.0	0.0	1.0	0.0	2.0	b2,b3	0	2	6		0			22.28899318657995	11.620660672208784	150.0	1.0	0.0	0.0	7.42966439552665	0.0	0.0		0.0	9.513462246530283	38.84975778792639	6.474959631321067	1.0986122886681098	1.9459101490553132		0.0			4	1	1	1	0	S1-353696699	Nonet Technology Inc.	5514 Rosemont Avenue, Washington Park, IL	name_token_jaccard=+11.75; address_missing_cand=+8.83; name_translit_fuzz_ratio=+5.92; name_fuzz_token_set_ratio=+2.83	cand_addr_missing	core_equal			other_same_name_cand_address_missing	candidate has no address; GT links it to a different-location S1	True	False	False	False	True
S1-151183277	fit	US	Ironworkers Union Local No 155	12815 6th Street, Yucaipa, CA	S3-597632577	S3	Ironworkers Union Local No 155 LLC	12817d 6th St, Yucaipa, California	ironworkers union local no 155	ironworkers union local no 155 llc	12815 6th street yucaipa ca	12817d 6th st yucaipa california	12815		12815		8.214	0.999729330552255	6.223	1683	0.0	1.0	0.833	5.0	1.0	0.938	0.938	1.0	0.938	4.0	0.0	0.0	0.0	0.25	2.0	0.4	0.0	0.0	0.0	0.746	1.0	0.699	3.0	b2,b3,b5	0	2	1	2.0	0			42.97207567636878	12.974378862894062	38.0	0.9403174842061751	2.7274634666752497	2.7274634666752497	8.594415135273755	17.16812140031586	9.281022266667687	1566.0	0.276171717721971	15.539328220355598	44.99654028889968	7.612743654952789	1.0986122886681098	0.6931471805599453	1.0986122886681098	0.0			1	1	0	0	0				name_token_jaccard=+9.65; name_translit_fuzz_ratio=+7.88; n_channels_hit=+3.82; name_fuzz_token_set_ratio=+2.83	numbers_differ	core_equal			near_duplicate_number_changed	manual: 12815 vs 12817d	False	False	False	False	False
S1-107300854	fit	US	Katya Roberts Ocean Inc	4164 Times Square Boulevard, Fl 1, Dublin, OH	S2-233408218	S2	Katya Roberts Ocean Co	OH, DUBLIN, 4165 TIMES SQUARE BVLD, NULL	katya roberts ocean inc	katya roberts ocean co	4164 times square boulevard fl 1 dublin oh	oh dublin 4165 times square bvld null			4164	4165	8.205	0.9997268723531183	0.525	400	0.0	1.0	0.6	3.0	0.75	0.933	0.933	0.933	0.933	1.0	0.0	0.0	0.0	0.364	4.0	0.571	0.0	0.0	0.0	0.582	1.0	0.543	3.0	b2,b3,b5	0	1	0	1.0	0		163.0	28.12953063865844	11.450554703182952	178.0	0.7902635314166216	4.444887249080923	7.465596202426599	7.787559898001029	32.97205836360046	12.361274390007653	71.0	0.37119911180924775	11.647507922244971	55.85374243881144	7.656496253637091	0.6931471805599453	0.0	0.6931471805599453	0.0		5.099866427824199	1	1	0	0	0				name_translit_fuzz_ratio=+7.82; name_token_jaccard=+6.72; address_token_containment=+4.00; n_channels_hit=+3.82	numbers_differ	core_equal			near_duplicate_number_changed	house/unit number differs; name core_equal	False	False	False	False	False
S1-354470254	fit	India	Indore Technologies Limited	1St Floor, Building No. Viii/303, West Veliyathunadu, Paravur, Ernakulam, Kerala	S2-439933826	S2	Indore Technologies Pvt Ltd	NO 3S FLOOR, BUILDING NO. VIII/303, WEST VELIYATHUNADU, PARAVUR, കേരളം	indore technologies limited	indore technologies pvt ltd	1st floor building no viii 303 west veliyathunadu paravur ernakulam kerala	no 3s floor building no viii 303 west veliyathunadu paravur കേരളം			303	303	8.198	0.9997248585279167	7.867	2767	0.0	1.0	0.4	2.0	0.667	0.852	0.852	0.852	0.852	0.0	0.0	0.0	0.0	0.615	8.0	0.8	1.0	1.0	0.0	0.806	1.0	0.686	2.0	b2,b5	0	2	0	1.0	0		8248.0	13.59323643949652	8.209081661864294	3057.0	0.6180371532643242	3.3116128687129214	8.400969519967735	5.27676247123727	53.01049824137141	14.848303687233411	3.0	0.6128655518556676	11.90386470806697	33.48563142501846	6.245576636970205	1.0986122886681098	0.0	0.6931471805599453	0.0		9.017847259860732	3	1	0	0	0				name_translit_fuzz_ratio=+6.66; address_token_containment=+6.65; name_token_jaccard=+4.21; address_token_jaccard=+3.15	numbers_differ	core_equal			near_duplicate_number_changed	house/unit number differs; name core_equal	False	False	False	False	False
S1-854459457	tune	India	Ratna (India) Solutions Limited	Sf.No.173/3, 2B1, Kaniyampoondi Village, Vanjipalayam, Avinashi Taluk, Tiruppur, Coimbatore, Tamil Nadu	S2-898061731	S2	Ratna (Itenr)a Solutions  Enterprises Limited	H.NO 995 SF.NO.173/24, 2B1, KANIYAMPOONDI VILLAGE, VANJIPALAYAM, AVINASHI TALUK, TIRUPPUR, Tamil Nadu	ratna india solutions limited	ratna itenr a solutions enterprises limited	sf no 173 3 2b1 kaniyampoondi village vanjipalayam avinashi taluk tiruppur coimbatore tamil nadu	h no 995 sf no 173 24 2b1 kaniyampoondi village vanjipalayam avinashi taluk tiruppur tamil nadu			173	995	8.196	0.9997243769179078	7.949	1545	0.0	0.0	0.429	3.0	0.75	0.75	0.722	0.885	0.75	14.0	0.0	0.0	0.0	0.706	12.0	0.857	1.0	0.0	0.0	0.88	1.0	0.66	2.0	b3,b5	0	1	0	1.0	0		545.0	17.735703643189147	10.417486888390098	335.0	0.36866855271391796	15.135985759685193	30.371745480500625	5.413122727668446	92.29997991985863	12.283354329771875	51.0	0.7667503962056532	9.760707352001027	28.07815144676993	7.281563121388424	0.6931471805599453	0.0	0.6931471805599453	0.0		6.302618975744905	1	1	0	0	0				address_token_containment=+7.32; name_translit_fuzz_ratio=+5.20; name_token_jaccard=+4.57; address_token_jaccard=+3.72	numbers_differ	token_substituted	enterprises itenr	india	near_duplicate_number_changed	house/unit number differs; name token_substituted	False	False	False	True	False
S1-896987342	fit	US	Summit Modern Rio Inc	11412 238, Fl 1, Jacksonville, OR	S2-16333005	S2	Summit Modern Rio Ltd	1142 238, JACKSONVILLE, OR	summit modern rio inc	summit modern rio ltd	11412 238 fl 1 jacksonville or	1142 238 jacksonville or	11412		11412	1142	8.19	0.9997227387202406	-0.389	102	0.0	1.0	0.6	3.0	0.75	0.857	0.857	0.895	0.857	0.0	0.0	0.0	0.0	0.429	3.0	0.75	1.0	0.0	0.0	0.889	1.0	0.762	1.0	b2	0	1	0	1.0	0		595.0	21.39673660382774	8.918366519764128	2251.0	0.738663789763716	4.549368439045528	7.570077392391204	6.104361389293354	21.95194098350437	8.798021149011126	2539.0	0.40010338007660545	12.012967695739437	32.91373143171332	7.452569320779766	0.6931471805599453	0.0	0.6931471805599453	0.0		6.39024066706535	1	1	0	0	0				name_translit_fuzz_ratio=+6.73; name_token_jaccard=+6.72; address_token_containment=+6.07; address_fuzz_ratio=+2.51	numbers_differ	core_equal			near_duplicate_number_changed	house/unit number differs; name core_equal	False	False	False	False	False
S1-21572516	fit	US	Antonelli Diamond Biotech Inc	5411 Central Avenue, Washington, DC	S2-749578779	S2	Antonelli Diamond Biotech Group	5432 CENTRAL AVE, WASHINGTON, DC	antonelli diamond biotech inc	antonelli diamond biotech group	5411 central avenue washington dc	5432 central ave washington dc			5411	5432	8.187	0.9997218346323409	0.705	366	0.0	0.0	0.6	3.0	0.75	0.867	0.867	0.926	0.867	2.0	0.0	0.0	0.0	0.429	3.0	0.6	0.0	0.0	0.0	0.889	1.0	0.77	1.0	b3	0	1	0	1.0	0		205.0	27.693635235267823	12.78779290731365	46.0	0.7892039707528905	4.3762486892308035	7.39695764257648	7.678586047153375	18.875238309668926	7.188347044000247	12702.0	0.39028589742945385	11.195522798501914	29.487355455535518	6.708256760344379	0.6931471805599453	0.0	0.6931471805599453	0.0		5.327876168789581	1	1	0	0	0				name_translit_fuzz_ratio=+6.87; name_token_jaccard=+6.72; address_token_containment=+4.33; address_fuzz_ratio=+2.51	numbers_differ	cand_adds_token	group		near_duplicate_number_changed	house/unit number differs; name cand_adds_token	False	False	False	True	False
S1-832121557	fit	US	Mcquiston Empire LLC	6708 Marbella, Irving, TX	S2-99118193	S2	Partners Mcquiston Elire	TX, 6711 MARBELLA, IRVING	mcquiston empire llc	partners mcquiston elire	6708 marbella irving tx	tx 6711 marbella irving			6708	6711	8.181	0.9997202689883253	2.065	388	0.0	0.0	0.2	1.0	0.333	0.636	0.636	0.682	0.636	4.0	0.0	0.0	0.0	0.6	3.0	0.75	0.0	0.0	0.0	0.783	1.0	0.498	2.0	b3,b5	0	1	0	1.0	0		305.0	13.027022596379483	13.027022596379483	36.0	0.3175884896208639	14.692030359968394	27.991537654122986	7.389495761920369	23.381689712591182	11.928410307711374	110.0	0.5157939170253603	11.140772283730506	21.949767175144007	8.630615499080422	0.6931471805599453	0.0	0.6931471805599453	0.0		5.723585101952381	1	1	0	0	0				address_token_containment=+6.07; name_translit_fuzz_ratio=+3.57; address_token_jaccard=+3.05; address_fuzz_ratio=+1.92	numbers_differ	token_substituted	elire partners	empire	near_duplicate_number_changed	house/unit number differs; name token_substituted	False	False	False	True	False
S1-348541124	tune	US	Anchor Crystal Urban Inc	106 Stampede Trail, Forney, TX	S2-796709928	S2	Anchor Crystal Urban Summit Inc	117 STAMPEDE TRL, FORNEY, TX	anchor crystal urban inc	anchor crystal urban summit inc	106 stampede trail forney tx	117 stampede trl forney tx			106	117	8.174	0.9997182747846988	-1.091	69	0.0	0.0	0.8	4.0	1.0	0.873	0.873	1.0	0.873	7.0	0.0	0.0	0.0	0.429	3.0	0.6	0.0	0.0	0.0	0.889	1.0	0.776	1.0	b5	0	1	0	1.0	0		6553.0	23.562245550931365	7.378524299400932	10502.0	0.8009424319834696	5.855905629524083	5.855905629524083	5.890561387732841	25.15641965496514	12.389445266974349	69.0	0.4761242108008797	7.703748973685633	27.679414113391214	7.762550040663889	0.6931471805599453	0.0	0.6931471805599453	0.0		8.787830829258759	1	1	0	0	0				name_token_jaccard=+9.23; name_translit_fuzz_ratio=+6.96; address_token_containment=+4.33; name_fuzz_token_set_ratio=+2.83	numbers_differ	cand_adds_token	summit		near_duplicate_number_changed	house/unit number differs; name cand_adds_token	False	False	False	True	False
S1-3976750	fit	US	Blue Trust Inc	6911 Friendship Ledford Road, Winston-salem, NC	S3-664364375	S3	Blue Trust Metro Inc	006932 Friendship Ledford Road, Winston-Salem, North Carolina	blue trust inc	blue trust metro inc	6911 friendship ledford road winston salem nc	006932 friendship ledford road winston salem north carolina		006932	6911	006932	8.172	0.9997177055168028	2.545	1791	0.0	0.0	0.75	3.0	1.0	0.824	0.824	1.0	0.824	6.0	0.0	0.0	0.0	0.5	5.0	0.714	0.0	0.0	0.0	0.827	1.0	0.681	1.0	b5	0	1	8	1.0	0	6.0	6.0	15.820141827356464	6.6221068966560415	22377.0	0.7281407396606984	5.906621922641084	5.906621922641084	5.273380609118822	38.415515139269935	11.725285623287656	135.0	0.4988229837450035	14.692030359968394	38.596804643709035	7.687444925420598	0.6931471805599453	2.1972245773362196	0.6931471805599453	0.0	1.9459101490553132	1.9459101490553132	8	1	0	0	0				name_token_jaccard=+8.61; name_translit_fuzz_ratio=+6.25; address_token_containment=+5.66; name_fuzz_token_set_ratio=+2.83	numbers_differ	cand_adds_token	metro		near_duplicate_number_changed	house/unit number differs; name cand_adds_token	True	False	False	True	False
S1-71360577	fit	US	Secure Medical Alliance	353 Littig Road, Unit B, Elgin, TX	S3-362424525	S3	SECURE MEDICAL ALLIANCE NORTHSIDE	374 1/2 Littig Road, Unit B, Elgin, Texas	secure medical alliance	secure medical alliance northside	353 littig road unit b elgin tx	374 1 2 littig road unit b elgin texas			353	374	8.172	0.9997176103481685	6.039	1476	0.0	0.0	0.75	3.0	1.0	0.821	0.821	1.0	0.821	10.0	0.0	0.0	0.0	0.455	5.0	0.714	0.0	0.0	0.0	0.841	1.0	0.69	1.0	b5	0	1	0	1.0	0		971.0	20.06250298900218	6.871877632399252	17431.0	0.7469892223841454	6.795318232258855	6.795318232258855	6.68750099633406	37.38253211078045	15.539328220355598	2.0	0.5083137781012737	9.560442455454476	36.15970443928324	7.246700747481801	0.6931471805599453	0.0	0.6931471805599453	0.0		6.879355804460439	1	1	0	0	0				name_token_jaccard=+8.61; name_translit_fuzz_ratio=+6.22; address_token_containment=+5.66; name_fuzz_token_set_ratio=+2.83	numbers_differ	cand_adds_token	northside		near_duplicate_number_changed	house/unit number differs; name cand_adds_token	False	False	False	True	False
S1-80941999	tune	India	Crown Traders Private Limited	G-25, Vardhman Plus Citi Mall, Sector-23, Dwarka, New Delhi, South West Delhi, Delhi	S2-835917743	S2	CROWN TRADERS GROUP PRIVATE	G-26, VARDHMAN PLUS CITI MALL, SECTOR-23, DWARKA, NEW DELHI, Delhi	crown traders private limited	crown traders group private	g 25 vardhman plus citi mall sector 23 dwarka new delhi south west delhi delhi	g 26 vardhman plus citi mall sector 23 dwarka new delhi delhi			25	26	8.138	0.9997079790226523	5.878	1913	0.0	0.0	0.6	3.0	0.75	0.75	0.786	0.875	0.75	2.0	0.0	0.0	0.0	0.714	10.0	0.909	1.0	0.0	0.0	0.863	1.0	0.647	1.0	b5	0	1	0	1.0	0		18211.0	17.59944762642435	9.773129871999584	639.0	0.7074065319960546	5.042332496332061	7.279383470547352	4.959124650159911	59.91575755765984	9.51679335332961	826.0	0.756104698445957	5.832701642066272	19.326915686940236	5.6469208925026	0.6931471805599453	0.0	0.6931471805599453	0.0		9.809835996454673	2	1	0	0	0				address_token_containment=+7.92; name_token_jaccard=+6.72; name_translit_fuzz_ratio=+5.20; address_token_jaccard=+3.77	numbers_differ	cand_adds_token	group		near_duplicate_number_changed	house/unit number differs; name cand_adds_token	False	False	False	True	False
S1-477379830	tune	India	Geetha (India) Sports Pvt Ltd	35A, Mahal Industrial Estate, Mahakali Road, Andheri (East), Maharashtra, Mumbai, Mumbai City	S3-174923184	S3	Mr GEETHA (INDIA) SPORTS HOLDINGS PVT LTD	56A, Mahal Industrial Estate, Mahakali Road, Andheri (East), Mumbai, Mumbai City, MH	geetha india sports pvt ltd	mr geetha india sports holdings pvt ltd	35a mahal industrial estate mahakali road andheri east maharashtra mumbai mumbai city	56a mahal industrial estate mahakali road andheri east mumbai mumbai city mh					8.13	0.9997054125076112	1.157	612	0.0	0.0	0.714	5.0	1.0	0.818	0.818	1.0	0.818	12.0	0.0	0.0	0.0	0.692	9.0	0.818	0.0	0.0	0.0	0.894	1.0	0.732	1.0	b3	0	1	0	1.0	0			30.463767746376167	11.791946791862985	84.0	0.7401679422673307	5.372105161535482	10.69414521734604	6.092753549275233	46.86099493465358	8.617330234724957	2032.0	0.6310854145490626	10.382395568578827	27.393604925078176	5.4830611947756	0.6931471805599453	0.0	0.6931471805599453	0.0			2	1	0	0	0				name_token_jaccard=+8.16; address_token_containment=+6.86; name_translit_fuzz_ratio=+6.18; address_token_jaccard=+3.63	numbers_differ	cand_adds_token	holdings		near_duplicate_number_changed	house/unit number differs; name cand_adds_token	False	False	False	True	False
S1-398724143	fit	India	Hitech Consultants Limited	Plot No. 442, Bageshree Banglow Meghpar, Anjar, Kachchh, Gujarat	S2-221887023	S2	Hitech Consultants Private Limited	NO 455 , BAGESHREE BANGLOW MEGHPAR, ANJAR, N/A, Gujarat	hitech consultants limited	hitech consultants private limited	plot no 442 bageshree banglow meghpar anjar kachchh gujarat	no 455 bageshree banglow meghpar anjar n a gujarat			442	455	8.112	0.9997002600038113	1.698	2870	0.0	1.0	0.75	3.0	1.0	0.867	0.867	1.0	0.867	8.0	0.0	0.0	0.0	0.5	6.0	0.667	0.0	0.0	0.0	0.844	1.0	0.731	2.0	b2,b5	0	12	4	1.0	0		841.0	15.229236007788877	7.127509306187594	9018.0	0.8705257581499939	2.2650608182504053	2.2650608182504053	5.076412002596292	48.98084059746364	11.840148893680864	80.0	0.5650381380388814	9.12553591266613	37.7050612913274	7.726254408389612	2.5649493574615367	1.6094379124341003	0.6931471805599453	0.0		6.7357800142423265	6	1	0	0	0				name_token_jaccard=+8.61; name_translit_fuzz_ratio=+6.87; address_token_containment=+5.10; name_fuzz_token_set_ratio=+2.83	numbers_differ	core_equal			near_duplicate_number_changed	house/unit number differs; name core_equal	True	False	False	False	False
S1-983370975	fit	India	Hitech Swastik Constructions Limited	26, Majestic Garden, 48 Arcot Road Saligramam, Chennai, Tamil Nadu	S2-97612741	S2	Hitech Swastik Cónstructions Medicals Limited	33, MAJESTIC GARDEN, 48 AROT ROAD SALIGRAMAM, CHENNAI, <NULL>, Tamil Nadu	hitech swastik constructions limited	hitech swastik cónstructions medicals limited	26 majestic garden 48 arcot road saligramam chennai tamil nadu	33 majestic garden 48 arot road saligramam chennai null tamil nadu			26	33	8.078	0.9996899386603831	5.034	2976	0.0	0.0	0.5	3.0	0.75	0.864	0.864	0.864	0.889	9.0	0.0	0.0	0.0	0.615	8.0	0.8	1.0	0.0	0.0	0.922	1.0	0.797	1.0	b5	0	1	0	1.0	0		15612.0	16.538246470271936	7.1736861898690485	8611.0	0.4045340766660141	9.844357381287953	24.34396203629602	5.705880887436484	47.19348935943336	9.651188826194538	722.0	0.5330542266352001	15.541450867793356	41.34063531552321	6.211165745129553	0.6931471805599453	0.0	0.6931471805599453	0.0		9.65585917954152	1	1	0	0	0				name_translit_fuzz_ratio=+7.19; address_token_containment=+6.65; name_token_jaccard=+5.46; address_token_jaccard=+3.15	numbers_differ	token_substituted	cónstructions medicals	constructions	near_duplicate_number_changed	house/unit number differs; name token_substituted	False	False	False	True	False
S1-669962527	fit	US	Highland Initiative, LLC	35131 Yucaipa Boulevard, Yucaipa, CA	S2-620186391	S2	Highland Initiative North, L.L.C.	35140 YUCAIPA BOULEVARD, YUCAIPA, CA	highland initiative llc	highland initiative north l l c	35131 yucaipa boulevard yucaipa ca	35140 yucaipa boulevard yucaipa ca	35131	35140	35131	35140	8.078	0.9996896609780019	5.321	1642	0.0	0.0	0.333	2.0	0.667	0.852	0.815	0.905	0.852	8.0	0.0	0.0	0.0	0.6	3.0	0.75	0.0	0.0	0.0	0.941	1.0	0.802	1.0	b5	0	1	10	1.0	0	10.0	10.0	13.025788840788124	7.166929613842594	12977.0	0.4197985631929403	6.3010808951264075	18.00287581617366	5.251084102487791	20.475708559948135	9.281022266667687	1566.0	0.4144227252782557	14.692030359968394	28.93207559619373	8.791934729979133	0.6931471805599453	2.3978952727983707	0.6931471805599453	0.0	2.3978952727983707	2.3978952727983707	6	1	0	0	0				name_translit_fuzz_ratio=+6.66; address_token_containment=+6.07; name_token_jaccard=+3.37; address_token_jaccard=+3.05	numbers_differ	cand_adds_token	north		near_duplicate_number_changed	house/unit number differs; name cand_adds_token	True	False	False	True	False
S1-986529662	fit	US	Cascade Silver Light Inc.	42 Quartermaster Row, Yarmouth, MA	S3-594914013	S3	The Cascade Silver Light Inc	49 Quartermaster Row, Yarmouth, Massachusetts	cascade silver light inc	the cascade silver light inc	42 quartermaster row yarmouth ma	49 quartermaster row yarmouth massachusetts			42	49	8.052	0.999681541659599	6.365	1848	0.0	0.0	0.8	4.0	1.0	0.923	0.923	1.0	0.923	4.0	0.0	0.0	0.0	0.429	3.0	0.6	0.0	0.0	0.0	0.827	1.0	0.763	1.0	b5	0	1	0	2.0	0		5309.0	24.707846107101798	9.058261685933251	1957.0	0.8259136095364037	5.207929370881476	5.207929370881476	6.176961526775449	31.378378304755877	13.342103643019378	26.0	0.55555327697634	7.797215592261992	25.102934298665627	8.75870113155107	0.6931471805599453	0.0	1.0986122886681098	0.0		8.577347114235984	1	1	0	0	0				name_token_jaccard=+9.23; name_translit_fuzz_ratio=+7.68; address_token_containment=+4.33; name_fuzz_token_set_ratio=+2.83	numbers_differ	core_equal			near_duplicate_number_changed	house/unit number differs; name core_equal	False	False	False	False	False
S1-53427888	tune	India	Fortune Consultancy Private Limited	191/13 Upper Ground Floor Street No 6 Block B1 Sant Nagar Labour Chowk Burari, Delhi, North Delhi, Delhi	S3-135463776	S3	Fortune Marketing Private Limited	H.no #191/20 Upper Ground Floor Street No 6 Block B1 Sant Nagar Labour Chowk Burari, North, Delhi, दिल्ली	fortune consultancy private limited	fortune marketing private limited	191 13 upper ground floor street no 6 block b1 sant nagar labour chowk burari delhi north delhi delhi	h no 191 20 upper ground floor street no 6 block b1 sant nagar labour chowk burari north delhi दिल्ली			191	191	8.047	0.9996800583465957	4.845	2237	0.0	0.0	0.6	3.0	0.75	0.765	0.676	0.821	0.765	2.0	0.0	0.0	0.0	0.8	16.0	0.941	2.0	1.0	0.0	0.871	1.0	0.666	1.0	b5	0	20	9	1.0	0		1843.0	11.702033237972705	7.199921445507008	8388.0	0.49704381141023046	5.934013637379526	11.84122988962017	4.402312372553338	88.83200115434003	10.038153920558782	490.0	0.8274175654081881	5.531960505914161	18.52854431645467	5.527826181823874	3.044522437723423	2.302585092994046	0.6931471805599453	0.0		7.519692404116539	34	1	0	0	0				address_token_containment=+8.29; name_token_jaccard=+6.72; name_translit_fuzz_ratio=+5.41; address_token_jaccard=+4.31	numbers_differ	token_substituted	marketing	consultancy	near_duplicate_number_changed	house/unit number differs; name token_substituted	True	False	False	True	False
S1-435015113	fit	US	Thompson Pantages	32 Woodvale Drive, Laurel Hollow, NY	S3-83056328	S3	... thompson pantages summit	##34 Woodvale Drive, Laurel Hollow, New York	thompson pantages	thompson pantages summit	32 woodvale drive laurel hollow ny	34 woodvale drive laurel hollow new york			32	34	8.023	0.9996723312747688	5.613	171	0.0	0.0	0.667	2.0	1.0	0.829	0.829	1.0	0.829	7.0	0.0	0.0	0.0	0.444	4.0	0.667	0.0	0.0	0.0	0.892	1.0	0.74	1.0	b5	0	1	4	1.0	0		7549.0	16.932167040558767	9.240991906402694	1630.0	0.7430276042075308	5.855905629524083	5.855905629524083	8.466083520279383	29.329112890120154	11.513976529620448	167.0	0.5172560959659653	7.489050099363747	27.37222541957849	6.820829692492398	0.6931471805599453	1.6094379124341003	0.6931471805599453	0.0		8.92930284224307	2	1	0	0	0				name_token_jaccard=+7.56; name_translit_fuzz_ratio=+6.33; address_token_containment=+5.10; name_fuzz_token_set_ratio=+2.83	numbers_differ	cand_adds_token	summit		near_duplicate_number_changed	house/unit number differs; name cand_adds_token	False	False	False	True	False
S1-436244740	tune	US	Marney Huber Hospitality Corp	27 C Cove Road, Window Rock, NM	S3-196089536	S3	Marney Htle Hospitality Ltd	32 C Cove Road, Window Rock, New Mexico	marney huber hospitality corp	marney htle hospitality ltd	27 c cove road window rock nm	32 c cove road window rock new mexico			27	32	7.994	0.9996626163958175	5.119	668	0.0	0.0	0.333	2.0	0.5	0.786	0.75	0.8	0.786	2.0	0.0	0.0	0.0	0.5	5.0	0.714	0.0	0.0	0.0	0.848	1.0	0.667	2.0	b3,b5	0	1	0	1.0	0		8593.0	19.20565382587384	11.725285623287656	135.0	0.35784089740388436	15.251646147903816	34.46527637022666	8.467478902287787	35.40526868995099	12.949061054909771	39.0	0.5284432230351959	7.358074074398915	31.59392279668653	7.02747644671915	0.6931471805599453	0.0	0.6931471805599453	0.0		9.058819564334941	1	1	0	0	0				name_translit_fuzz_ratio=+5.71; address_token_containment=+5.66; name_token_jaccard=+3.37; address_token_jaccard=+2.42	numbers_differ	token_substituted	htle	huber	near_duplicate_number_changed	house/unit number differs; name token_substituted	False	False	False	True	False
S1-122531338	fit	US	Royal Commercial Union LLC	505 Senterwood Court, NC, Fuquay-varina	S2-283120466	S2	Roya1 Commercial Union Holdings	512 Senterwood Court, FUQUAY VARINA, NC	royal commercial union llc	roya1 commercial union holdings	505 senterwood court nc fuquay varina	512 senterwood court fuquay varina nc			505	512	7.994	0.999662560566747	1.612	4	0.0	0.0	0.333	2.0	0.5	0.807	0.807	0.807	0.807	5.0	0.0	0.0	0.0	0.714	5.0	0.833	0.0	0.0	0.0	0.865	1.0	0.698	1.0	b5	0	1	0	1.0	0		2968.0	14.01205815685908	7.612003860045804	8315.0	0.3597727006335294	10.869619513229935	24.93491623053893	5.8290077754889875	41.7821121437276	15.028502596589608	4.0	0.7130944499696027	8.538993760080368	16.81056396742242	8.342280391844943	0.6931471805599453	0.0	0.6931471805599453	0.0		7.99598047476376	1	1	0	0	0				address_token_containment=+7.04; name_translit_fuzz_ratio=+6.02; address_token_jaccard=+3.77; name_token_jaccard=+3.37	numbers_differ	token_substituted	holdings roya1	royal	near_duplicate_number_changed	house/unit number differs; name token_substituted	False	False	False	True	False
S1-744897014	fit	India	Hitech Power Private Limited	9153, G/F Gali No. 3 Multani Dhanda, Paharganj, Delhi, Delhi, Central Delhi, Delhi	S2-285496028	S2	Hitech Power Limited Private Automobiles	9164, G/F GALI NO. 3 MULTANI DHANDA, PAHARGANJ, DELMI, DELHI, दिल्ली	hitech power private limited	hitech power limited private automobiles	9153 g f gali no 3 multani dhanda paharganj delhi delhi central delhi delhi	9164 g f gali no 3 multani dhanda paharganj delmi delhi दिल्ली			9153	9164	7.988	0.9996607088847584	6.841	1315	0.0	0.0	0.8	4.0	1.0	0.706	0.824	1.0	0.706	12.0	0.0	0.0	0.0	0.643	9.0	0.818	1.0	0.0	0.0	0.774	1.0	0.546	1.0	b5	0	1	11	1.0	0		5.0	18.05323072896739	7.127509306187594	9018.0	0.6939409686914673	7.96228290039728	7.96228290039728	4.513307682241846	53.29162146202697	10.658648945206986	263.0	0.4971735035827098	15.541450867793356	53.89756114323907	6.786066292325572	0.6931471805599453	2.4849066497880004	0.6931471805599453	0.0		1.791759469228055	34	1	0	0	0				name_token_jaccard=+9.23; address_token_containment=+6.86; name_translit_fuzz_ratio=+4.57; address_token_jaccard=+3.32	numbers_differ	cand_adds_token	automobiles		near_duplicate_number_changed	house/unit number differs; name cand_adds_token	True	False	False	True	False
S1-699882562	fit	US	Shinn Grand America Inc.	IL, 1539 Carlyle Road, Naperville	S3-478710181	S3	Shinn Grand America  Summit Incorporated	1540 Carlyle Road, Naperville, Illinois	shinn grand america inc	shinn grand america summit incorporated	il 1539 carlyle road naperville	1540 carlyle road naperville illinois			1539	1540	7.975	0.9996562727582133	7.554	1288	0.0	0.0	0.5	3.0	0.75	0.742	0.742	0.905	0.742	16.0	0.0	0.0	0.0	0.429	3.0	0.6	0.0	0.0	0.0	0.765	1.0	0.567	2.0	b3,b5	0	1	0	2.0	0		762.0	28.128735526817984	12.255913874349826	79.0	0.6562142838338582	5.859817899882257	14.736432482752015	7.787361120040915	21.80361681103943	10.135150463108085	666.0	0.42587170709584643	10.335321533278803	29.394000799496787	7.341381322361539	0.6931471805599453	0.0	1.0986122886681098	0.0		6.637258031284457	1	1	0	0	0				name_token_jaccard=+5.46; name_translit_fuzz_ratio=+5.09; address_token_containment=+4.33; name_fuzz_token_set_ratio=+2.40	numbers_differ	cand_adds_token	summit		near_duplicate_number_changed	house/unit number differs; name cand_adds_token	False	False	False	True	False
S1-56171233	fit	US	Butler, Trudey D., DMD, DDS PC	1117 Leclaire Avenue, Chicago, IL	S3-37616528	S3	Butler, Trudey D., DMD, DDS PC Ltd	1128 Leclaire Ave, Chicago, Illinois	butler trudey d dmd dds pc	butler trudey d dmd dds pc ltd	1117 leclaire avenue chicago il	1128 leclaire ave chicago illinois			1117	1128	7.957	0.9996498513795079	4.549	1976	0.0	1.0	0.857	6.0	1.0	0.929	0.929	1.0	0.929	4.0	0.0	0.0	0.0	0.25	2.0	0.4	0.0	0.0	0.0	0.8	1.0	0.743	3.0	b2,b3,b5	0	1	0	1.0	0		923.0	44.92109143377998	11.682113451422447	141.0	0.9080386871126594	4.549368439045528	4.549368439045528	7.486848572296663	16.9680116467701	10.99249361138047	282.0	0.322782357195917	9.709402690859042	35.59995332558786	6.924847140965842	0.6931471805599453	0.0	0.6931471805599453	0.0		6.828712071641684	1	1	0	0	0				name_token_jaccard=+9.95; name_translit_fuzz_ratio=+7.76; n_channels_hit=+3.82; name_fuzz_token_set_ratio=+2.83	numbers_differ	core_equal			near_duplicate_number_changed	house/unit number differs; name core_equal	False	False	False	False	False
S1-671673859	fit	India	Siyaram Hospital	Patna, Bihar, C/O Dipraj Devi, Sampatchak, E-6, Rbi Colony, Malahipakari Road, Kankarbagh	S2-730365764	S2	Siyaram Pulses	#92 C/O DIPRAJ DEVI, E-6, RBI COLONY, MALAHIPAKARI ROAD, KANKARBAGH, SAMPATCHAK, Bihar	siyaram hospital	siyaram pulses	patna bihar c o dipraj devi sampatchak e 6 rbi colony malahipakari road kankarbagh	92 c o dipraj devi e 6 rbi colony malahipakari road kankarbagh sampatchak bihar			6	92	7.952	0.9996481793619472	5.82	962	0.0	0.0	0.333	1.0	0.5	0.667	0.667	0.667	0.667	2.0	0.0	0.0	0.0	0.867	13.0	0.929	1.0	0.0	0.0	0.745	1.0	0.497	2.0	b3,b5	0	1	0	1.0	0		6242.0	11.463913423887638	11.463913423887638	117.0	0.3848631833068979	11.32194316261725	18.323070421605514	9.23252034143795	90.22272594059021	15.135985759685193	2.0	0.8769561733697285	6.998005305233054	12.658955813136291	6.8488340320352465	0.6931471805599453	0.0	0.6931471805599453	0.0		8.739216115061744	1	1	0	0	0				address_token_containment=+8.15; address_token_jaccard=+4.73; name_translit_fuzz_ratio=+4.01; name_token_jaccard=+3.37	numbers_cand_superset	token_substituted	pulses	hospital	near_duplicate_name_token_numbers_not_contradicted	no house number contradicted; name token_substituted (+pulses)	False	False	False	True	False
S1-802436109	fit	US	Shelia E. Hall, D.D.S., DDS PC	NY, 25 Black Locust Avenue, Brookhaven	S2-76164242	S2	Shelia E. Hall, D.D.S., DDS PC Inc	#36 BLACK LOCUST AVENUE, E SETAUKET, NY	shelia e hall d d s dds pc	shelia e hall d d s dds pc inc	ny 25 black locust avenue brookhaven	36 black locust avenue e setauket ny			25	36	7.946	0.9996459390592993	7.265	152	0.0	1.0	0.875	7.0	1.0	0.929	0.929	1.0	0.929	4.0	0.0	0.0	0.0	0.444	4.0	0.667	0.0	0.0	0.0	0.667	1.0	0.619	2.0	b2,b3	0	1	0	2.0	0		7502.0	48.01740093531077	11.607502587631272	152.0	0.9408146391013386	3.020708953345676	3.020708953345676	6.859628705044395	23.63276531420568	7.900808897242209	6229.0	0.36710787675258216	11.473154535100194	40.74276790305987	6.429961221646401	0.6931471805599453	0.0	1.0986122886681098	0.0		8.923058219545728	1	1	0	0	0				name_token_jaccard=+10.18; name_translit_fuzz_ratio=+7.76; address_token_containment=+5.10; name_fuzz_token_set_ratio=+2.83	numbers_differ	core_equal			near_duplicate_number_changed	house/unit number differs; name core_equal	False	False	False	False	False
S1-917236674	fit	India	Nidhi (india) (India) Private Limited	Cts No 579/A First Floor Tele Patil Lane Shahapur, Belgavi, Belgaum, Karnataka	S2-722053618	S2	Nidhi (india) (India) Exports Private Limited	ಕರ್ನಾಟಕ, CTS NO 583/A FIRST FLOOR TELE PATIL LANE SHAHAPUR, BELGAVI	nidhi india india private limited	nidhi india india exports private limited	cts no 579 a first floor tele patil lane shahapur belgavi belgaum karnataka	ಕರ್ನಾಟಕ cts no 583 a first floor tele patil lane shahapur belgavi			579	583	7.935	0.9996420400466354	4.798	1968	0.0	0.0	0.8	4.0	1.0	0.892	0.892	1.0	0.892	8.0	0.0	0.0	0.0	0.667	10.0	0.833	0.0	0.0	0.0	0.786	1.0	0.701	1.0	b5	0	1	0	1.0	0		708.0	16.341362000655224	7.922462940704889	4072.0	0.7594036277711099	5.177315818435519	5.177315818435519	4.085340500163806	65.2459475544955	11.489665919990053	114.0	0.6448361243907037	9.359365961076724	35.936267719416854	6.680518153136967	0.6931471805599453	0.0	0.6931471805599453	0.0		6.5638555265321274	1	1	0	0	0				name_token_jaccard=+9.23; name_translit_fuzz_ratio=+7.23; address_token_containment=+7.04; address_token_jaccard=+3.47	numbers_differ	cand_adds_token	exports		near_duplicate_number_changed	house/unit number differs; name cand_adds_token	False	False	False	True	False
S1-608157395	tune	US	Turano's American Networks PLLC	3881 Edith Lane, Lexington, MN	S3-275338713	S3	Turano's American Networks  Co	3885 Edith Ln, Lexington, Minnesota	turano s american networks pllc	turano s american networks co	3881 edith lane lexington mn	3885 edith ln lexington minnesota			3881	3885	7.933	0.9996415893879658	4.129	571	0.0	1.0	0.667	4.0	0.8	0.933	0.867	0.945	0.933	2.0	0.0	0.0	0.0	0.25	2.0	0.4	0.0	0.0	0.0	0.82	1.0	0.765	3.0	b2,b3,b5	0	1	0	2.0	0		142.0	31.2299693767271	13.502446293094557	22.0	0.7526000434937408	5.821246977575349	10.266134226656272	7.410243270860491	17.98422716830626	10.60006958910157	418.0	0.29512689921528773	11.740100709072797	42.95304156634478	7.927299222551445	0.6931471805599453	0.0	1.0986122886681098	0.0		4.962844630259907	1	1	0	0	0				name_translit_fuzz_ratio=+7.82; name_token_jaccard=+7.56; n_channels_hit=+3.82; name_fuzz_token_set_ratio=+2.58	numbers_differ	core_equal			near_duplicate_number_changed	house/unit number differs; name core_equal	False	False	False	False	False
S1-938870365	tune	US	Persson, Bear and Villalobos	595 Baeder Road, Abington Township, PA	S3-962575514	S3	Ltd Persson, Bear and Villalobos	598 Baeder Road, Jenkintown, Pennsylvania	persson bear and villalobos	ltd persson bear and villalobos	595 baeder road abington township pa	598 baeder road jenkintown pennsylvania			595	598	7.932	0.9996410225876555	7.482	3377	0.0	1.0	0.8	4.0	1.0	0.931	0.931	1.0	0.931	4.0	0.0	0.0	0.0	0.222	2.0	0.4	0.0	0.0	0.0	0.667	1.0	0.621	3.0	b2,b3,b5	0	1	0	1.0	0		554.0	38.77400063612094	13.747568751127544	17.0	0.8949904281185442	4.549368439045528	4.549368439045528	9.693500159030235	18.032571457499447	14.558498967343871	7.0	0.23744179113735395	10.636525631062558	57.912658618144945	8.123466942590783	0.6931471805599453	0.0	0.6931471805599453	0.0		6.318968113746434	1	1	0	0	0				name_token_jaccard=+9.23; name_translit_fuzz_ratio=+7.79; n_channels_hit=+3.82; name_fuzz_token_set_ratio=+2.83	numbers_differ	core_equal			near_duplicate_number_changed	house/unit number differs; name core_equal	False	False	False	False	False
S1-949918646	fit	India	Ram Vision Food Private Limited	No.92 Periya Devangar Street, Bhuvanagiri, Cuddalore, Tamil Nadu	S3-53923709	S3	Ram Vision Food Limited	Door No 10 Periya Devangar Street, Bhuvanagiri, Cuddalore, TN	ram vision food private limited	ram vision food limited	no 92 periya devangar street bhuvanagiri cuddalore tamil nadu	door no 10 periya devangar street bhuvanagiri cuddalore tn			92	10	7.926	0.9996390253964794	2.588	2163	0.0	1.0	0.8	4.0	1.0	0.852	0.852	1.0	0.852	8.0	0.0	0.0	0.0	0.5	6.0	0.667	0.0	0.0	0.0	0.857	1.0	0.73	2.0	b2,b5	0	1	0	1.0	0		44810.0	22.727781722521915	7.005730371763236	10186.0	0.9093716205127418	2.2650608182504053	2.2650608182504053	4.998568508154464	50.40806178833605	13.595540718738043	13.0	0.6301256176088249	6.998005305233054	29.588783887646017	7.399778546334384	0.6931471805599453	0.0	0.6931471805599453	0.0		10.710208923978403	1	1	0	0	0				name_token_jaccard=+9.23; name_translit_fuzz_ratio=+6.66; address_token_containment=+5.10; name_fuzz_token_set_ratio=+2.83	numbers_differ	core_equal			near_duplicate_number_changed	house/unit number differs; name core_equal	False	False	False	False	False
S1-733789957	fit	India	Smart Future Management Private Limited	At/Po-Subarnapur Ps/Dist-Subarnapur, Subarnapur, Sonepur, Orissa	S3-342877652	S3	Smart Future Management Public Limited	OD, Sonepur, H.no 43 At/po-subarnapur Ps/dist-subarnapur, Subarnapur	smart future management private limited	smart future management public limited	at po subarnapur ps dist subarnapur subarnapur sonepur orissa	od sonepur h no 43 at po subarnapur ps dist subarnapur subarnapur				43	7.865	0.999616007675675	5.249	312	0.0	0.0	0.667	4.0	0.8	0.883	0.883	0.899	0.883	1.0	0.0	0.0	0.0	0.545	6.0	0.857	0.0	0.0	0.0	0.73	1.0	0.645	1.0	b5	0	1	0	1.0	0		12342.0	22.36727319850732	7.037545570704055	9867.0	0.7529714919142304	5.073004682911311	7.338065501161716	4.926466803351545	47.40229651406103	12.174155037806882	57.0	0.6585534780631317	6.669103888810326	24.577122155893743	7.724485771838766	0.6931471805599453	0.0	0.6931471805599453	0.0		9.42084437974393	2	1	0	0	0				name_token_jaccard=+7.56; address_token_containment=+7.32; name_translit_fuzz_ratio=+7.11; address_token_jaccard=+2.71	number_added_by_cand	core_equal			near_duplicate_number_changed	house/unit number differs; name core_equal	False	False	False	False	False
S1-738545019	tune	India	Coimbatore Ventures Private Limited	123, Kalidas Road Ram Nagar., Coimbatore, Tamil Nadu	S2-76547487	S2	Coimbatore Véntures Holdings Private	128, KALIDAS ROAD RAM NAGAR., COIMBATORE, Tamil Nadu	coimbatore ventures private limited	coimbatore véntures holdings private	123 kalidas road ram nagar coimbatore tamil nadu	128 kalidas road ram nagar coimbatore tamil nadu			123	128	7.858	0.999613519956058	4.17	235	0.0	0.0	0.333	2.0	0.5	0.732	0.817	0.817	0.761	1.0	0.0	0.0	0.0	0.778	7.0	0.875	0.0	0.0	0.0	0.979	1.0	0.717	1.0	b5	0	1	1	1.0	0		3849.0	10.573778549866148	8.308717731615742	2767.0	0.3251050299953342	9.309002851242834	21.950413862714797	4.460771099950657	37.316156880465186	10.792180337831509	230.0	0.7146920283300213	7.4896320372391925	14.896761973071841	5.590410852037229	0.6931471805599453	0.6931471805599453	0.6931471805599453	0.0		8.25582842728183	2	1	0	0	0				address_token_containment=+7.52; name_translit_fuzz_ratio=+5.35; address_token_jaccard=+4.17; name_token_jaccard=+3.37	numbers_differ	token_substituted	holdings véntures	ventures	near_duplicate_number_changed	house/unit number differs; name token_substituted	False	False	False	True	False
S1-133465668	fit	US	Frontier Secure Food, LLC	1446 Franklin Avenue, Dumont, IA	S2-904863432	S2	Frontier Secure Food, Ltd	1448 FRANKLIN AVE, DUMONT, IA	frontier secure food llc	frontier secure food ltd	1446 franklin avenue dumont ia	1448 franklin ave dumont ia			1446	1448	7.858	0.9996134776745486	-1.901	661	0.0	1.0	0.6	3.0	0.75	0.917	0.917	0.917	0.917	0.0	0.0	0.0	0.0	0.429	3.0	0.6	0.0	0.0	0.0	0.912	1.0	0.836	2.0	b2,b5	0	1	1	1.0	0		434.0	22.524171004645726	9.363460950249836	1442.0	0.7558192277082905	4.549368439045528	7.276831905720778	6.312908617830243	24.376404377603414	11.785910245104091	127.0	0.4632599490805965	10.459996394973107	28.24287433617653	7.706699030765241	0.6931471805599453	0.6931471805599453	0.6931471805599453	0.0		6.075346031088684	2	1	0	0	0				name_translit_fuzz_ratio=+7.59; name_token_jaccard=+6.72; address_token_containment=+4.33; address_fuzz_ratio=+2.64	numbers_differ	core_equal			near_duplicate_number_changed	house/unit number differs; name core_equal	False	False	False	False	False
S1-700014757	fit	US	Heaton's Tax Service	27333 Pioneer Road, Town Of Norway, WI	S2-328927506	S2	HEATON'S TAX-SERVICE WEST	027344 PIONEER ROAD, WATERFORD, WI	heaton s tax service	heaton s tax service west	27333 pioneer road town of norway wi	027344 pioneer road waterford wi	27333	027344	27333	027344	7.841	0.9996070605138171	2.032	1018	0.0	0.0	0.8	4.0	1.0	0.889	0.889	1.0	0.889	5.0	0.0	0.0	0.0	0.333	3.0	0.6	0.0	0.0	0.0	0.706	1.0	0.627	1.0	b3	0	1	0	1.0	0	1.0	1.0	28.79867631043468	11.276648343314282	212.0	0.8228192259295111	6.201327825226822	6.201327825226822	7.19966907760867	17.78397609300248	8.86392543177298	2377.0	0.2312849873347096	15.944793328463762	59.108070805251124	7.469268245608761	0.6931471805599453	0.0	0.6931471805599453	0.0	0.6931471805599453	0.6931471805599453	1	1	0	0	0				name_token_jaccard=+9.23; name_translit_fuzz_ratio=+7.19; address_token_containment=+4.33; name_fuzz_token_set_ratio=+2.83	numbers_differ	cand_adds_token	west		near_duplicate_number_changed	house/unit number differs; name cand_adds_token	False	False	False	True	False
S1-293596255	tune	US	Tresa Alberti Asa	626 Main Street, Wayne City, IL	S3-200153252	S3	Tresa Alberti Asa Co	633 Main St, Wayne City, Illinois	tresa alberti asa	tresa alberti asa co	626 main street wayne city il	633 main st wayne city illinois			626	633	7.805	0.9995925930686671	2.335	1888	0.0	1.0	0.75	3.0	1.0	0.919	0.919	1.0	0.919	3.0	0.0	0.0	0.0	0.333	3.0	0.5	0.0	0.0	0.0	0.767	1.0	0.705	2.0	b2,b3	0	1	0	1.0	0		1386.0	34.59572802179744	13.865351786783927	15.0	0.8861471004429455	4.444887249080923	4.444887249080923	11.531909340599148	16.699963323420093	7.391461090431652	10367.0	0.32702461936178695	9.335444085296382	34.366416192627725	5.642104996313243	0.6931471805599453	0.0	0.6931471805599453	0.0		7.234898420314831	1	1	0	0	0				name_token_jaccard=+8.61; name_translit_fuzz_ratio=+7.62; address_token_containment=+3.17; name_fuzz_token_set_ratio=+2.83	numbers_differ	core_equal			near_duplicate_number_changed	house/unit number differs; name core_equal	False	False	False	False	False
S1-352833258	fit	US	Grand Federal LLC	200 Walden Road, Heath, OH	S3-769856932	S3	Grand Federal Westgate LLC	213 Walden Road, Heath, Ohio	grand federal llc	grand federal westgate llc	200 walden road heath oh	213 walden road heath ohio			200	213	7.776	0.9995806505141992	4.937	2641	0.0	0.0	0.75	3.0	1.0	0.791	0.791	1.0	0.791	9.0	0.0	0.0	0.0	0.429	3.0	0.6	0.0	0.0	0.0	0.88	1.0	0.696	1.0	b5	0	1	1	1.0	0		4843.0	15.711111396612772	6.627528664166072	22256.0	0.6985451514189331	6.780078134513855	6.780078134513855	5.237037132204257	22.384682423390025	9.566367144812176	1177.0	0.48172399351726475	7.96562568074017	24.083176194052434	6.802989499234788	0.6931471805599453	0.6931471805599453	0.6931471805599453	0.0		8.485496104672983	2	1	0	0	0				name_token_jaccard=+8.61; name_translit_fuzz_ratio=+5.78; address_token_containment=+4.33; name_fuzz_token_set_ratio=+2.83	numbers_differ	cand_adds_token	westgate		near_duplicate_number_changed	house/unit number differs; name cand_adds_token	False	False	False	True	False
S1-869167635	fit	India	KI (india) Private Limited	Plot No47, (Old No-36) Kh No 87/2 3Rd Floor Vilalge Rithala Manday Mkt Road, Rohini, North West, Delhi	S3-405306352	S3	KI Finance Private	No 48., (Old No-36) Kh No 87/2 3Rd Floor Vilalge Rithala Manday Mkt Road, North West, Rohini, DL	ki india private limited	ki finance private	plot no47 old no 36 kh no 87 2 3rd floor vilalge rithala manday mkt road rohini north west delhi	no 48 old no 36 kh no 87 2 3rd floor vilalge rithala manday mkt road north west rohini dl			36	48	7.758	0.9995726605422071	3.685	2194	0.0	0.0	0.4	2.0	0.667	0.667	0.667	0.714	0.667	6.0	0.0	0.0	0.0	0.762	16.0	0.889	3.0	0.0	0.0	0.865	1.0	0.577	2.0	b3,b5	0	1	0	1.0	0		11120.0	12.90494748700187	10.639886668751464	268.0	0.5120038325677845	6.146001161820898	12.299839403520826	4.76469643217545	100.95359486586513	14.625160135919202	4.0	0.7756519401418085	12.322575042925155	29.199621597963073	6.305955481815378	0.6931471805599453	0.0	0.6931471805599453	0.0		9.316590491818841	1	1	0	0	0				address_token_containment=+7.69; name_token_jaccard=+4.21; address_token_jaccard=+4.07; name_translit_fuzz_ratio=+4.01	numbers_differ	token_substituted	finance	india	near_duplicate_number_changed	house/unit number differs; name token_substituted	False	False	False	True	False
S1-133949477	fit	US	Internal Medicine Royal Care Associates PLLC	25307 212th Avenue, Battle Ground, WA	S2-228088564	S2	INTERNAL MEDICINE ROYAL CARE ASSOCIATES CORP	WA, 0025320 212TH AVE, BATTLE GROUND	internal medicine royal care associates pllc	internal medicine royal care associates corp	25307 212th avenue battle ground wa	wa 0025320 212th ave battle ground	25307		25307	0025320	7.739	0.9995646355918181	7.223	2636	0.0	1.0	0.714	5.0	0.833	0.932	0.886	0.94	0.932	0.0	0.0	0.0	0.0	0.5	4.0	0.667	0.0	0.0	0.0	0.812	1.0	0.756	2.0	b2,b5	0	1	0	1.0	0		2.0	28.366680088744154	6.665066829002572	21436.0	0.7381609216963152	5.821246977575349	10.062176350251152	5.697987844386584	35.124524825529846	11.60098790661008	153.0	0.48620494691097316	15.539328220355598	37.11769535073122	8.846184131820804	0.6931471805599453	0.0	0.6931471805599453	0.0		1.0986122886681098	1	1	0	0	0				name_token_jaccard=+8.16; name_translit_fuzz_ratio=+7.80; address_token_containment=+5.10; name_fuzz_token_set_ratio=+2.56	numbers_differ	core_equal			near_duplicate_number_changed	manual: 25307 vs 0025320	False	False	False	False	False
S1-98383046	fit	US	Poole Creative Bluerock LLC	411 3rd Street, Unit 207, Phoenix, AZ	S2-769713954	S2	Poole Creative Bluerock Ltd.	412 3RD STREET, PHOENIX, AZ	poole creative bluerock llc	poole creative bluerock ltd	411 3rd street unit 207 phoenix az	412 3rd street phoenix az			411	412	7.722	0.9995574058230989	-1.948	6	0.0	1.0	0.6	3.0	0.75	0.926	0.926	0.926	0.926	0.0	0.0	0.0	0.0	0.5	4.0	0.8	0.0	0.0	0.0	0.814	1.0	0.753	1.0	b2	0	1	1	1.0	0		3642.0	25.820894505314165	10.224481551856352	609.0	0.7801410339987992	4.549368439045528	7.276831905720778	7.137089492997353	22.126115784306315	7.589648589001924	8503.0	0.43430323873446014	8.259549720487929	28.820121339738186	6.0980982005080815	0.6931471805599453	0.6931471805599453	0.6931471805599453	0.0		8.200562797008564	4	1	0	0	0				name_translit_fuzz_ratio=+7.72; name_token_jaccard=+6.72; address_token_containment=+6.65; name_fuzz_token_set_ratio=+2.49	numbers_differ	core_equal			near_duplicate_number_changed	house/unit number differs; name core_equal	False	False	False	False	False
S1-334454684	fit	US	Gregor Coastal Illumination Inc	3 Bells Ridge Drive, Stafford County, VA	S3-945881458	S3	Gregor Coastal Massage (Inc)	4 Bells Ridge Dr, Stafford County, Virginia	gregor coastal illumination inc	gregor coastal massage inc	3 bells ridge drive stafford county va	4 bells ridge dr stafford county virginia			3	4	7.714	0.9995535022764327	4.57	528	0.0	0.0	0.6	3.0	0.75	0.737	0.632	0.818	0.737	5.0	0.0	0.0	0.0	0.4	4.0	0.571	0.0	0.0	0.0	0.861	1.0	0.634	2.0	b3,b5	0	1	0	2.0	0		10808.0	21.92078271450876	13.000354349297321	37.0	0.5689121414686559	9.289996685875021	16.610268245170023	7.802694850095945	28.96134062306831	10.435404991835785	493.0	0.492949104852368	6.795211962333144	29.78983741536603	6.282359228893027	0.6931471805599453	0.0	1.0986122886681098	0.0		9.288134399416203	1	1	0	0	0				name_token_jaccard=+6.72; name_translit_fuzz_ratio=+5.01; address_token_containment=+4.00; address_fuzz_ratio=+2.36	numbers_differ	token_substituted	massage	illumination	near_duplicate_number_changed	house/unit number differs; name token_substituted	False	False	False	True	False
S1-286003990	fit	India	Kondapuram Trafin	H.No.0-00, Kothapalle, Kondapuram, Nellore, Andhra Pradesh	S2-270872559	S2	Kondapuram Trafin Enterprises Ltd Ltd	#0-5 , KOTHAPALLE, KONDAPURAM, ఆంధ్రప్రదేశ్	kondapuram trafin	kondapuram trafin enterprises ltd ltd	h no 0 00 kothapalle kondapuram nellore andhra pradesh	0 5 kothapalle kondapuram ఆంధ్రప్రదేశ్			0	0	7.652	0.9995249143421898	7.594	89	0.0	0.0	0.5	2.0	1.0	0.63	0.63	1.0	0.63	20.0	0.0	0.0	0.0	0.273	3.0	0.6	1.0	1.0	0.0	0.543	1.0	0.342	2.0	b3,b5	0	1	0	1.0	0		4685.0	27.96938642637634	15.135985759685193	2.0	0.7821532586409953	4.937778457345633	7.790084134385154	13.98469321318817	32.07810829869375	12.571036402223656	38.0	0.4377799087018945	8.617330234724957	41.19640170294565	6.958451653023919	0.6931471805599453	0.0	0.6931471805599453	0.0		8.452334619067742	1	1	0	0	0				name_token_jaccard=+5.46; address_token_containment=+4.33; name_translit_fuzz_ratio=+3.48; name_fuzz_token_set_ratio=+2.83	numbers_differ	cand_adds_token	enterprises		near_duplicate_number_changed	house/unit number differs; name cand_adds_token	False	False	False	True	False
S1-541291311	fit	India	High Industries Pvt Ltd	Khata No 234, Khasra 1056, Bhawanipur Desri, Jagdishpur, Bhagalpur, Bihar	S2-70368971	S2	High Systems Pvt  Ltd	KHATA NO 0245, KHASRA 1056, BHAWANIPUR DESRI, JAGDISHPUR, बिहार	high industries pvt ltd	high systems pvt ltd	khata no 234 khasra 1056 bhawanipur desri jagdishpur bhagalpur bihar	khata no 0245 khasra 1056 bhawanipur desri jagdishpur बिहार			234	0245	7.648	0.9995230361293814	5.414	1677	0.0	0.0	0.6	3.0	0.75	0.791	0.558	0.791	0.791	3.0	0.0	0.0	0.0	0.583	7.0	0.778	1.0	0.0	0.0	0.819	1.0	0.648	1.0	b5	0	6	2	1.0	0		39.0	13.287775587352316	7.123857041599874	9051.0	0.5447202126810811	6.180838757938875	11.105987078348413	4.553230976940463	59.88987663999582	12.651079109897193	35.0	0.5948536150564734	12.545718594239366	40.79014803180529	8.203383099881707	1.9459101490553132	1.0986122886681098	0.6931471805599453	0.0		3.6888794541139363	7	1	0	0	0				name_token_jaccard=+6.72; address_token_containment=+6.39; name_translit_fuzz_ratio=+5.78; address_token_jaccard=+2.95	numbers_differ	token_substituted	systems	industries	near_duplicate_number_changed	house/unit number differs; name token_substituted	True	False	False	True	False
S1-830860324	fit	US	Innovative Printing Alliance	4124 Timberline Circle, Town Of Morgan, WI	S3-718176452	S3	Innovative Printing Alliance Corp	131 Timberline Cir, Town Of Morgan, Wisconsin	innovative printing alliance	innovative printing alliance corp	4124 timberline circle town of morgan wi	131 timberline cir town of morgan wisconsin			4124	131	7.631	0.9995151549038633	3.551	1075	0.0	1.0	0.75	3.0	1.0	0.918	0.918	1.0	0.918	5.0	0.0	0.0	0.0	0.4	4.0	0.571	0.0	0.0	0.0	0.819	1.0	0.752	2.0	b2,b5	0	2	2	1.0	0		5197.0	20.724829393844605	7.628982196580222	8175.0	0.8301301629829502	4.240929372675803	4.240929372675803	6.908276464614868	29.236883460640726	10.099800685256039	690.0	0.4179125001078302	10.697769256303276	40.722458394644754	7.288188845327462	1.0986122886681098	1.0986122886681098	0.6931471805599453	0.0		8.556029215201436	2	1	0	0	0				name_token_jaccard=+8.61; name_translit_fuzz_ratio=+7.61; address_token_containment=+4.00; name_fuzz_token_set_ratio=+2.83	numbers_differ	core_equal			near_duplicate_number_changed	house/unit number differs; name core_equal	False	False	False	False	False
S1-935409322	fit	US	Rocky Energy	3136 Treyson Drive, Denver, NC	S2-58199490	S2	PARTNERS ROCKY ENERGY	DENVER TOWNSHIP, NC, 3141 TREYSON DRIVE	rocky energy	partners rocky energy	3136 treyson drive denver nc	denver township nc 3141 treyson drive			3136	3141	7.614	0.9995069575286161	-0.049	2340	0.0	0.0	0.667	2.0	1.0	0.727	0.727	1.0	0.727	9.0	0.0	0.0	0.0	0.571	4.0	0.8	0.0	0.0	0.0	0.492	1.0	0.358	1.0	b5	0	1	1	1.0	0		330.0	13.950690271311302	7.520702755309849	9110.0	0.7703846738904415	4.158042604772971	4.158042604772971	6.975345135655651	32.979305267078686	15.944793328463762	1.0	0.5539500211894343	10.732578660969137	26.555497523010487	8.712092352574754	0.6931471805599453	0.6931471805599453	0.6931471805599453	0.0		5.802118375377063	1	1	0	0	0				name_token_jaccard=+7.56; address_token_containment=+6.65; name_translit_fuzz_ratio=+4.88; address_token_jaccard=+2.87	numbers_differ	cand_adds_token	partners		near_duplicate_number_changed	house/unit number differs; name cand_adds_token	False	False	False	True	False
S1-761309837	fit	India	Bt Consulting Public Limited	No.10, I Main Road, I Floor Balaji Nagar, Ekkattuthangal, Chennai, Tamil Nadu	S2-48385130	S2	Sri Bt Consulting Pvt Ltd	Tamil Nadu, #31 , I MAIN ROAD, I FLOOR BALAJI NAGAR, EKKATTUTHANGAL, CHENNAI	bt consulting public limited	sri bt consulting pvt ltd	no 10 i main road i floor balaji nagar ekkattuthangal chennai tamil nadu	tamil nadu 31 i main road i floor balaji nagar ekkattuthangal chennai			10	31	7.601	0.9995002450046973	0.12	658	0.0	0.0	0.286	2.0	0.5	0.717	0.755	0.755	0.717	3.0	0.0	0.0	0.0	0.769	10.0	0.909	0.0	0.0	0.0	0.837	1.0	0.6	2.0	b3,b5	0	1	0	1.0	0		16502.0	16.90026365274161	10.651101739571603	265.0	0.47349437148802287	5.318401107816546	18.79237531069559	6.052579827467053	49.21954029077328	10.25571228345218	394.0	0.7965697381427703	5.956998465367032	12.569827210847262	4.652697419687794	0.6931471805599453	0.0	0.6931471805599453	0.0		9.711297461543568	1	1	0	0	0				address_token_containment=+7.92; name_translit_fuzz_ratio=+4.73; address_token_jaccard=+4.12; name_token_jaccard=+2.77	numbers_differ	core_equal			near_duplicate_number_changed	house/unit number differs; name core_equal	False	False	False	False	False
S1-553687761	fit	US	Atkinson Partners	102 3rd Street, Ulen, MN	S2-706305861	S2	Atkinson West Partners	113 Third Street, ULEN, MN	atkinson partners	atkinson west partners	102 3rd street ulen mn	113 third street ulen mn			102	113	7.593	0.9994961794162948	4.038	66	0.0	0.0	0.667	2.0	1.0	0.872	0.872	1.0	0.872	5.0	0.0	0.0	0.0	0.429	3.0	0.6	0.0	0.0	0.0	0.826	1.0	0.72	1.0	b5	0	1	1	1.0	0		7317.0	14.343934159359453	10.185891554586481	633.0	0.6981626308839838	6.201327825226822	6.201327825226822	7.171967079679726	21.31190486063477	12.463553239128071	64.0	0.4141778211251438	7.6445131386110985	30.144024872008682	7.244940697065552	0.6931471805599453	0.6931471805599453	0.6931471805599453	0.0		8.898092345579153	1	1	0	0	0				name_token_jaccard=+7.56; name_translit_fuzz_ratio=+6.94; address_token_containment=+4.33; name_fuzz_token_set_ratio=+2.83	numbers_differ	cand_adds_token	west		near_duplicate_number_changed	house/unit number differs; name cand_adds_token	False	False	False	True	False
S1-373926413	fit	US	Compass Martin LLC	441 Trevitt Street, Columbus, OH	S3-571565698	S3	Compass Martin LTD	448 Trevitt Street, Columbus, Ohio	compass martin llc	compass martin ltd	441 trevitt street columbus oh	448 trevitt street columbus ohio			441	448	7.563	0.9994812035871316	1.511	1860	0.0	1.0	0.5	2.0	0.667	0.889	0.889	0.889	0.889	0.0	0.0	0.0	0.0	0.429	3.0	0.6	0.0	0.0	0.0	0.935	1.0	0.832	2.0	b2,b5	0	1	0	1.0	0		1068.0	15.939673472470318	8.51586613366149	3367.0	0.6865664411080394	4.549368439045528	7.276831905720778	6.222378979715189	24.35963747542009	14.846181039795653	5.0	0.46882678513308956	9.553714086925792	27.59907787081365	7.58354316375592	0.6931471805599453	0.0	0.6931471805599453	0.0		6.974478911025045	1	1	0	0	0				name_translit_fuzz_ratio=+7.19; name_token_jaccard=+5.46; address_token_containment=+4.33; address_fuzz_ratio=+2.77	numbers_differ	core_equal			near_duplicate_number_changed	house/unit number differs; name core_equal	False	False	False	False	False
S1-58048568	fit	US	Mccalla & Thompson, LLC	506 3rd Street, South Boston Town, VA	S2-351181962	S2	Mccalla & Thompson, Group	00513 3RD ST, SOUTH BOSTON, VA	mccalla and thompson llc	mccalla and thompson group	506 3rd street south boston town va	00513 3rd st south boston va		00513	506	00513	7.533	0.999465016981763	5.228	66	0.0	0.0	0.6	3.0	0.75	0.84	0.84	0.909	0.84	2.0	0.0	0.0	0.0	0.444	4.0	0.667	0.0	0.0	0.0	0.762	1.0	0.64	1.0	b3	0	1	1	1.0	0	76.0	76.0	23.59335132988783	12.433247889632742	66.0	0.7685865894243097	4.3762486892308035	7.103712155906053	6.58020369914077	24.993554366244144	7.589648589001924	8503.0	0.4285228290129404	12.294135087170023	33.33135313941735	6.108715196758366	0.6931471805599453	0.6931471805599453	0.6931471805599453	0.0	4.343805421853684	4.343805421853684	3	1	0	0	0				name_token_jaccard=+6.72; name_translit_fuzz_ratio=+6.49; address_token_containment=+5.10; name_fuzz_token_set_ratio=+2.42	numbers_differ	cand_adds_token	group		near_duplicate_number_changed	house/unit number differs; name cand_adds_token	False	False	False	True	False
S1-605632307	fit	US	Chavez Electronics LLC	204 Grand Avenue, Ravia, OK	S2-184057738	S2	Value Telephone L.L.C.	GRAND AVENUE, RAVIA, OK	chavez electronics llc	value telephone l l c	204 grand avenue ravia ok	grand avenue ravia ok			204		7.509	0.9994521327733118	6.521	57	0.0	0.0	0.0	0.0	0.0	0.558	0.419	0.439	0.558	1.0	0.0	0.0	0.0	0.8	4.0	1.0	0.0	0.0	0.0	0.913	1.0	0.51	1.0	b5	0	2	10	1.0	0			0.0	0.0		0.0	9.217960585361872	43.59665788168347	6.275781297803614	29.694283824235928	13.270644679037234	28.0	0.7964866608104517	7.5872995158052	7.5872995158052	7.456316668008226	1.0986122886681098	2.3978952727983707	0.6931471805599453	0.0			7	1	1	0	0	S1-18637333	Value Telephone LLC	605 Grand Avenue, Ravia, OK	address_token_containment=+8.98; address_token_jaccard=+4.31; address_fuzz_ratio=+2.65; name_translit_fuzz_ratio=+2.45	number_dropped_by_cand	token_substituted	telephone value	chavez electronics	shared_address	unrelated business name at the same address	True	False	False	True	True
S1-144104776	fit	US	Vega Republic	TX, 1535 Village Townhome Drive, Pasadena	S2-857754931	S2	Vega Republic Westgate	1546 Village Townhome Dr, PASADENA, TX	vega republic	vega republic westgate	tx 1535 village townhome drive pasadena	1546 village townhome dr pasadena tx			1535	1546	7.501	0.9994478780583043	6.124	797	0.0	0.0	0.667	2.0	1.0	0.743	0.743	1.0	0.743	9.0	0.0	0.0	0.0	0.5	4.0	0.667	0.0	0.0	0.0	0.827	1.0	0.614	1.0	b5	0	1	0	1.0	0		490.0	17.833307583859458	9.200734142152415	1697.0	0.7245369567563114	6.780078134513855	6.780078134513855	8.916653791929729	31.846666238213263	13.546898055665391	21.0	0.5375652523860411	10.374542246432084	27.39575335058719	7.57307353484483	0.6931471805599453	0.0	0.6931471805599453	0.0		6.19644412779452	1	1	0	0	0				name_token_jaccard=+7.56; address_token_containment=+5.10; name_translit_fuzz_ratio=+5.10; name_fuzz_token_set_ratio=+2.83	numbers_differ	cand_adds_token	westgate		near_duplicate_number_changed	house/unit number differs; name cand_adds_token	False	False	False	True	False
S1-546277258	fit	US	Roex Inc	85 HF Minot Street, Boston, MA	S2-539305252	S2	Roex  Inc		roex inc	roex inc	85 hf minot street boston ma				85		7.463	0.9994263348369943	4.174	2194	1.0	1.0	1.0	2.0	1.0	1.0	1.0	1.0	1.0	0.0	0.0	0.0	1.0	0.0	0.0	0.0	0.0	0.0	0.0	0.0	1.0	0.0	3.0	b1,b2,b3	0	26	26		0			13.975069695030701	10.954360741685026	293.0	1.0	0.0	0.0	6.9875348475153505	0.0	0.0		0.0	13.929890307921498	46.06650392744048	7.677750654573413	3.295836866004329	3.295836866004329		0.0			12	1	1	1	0	S1-970630931	Roex Inc	4515 Jacksboro Highway, Unit 91, Wichita Falls, TX	name_token_jaccard=+11.75; address_missing_cand=+8.83; name_translit_fuzz_ratio=+8.78; n_channels_hit=+3.82	cand_addr_missing	core_equal			other_same_name_cand_address_missing	candidate has no address; GT links it to a different-location S1	True	False	False	False	True
S1-37997681	fit	US	Urban Coffee	13124 Palancar Drive, Keller, TX	S2-428197590	S2	Urban Coffee Harbor	13129 PALANCAR DR, KELLER, TX	urban coffee	urban coffee harbor	13124 palancar drive keller tx	13129 palancar dr keller tx	13124	13129	13124	13129	7.434	0.9994094679840307	4.324	218	0.0	0.0	0.667	2.0	1.0	0.774	0.774	1.0	0.774	7.0	0.0	0.0	0.0	0.429	3.0	0.6	0.0	0.0	0.0	0.912	1.0	0.706	1.0	b5	0	1	84	2.0	0	40.0	39.0	14.911596069390692	7.53307176998976	8998.0	0.7164772387716413	5.9007832533017615	5.9007832533017615	7.455798034695346	26.90669532780619	14.335355416029662	9.0	0.4532449332914309	12.9243684423194	32.457885170450616	8.602155184527604	0.6931471805599453	4.442651256490317	1.0986122886681098	0.0	3.713572066704308	3.6888794541139363	58	1	0	0	0				name_token_jaccard=+7.56; name_translit_fuzz_ratio=+5.55; address_token_containment=+4.33; name_fuzz_token_set_ratio=+2.83	numbers_differ	cand_adds_token	harbor		near_duplicate_number_changed	house/unit number differs; name cand_adds_token	True	False	False	True	False
S1-622590557	fit	US	Veradyne Capital	Delaware, 89 Bridgeport Way, OH	S3-852259289	S3	Veradyne Capital  Group	#110 Bridgeport Way, Delaware, Ohio	veradyne capital	veradyne capital group	delaware 89 bridgeport way oh	110 bridgeport way delaware ohio			89	110	7.411	0.999395677484229	4.95	5	0.0	0.0	0.667	2.0	1.0	0.842	0.842	1.0	0.842	6.0	0.0	0.0	0.0	0.429	3.0	0.6	0.0	0.0	0.0	0.59	1.0	0.497	1.0	b3	0	1	0	2.0	0		9855.0	20.872425804297983	14.846181039795653	5.0	0.8266741214334863	4.3762486892308035	4.3762486892308035	10.436212902148991	19.575015877667017	8.242688988412713	4425.0	0.4447811845026782	8.227887193165374	24.435424670879048	6.449843963702866	0.6931471805599453	0.0	1.0986122886681098	0.0		9.1958356857733	1	1	0	0	0				name_token_jaccard=+7.56; name_translit_fuzz_ratio=+6.52; address_token_containment=+4.33; name_fuzz_token_set_ratio=+2.83	numbers_differ	cand_adds_token	group		near_duplicate_number_changed	house/unit number differs; name cand_adds_token	False	False	False	True	False
S1-392780445	tune	India	High Shiv Ventures Private Limited	Krm Centre, 9Th Floor, Door No. 2 Harrington Raod, Chetpet, Chennai, Tamil Nadu	S3-55701634	S3	ஹை Shiv Ventures வர்த்தகர்கள் Private Limited	##67 Krm Centre, 9Th Floor, Door No. 2 Harrington Raod, Chetpet, Chennai, தமிழ்நாடு	high shiv ventures private limited	ஹை shiv ventures வர்த்தகர்கள் private limited	krm centre 9th floor door no 2 harrington raod chetpet chennai tamil nadu	67 krm centre 9th floor door no 2 harrington raod chetpet chennai தமிழ்நாடு			2	67	7.407	0.9993934425961819	3.909	807	0.0	0.0	0.571	4.0	0.8	0.759	0.734	0.921	0.831	11.0	0.0	0.0	0.0	0.733	11.0	0.846	1.0	0.0	0.0	0.851	1.0	0.647	1.0	b5	0	1	0	1.0	0		8427.0	16.60320338796197	7.068836719775087	9563.0	0.37460152772324395	10.882739914877236	27.71910220666026	4.745412085912369	69.5569629060537	11.701998555200046	92.0	0.768388406239871	6.692439108437253	20.966218262741563	6.057607902268774	0.6931471805599453	0.0	0.6931471805599453	0.0		9.03931477492408	1	1	0	0	0				address_token_containment=+7.19; name_translit_fuzz_ratio=+6.36; name_token_jaccard=+6.36; address_token_jaccard=+3.89	numbers_cand_superset	token_substituted	வர்த்தகர்கள் ஹை	high	near_duplicate_name_token_numbers_not_contradicted	no house number contradicted; name token_substituted (+வர்த்தகர்கள் ஹை)	False	False	True	True	False
S1-701892424	fit	US	Hamblen Montessori School LLC	Marshfield, 19 Stage Coach Drive, MA	S3-945920321	S3	Hamblen Montessori School Inc	20 Stage Coach Dr, Marshfield, Massachusetts	hamblen montessori school llc	hamblen montessori school inc	marshfield 19 stage coach drive ma	20 stage coach dr marshfield massachusetts			19	20	7.395	0.9993859066727238	6.982	1863	0.0	1.0	0.6	3.0	0.75	0.931	0.931	0.931	0.931	0.0	0.0	0.0	0.0	0.333	3.0	0.5	0.0	0.0	0.0	0.526	1.0	0.49	3.0	b2,b3,b5	0	1	0	1.0	0		13613.0	27.758496119687283	13.342103643019378	26.0	0.8284469130910804	3.020708953345676	5.748172420020926	7.621489896590633	28.285535878309936	9.83443525141537	900.0	0.47900606377538474	7.112570443077507	30.764939715614013	7.310153284922621	0.6931471805599453	0.0	0.6931471805599453	0.0		9.518853954007897	1	1	0	0	0				name_translit_fuzz_ratio=+7.79; name_token_jaccard=+6.72; n_channels_hit=+3.82; address_token_containment=+3.17	numbers_differ	core_equal			near_duplicate_number_changed	house/unit number differs; name core_equal	False	False	False	False	False
S1-923756421	tune	US	P+ Apollo LLC	13412 195th Street, Town Of Anson, WI	S2-947367812	S2	P+ Apollo Corp	13425 195TH ST, TOWN OF ANSON, WI	p apollo llc	p apollo corp	13412 195th street town of anson wi	13425 195th st town of anson wi	13412	13425	13412	13425	7.373	0.9993724990084812	0.302	755	0.0	1.0	0.5	2.0	0.667	0.8	0.8	0.8	0.8	1.0	0.0	0.0	0.0	0.556	5.0	0.714	0.0	0.0	0.0	0.909	1.0	0.727	2.0	b2,b5	0	1	2	1.0	0	74.0	74.0	14.395423511434963	9.147969610188907	1789.0	0.6738226576688077	4.240929372675803	6.968392839351052	5.7076289927034045	37.82925264473231	11.046953528512852	267.0	0.543296629530306	12.831278019253388	31.799842381012056	7.721731687974869	0.6931471805599453	1.0986122886681098	0.6931471805599453	0.0	4.31748811353631	4.31748811353631	3	1	0	0	0				name_translit_fuzz_ratio=+5.92; address_token_containment=+5.66; name_token_jaccard=+5.46; address_token_jaccard=+2.77	numbers_differ	core_equal			near_duplicate_number_changed	house/unit number differs; name core_equal	False	False	False	False	False
S1-767579359	fit	US	Golden Barbershop	26 Fair Street, Wallingford, CT	S2-606480158	S2	Golden Barbershop Partners	30 FAIR ST, WALLINGFORD, CT	golden barbershop	golden barbershop partners	26 fair street wallingford ct	30 fair st wallingford ct			26	30	7.353	0.9993599990192138	6.297	1459	0.0	0.0	0.667	2.0	1.0	0.791	0.791	1.0	0.791	9.0	0.0	0.0	0.0	0.429	3.0	0.6	0.0	0.0	0.0	0.852	1.0	0.674	1.0	b5	0	8	89	1.0	0		10797.0	13.947634998539254	7.679271771976273	7774.0	0.7703459270691806	4.158042604772971	4.158042604772971	6.973817499269627	22.3415975694275	9.47554301166799	1289.0	0.5140928331356253	7.321080293669852	21.11669659343521	6.610853802987148	2.1972245773362196	4.499809670330265	0.6931471805599453	0.0		9.287116210778231	57	1	0	0	0				name_token_jaccard=+7.56; name_translit_fuzz_ratio=+5.78; address_token_containment=+4.33; name_fuzz_token_set_ratio=+2.83	numbers_differ	cand_adds_token	partners		near_duplicate_number_changed	house/unit number differs; name cand_adds_token	True	False	False	True	False
S1-468837835	fit	US	Mais Capital Partners, LLC	400 Ponderosa Drive, Unit 129, Dunn, NC	S2-899576153	S2	Mais Capital Partners Coastal,	403-405 PONDEROSA DR, DUNN, NC	mais capital partners llc	mais capital partners coastal	400 ponderosa drive unit 129 dunn nc	403 405 ponderosa dr dunn nc			400	403	7.351	0.9993581488252572	5.464	3352	0.0	0.0	0.6	3.0	0.75	0.852	0.852	0.913	0.852	4.0	0.0	0.0	0.0	0.3	3.0	0.5	0.0	0.0	0.0	0.75	1.0	0.639	2.0	b3,b5	0	1	0	1.0	0		3411.0	21.64607814572518	11.46179077644988	176.0	0.7150230075436634	5.899719411865764	8.627182878541014	6.093385403100108	22.920930664681546	9.510246809676309	1245.0	0.3444401826232402	8.319442188519371	43.624530117846255	6.667059225042664	0.6931471805599453	0.0	0.6931471805599453	0.0		8.13505390861157	1	1	0	0	0				name_token_jaccard=+6.72; name_translit_fuzz_ratio=+6.66; address_token_containment=+3.17; name_fuzz_token_set_ratio=+2.43	numbers_differ	cand_adds_token	coastal		near_duplicate_number_changed	house/unit number differs; name cand_adds_token	False	False	False	True	False
S1-242622559	fit	US	Happy Massage	31201 Boulder Creek Drive, Arlington, WA	S2-46643141	S2	Happy Massage Inc	31214  BOULDER CREEK DR, ARLINGTON, WA	happy massage	happy massage inc	31201 boulder creek drive arlington wa	31214 boulder creek dr arlington wa	31201	31214	31201	31214	7.322	0.9993395851348118	4.324	175	0.0	1.0	0.667	2.0	1.0	0.867	0.867	1.0	0.867	4.0	0.0	0.0	0.0	0.5	4.0	0.667	0.0	0.0	0.0	0.932	1.0	0.807	1.0	b2	0	22	89	1.0	0	8.0	7.0	14.928554596467972	7.608283037172971	8346.0	0.8317084740015956	3.020708953345676	3.020708953345676	7.464277298233986	26.1587800841998	8.69878169106691	2804.0	0.42209579505683564	14.440715931687489	35.8147822932162	7.350568385404853	3.1354942159291497	4.499809670330265	0.6931471805599453	0.0	2.1972245773362196	2.0794415416798357	47	1	0	0	0				name_token_jaccard=+7.56; name_translit_fuzz_ratio=+6.87; address_token_containment=+5.10; name_fuzz_token_set_ratio=+2.83	numbers_differ	core_equal			near_duplicate_number_changed	house/unit number differs; name core_equal	True	False	False	False	False
S1-875782889	tune	US	Ford Direct Inc	23399 Shore Drive, Emily, MN	S2-17050679	S2	FORD DIRECT LAKESIDE INC	##23400 SHORE DR, EMILY, MN	ford direct inc	ford direct lakeside inc	23399 shore drive emily mn	23400 shore dr emily mn	23399	23400	23399	23400	7.28	0.9993115943759253	-0.403	636	0.0	0.0	0.75	3.0	1.0	0.769	0.769	1.0	0.769	9.0	0.0	0.0	0.0	0.429	3.0	0.6	0.0	0.0	0.0	0.816	1.0	0.628	1.0	b5	0	1	0	1.0	0	10.0	10.0	17.966736694631216	8.382371855739962	3848.0	0.7256251373105781	6.793619267156796	6.793619267156796	5.988912231543739	23.158646312064914	10.185891554586481	633.0	0.3861271869325679	15.539328220355598	36.818084402079975	8.461449868924031	0.6931471805599453	0.0	0.6931471805599453	0.0	2.3978952727983707	2.3978952727983707	1	1	0	0	0				name_token_jaccard=+8.61; name_translit_fuzz_ratio=+5.48; address_token_containment=+4.33; name_fuzz_token_set_ratio=+2.83	numbers_differ	cand_adds_token	lakeside		near_duplicate_number_changed	house/unit number differs; name cand_adds_token	False	False	False	True	False
S1-790346267	fit	US	Surgical National Center	Pittsylvania County, 2314 Franklin Turnpike, Unit BLDG A A1-A6, VA	S3-589849417	S3	surgical national center summit	2319 Franklin Turnpike, # BLDG A A1-A6, Pittsylvania County, Virginia	surgical national center	surgical national center summit	pittsylvania county 2314 franklin turnpike unit bldg a a1 a6 va	2319 franklin turnpike bldg a a1 a6 pittsylvania county virginia			2314	2319	7.28	0.9993109994033151	3.534	2257	0.0	0.0	0.75	3.0	1.0	0.873	0.873	1.0	0.873	7.0	0.0	0.0	0.0	0.615	8.0	0.8	0.0	0.0	0.0	0.583	1.0	0.509	1.0	b5	0	1	2	1.0	0		552.0	17.032825337622793	6.586852252422014	23180.0	0.7441576976054592	5.855905629524083	5.855905629524083	5.677608445874263	66.07394543756193	12.21909990122711	82.0	0.659667297375968	10.17647233266999	34.08858452321015	7.766912935231954	0.6931471805599453	1.0986122886681098	0.6931471805599453	0.0		6.315358001522335	2	1	0	0	0				name_token_jaccard=+8.61; name_translit_fuzz_ratio=+6.96; address_token_containment=+6.65; address_token_jaccard=+3.15	numbers_differ	cand_adds_token	summit		near_duplicate_number_changed	house/unit number differs; name cand_adds_token	False	False	False	True	False
S1-707714994	tune	US	Federal Federal Electricity LLC	1507 Bartway Drive, Murfreesboro, TN	S2-397855153	S2	Federal Federal Electricity Co	1528 1/2 BARTWAY DR, MURFREESBORO, TN	federal federal electricity llc	federal federal electricity co	1507 bartway drive murfreesboro tn	1528 1 2 bartway dr murfreesboro tn			1507	1528	7.274	0.9993070968913605	2.728	1146	0.0	1.0	0.5	2.0	0.667	0.951	0.885	0.933	0.951	1.0	0.0	0.0	0.0	0.333	3.0	0.6	0.0	0.0	0.0	0.841	1.0	0.799	2.0	b2,b5	0	1	3	1.0	0		725.0	15.495190040818226	9.139070775046777	1805.0	0.683584964386755	4.444887249080923	7.172350715756172	6.074217835831159	28.036717193124005	15.539328220355598	2.0	0.4389905608816693	9.9735314886733	35.82961546062376	8.250438251116847	0.6931471805599453	1.3862943611198906	0.6931471805599453	0.0		6.587550014824796	6	1	0	0	0				name_translit_fuzz_ratio=+8.07; name_token_jaccard=+5.46; address_token_containment=+4.33; name_fuzz_token_set_ratio=+2.53	numbers_differ	core_equal			near_duplicate_number_changed	house/unit number differs; name core_equal	False	False	False	False	False
S1-915340249	fit	US	Cobalt Tbk PLLC	9815 Langs Road, Unit APARTMENT A, Middle River, MD	S3-661083741	S3	Cobalt Tbk Valley PLLC	9822 Langs Rd, Unit Apartment A, Middle River, Maryland	cobalt tbk pllc	cobalt tbk valley pllc	9815 langs road unit apartment a middle river md	9822 langs rd unit apartment a middle river maryland			9815	9822	7.273	0.9993063583963804	4.944	217	0.0	0.0	0.75	3.0	1.0	0.811	0.811	1.0	0.811	7.0	0.0	0.0	0.0	0.5	6.0	0.667	0.0	0.0	0.0	0.88	1.0	0.714	1.0	b5	0	1	1	1.0	0		133.0	24.210815291029746	9.262058360808695	1596.0	0.8050107019345254	5.864331825460275	5.864331825460275	8.070271763676582	44.85931227119348	15.028502596589608	4.0	0.5278284886572857	11.647507922244971	40.12911339205304	7.200083334771367	0.6931471805599453	0.6931471805599453	0.6931471805599453	0.0		4.897839799950911	2	1	0	0	0				name_token_jaccard=+8.61; name_translit_fuzz_ratio=+6.07; address_token_containment=+5.10; name_fuzz_token_set_ratio=+2.83	numbers_differ	cand_adds_token	valley		near_duplicate_number_changed	house/unit number differs; name cand_adds_token	False	False	False	True	False
S1-153303230	fit	India	Ace Management Private Limited	Uttar Pradesh, Bulandshahr, Village & Post Ahmadgarh	S3-446715878	S3	Ace Management Bakery Private Limited	No 40 Village & Post Ahmadgarh, Bulandshahr, UP	ace management private limited	ace management bakery private limited	uttar pradesh bulandshahr village and post ahmadgarh	no 40 village and post ahmadgarh bulandshahr up				40	7.258	0.999296147896986	-0.663	64	0.0	0.0	0.8	4.0	1.0	0.896	0.896	1.0	0.896	7.0	0.0	0.0	0.0	0.5	5.0	0.714	0.0	0.0	0.0	0.566	1.0	0.507	1.0	b5	0	1	15	1.0	0		15107.0	17.686816887942445	7.106335787412727	9211.0	0.6832885907288585	8.19802463864599	8.19802463864599	4.421704221985611	39.16358795671906	15.541450867793356	1.0	0.6553443711103696	6.089930582016866	20.59672995119709	6.763763530268641	0.6931471805599453	2.772588722239781	0.6931471805599453	0.0		9.622979683832348	29	1	0	0	0				name_token_jaccard=+9.23; name_translit_fuzz_ratio=+7.28; address_token_containment=+5.66; name_fuzz_token_set_ratio=+2.83	number_added_by_cand	cand_adds_token	bakery		near_duplicate_number_changed	house/unit number differs; name cand_adds_token	True	False	False	True	False
S1-107463279	fit	US	24HR Towing	225 Celia Drive, Combine, TX	S2-145880345	S2	24HR Towing Valley	227  CELIA DR, COMBINE, TX	24hr towing	24hr towing valley	225 celia drive combine tx	227 celia dr combine tx			225	227	7.242	0.9992849854604591	4.324	511	0.0	0.0	0.667	2.0	1.0	0.759	0.759	1.0	0.759	7.0	0.0	0.0	0.0	0.429	3.0	0.6	0.0	0.0	0.0	0.898	1.0	0.681	1.0	b5	0	1	93	1.0	0		3118.0	17.592762605527952	9.141843163847751	1800.0	0.7499975181191605	5.864331825460275	5.864331825460275	8.796381302763976	27.344809247056645	11.682113451422447	141.0	0.537676672418804	8.427816103859442	23.512538020851938	7.800019006149951	0.6931471805599453	4.543294782270004	0.6931471805599453	0.0		8.045267716607803	53	1	0	0	0				name_token_jaccard=+7.56; name_translit_fuzz_ratio=+5.32; address_token_containment=+4.33; name_fuzz_token_set_ratio=+2.83	numbers_differ	cand_adds_token	valley		near_duplicate_number_changed	house/unit number differs; name cand_adds_token	True	False	False	True	False
S1-715573919	fit	India	Spandan Publications Private Limited	Fl303 Bldgg A2 Kumar, Prasanna Sn-44/2A3A, Pune City, Pune, Maharashtra	S3-992914856	S3	Private Spandan Publications Infratech Limited	#137 Fl303 Bldgg A11 Kumar, Pune, MH	spandan publications private limited	private spandan publications infratech limited	fl303 bldgg a2 kumar prasanna sn 44 2a3a pune city pune maharashtra	137 fl303 bldgg a11 kumar pune mh			44	137	7.227	0.9992736823636598	6.805	659	0.0	0.0	0.8	4.0	1.0	0.805	0.878	1.0	0.805	10.0	0.0	0.0	0.0	0.286	4.0	0.571	0.0	0.0	0.0	0.54	1.0	0.435	2.0	b3,b5	0	1	2	1.0	0		2760.0	24.789553551293334	10.961598489789555	194.0	0.8191126893149087	5.474357476659216	5.474357476659216	6.197388387823333	37.71970174934828	14.442838579125247	5.0	0.32818415783283345	16.234598048353302	77.21485815881614	8.452527821147997	0.6931471805599453	1.0986122886681098	0.6931471805599453	0.0		7.923348211930154	4	1	0	0	0				name_token_jaccard=+9.23; name_translit_fuzz_ratio=+5.99; address_token_containment=+4.00; name_fuzz_token_set_ratio=+2.83	numbers_differ	cand_adds_token	infratech		near_duplicate_number_changed	house/unit number differs; name cand_adds_token	False	False	False	True	False
S1-622270021	fit	US	Heart Society	4501 Binwhe Lane, Gastonia, NC	S2-22466672	S2	Heart Society Lakeside	004512 BINWHE LN, GASTONIA, NC	heart society	heart society lakeside	4501 binwhe lane gastonia nc	004512 binwhe ln gastonia nc		004512	4501	004512	7.214	0.9992639799771105	5.788	643	0.0	0.0	0.667	2.0	1.0	0.743	0.743	1.0	0.743	9.0	0.0	0.0	0.0	0.429	3.0	0.6	0.0	0.0	0.0	0.893	1.0	0.663	1.0	b5	0	1	39	1.0	0	7.0	7.0	14.845489655138799	7.843418657235181	6597.0	0.6860490285643384	6.793619267156796	6.793619267156796	7.4227448275693995	27.556605125877574	14.692030359968394	6.0	0.45065617978522216	14.558498967343871	33.59113091318164	8.460512838191026	0.6931471805599453	3.6888794541139363	0.6931471805599453	0.0	2.0794415416798357	2.0794415416798357	21	1	0	0	0				name_token_jaccard=+7.56; name_translit_fuzz_ratio=+5.10; address_token_containment=+4.33; name_fuzz_token_set_ratio=+2.83	numbers_differ	cand_adds_token	lakeside		near_duplicate_number_changed	house/unit number differs; name cand_adds_token	True	False	False	True	False
S1-32705446	fit	India	Blue Softech (India) Private Limited	121, Floor-3, Plot-662, 2, Navyug Nagar, Dinanath Mangeshkar Marg, Forjett Hill, August Kr, Ant Marg, Mumbai, Mumbai City, Maharashtra	S2-482570473	S2	BLUE (INDIA) SOFTECH GROUP PRIVATE LIMITED	महाराष्ट्र, C-132, FLOOR-3, PLOT-662, 2, NAVYUG NAGAR, DINANATH MANGESHKAR MARG, FORJETT HILL, AUGUST KR, ANT MARG, MUMBAI	blue softech india private limited	blue india softech group private limited	121 floor 3 plot 662 2 navyug nagar dinanath mangeshkar marg forjett hill august kr ant marg mumbai mumbai city maharashtra	महाराष्ट्र c 132 floor 3 plot 662 2 navyug nagar dinanath mangeshkar marg forjett hill august kr ant marg mumbai			121	132	7.208	0.9992602653674972	-0.843	1483	0.0	0.0	0.833	5.0	1.0	0.784	0.919	1.0	0.784	6.0	0.0	0.0	0.0	0.727	16.0	0.842	3.0	0.0	0.0	0.834	1.0	0.654	1.0	b5	0	1	0	1.0	0		3384.0	24.59452382855692	9.297283967129621	1029.0	0.8298627748821821	5.042332496332061	5.042332496332061	4.9189047657113845	116.60715714127632	12.015090343177196	67.0	0.7989686864761733	7.4400761965647755	29.339935798709327	6.916064442102125	0.6931471805599453	0.0	0.6931471805599453	0.0		8.127109185346375	1	1	0	0	0				name_token_jaccard=+9.65; address_token_containment=+7.14; name_translit_fuzz_ratio=+5.68; address_token_jaccard=+3.85	numbers_differ	cand_adds_token	group		near_duplicate_number_changed	house/unit number differs; name cand_adds_token	False	False	False	True	False
S1-79774730	fit	US	West Supreme Bluerock LLC	5318 Springlake Parkway, Haltom City, TX	S3-406835515	S3	West Supreme Bluerock South (LLC)	Haltom City, Texas, 5319 Springlake Parkway	west supreme bluerock llc	west supreme bluerock south llc	5318 springlake parkway haltom city tx	haltom city texas 5319 springlake parkway			5318	5319	7.169	0.9992308676931237	6.043	1216	0.0	0.0	0.8	4.0	1.0	0.893	0.893	1.0	0.893	6.0	0.0	0.0	0.0	0.5	4.0	0.667	0.0	0.0	0.0	0.557	1.0	0.497	1.0	b5	0	1	0	1.0	0		261.0	24.79397646412915	9.230622798554291	1647.0	0.7970362609036764	6.313738053172539	6.313738053172539	6.198494116032286	32.243115979561495	11.513976529620448	167.0	0.518508054875803	10.978458293264087	29.94129114075723	7.860372290168144	0.6931471805599453	0.0	0.6931471805599453	0.0		5.568344503761097	1	1	0	0	0				name_token_jaccard=+9.23; name_translit_fuzz_ratio=+7.25; address_token_containment=+5.10; name_fuzz_token_set_ratio=+2.83	numbers_differ	cand_adds_token	south		near_duplicate_number_changed	house/unit number differs; name cand_adds_token	False	False	False	True	False
S1-672494986	fit	India	Mart Services (India)	Fno-407A-Eden Gardens Sec, Maddilapalem, Visakhapatnam (Urban), Visakhapatnam, Vishakhapatnam, Andhra Pradesh	S2-335005685	S2	Services Mart (India) [Ventures]	FNO-416A-EDEN GARDNES SEC, MADDILAPALEM, VISAKHAPATNAM (URBAN), VISHAKHAPATNAM, VISAKHAPATNAM, Andhra Pradesh	mart services india	services mart india ventures	fno 407a eden gardens sec maddilapalem visakhapatnam urban visakhapatnam vishakhapatnam andhra pradesh	fno 416a eden gardnes sec maddilapalem visakhapatnam urban vishakhapatnam visakhapatnam andhra pradesh					7.15	0.9992155143106044	2.089	1514	0.0	0.0	0.75	3.0	1.0	0.596	0.809	1.0	0.596	9.0	0.0	0.0	0.0	0.692	9.0	0.818	0.0	0.0	0.0	0.961	1.0	0.572	1.0	b5	0	1	0	1.0	0			17.460958375303505	9.293407993284928	1033.0	0.776276745364874	5.032254875721187	5.032254875721187	5.8203194584345015	63.350638994734254	11.285838157975133	140.0	0.5754968227573589	13.749691398565302	46.729271944138404	7.682030976292574	0.6931471805599453	0.0	0.6931471805599453	0.0			1	1	0	0	0				name_token_jaccard=+8.61; address_token_containment=+6.86; address_token_jaccard=+3.63; name_translit_fuzz_ratio=+2.99	numbers_differ	cand_adds_token	ventures		near_duplicate_number_changed	house/unit number differs; name cand_adds_token	False	False	False	True	False
S1-782037064	fit	India	Shiv Constructions Pvt Ltd	B.T. Road Po-Sukchar, 455, Parganas North, West Bengal	S2-155994611	S2	Shiv Ltd Pharmacy Pvt Constructions	460, B.T. ROAD PO-SUKCHAR, West Bengal	shiv constructions pvt ltd	shiv ltd pharmacy pvt constructions	b t road po sukchar 455 parganas north west bengal	460 b t road po sukchar west bengal			455	460	7.143	0.9992102786616252	2.505	1378	0.0	0.0	0.8	4.0	1.0	0.59	0.852	1.0	0.59	9.0	0.0	0.0	0.0	0.636	7.0	0.875	0.0	0.0	0.0	0.729	1.0	0.43	1.0	b5	0	1	4	1.0	0		903.0	19.51803234500153	7.068836719775087	9563.0	0.705771218563752	8.136867474689083	8.136867474689083	4.879508086250382	37.74368884261335	12.174155037806882	57.0	0.5684971258631115	9.094937712388383	28.64835981604893	5.736679086691189	0.6931471805599453	1.6094379124341003	0.6931471805599453	0.0		6.806829360392176	10	1	0	0	0				name_token_jaccard=+9.23; address_token_containment=+7.52; address_token_jaccard=+3.28; name_translit_fuzz_ratio=+2.91	numbers_differ	cand_adds_token	pharmacy		near_duplicate_number_changed	house/unit number differs; name cand_adds_token	False	False	False	True	False
S1-129228906	fit	US	Diamond Sports Center	3426 Doubletree Street, Forest Grove, OR	S3-409206137	S3	Diamond Sports Center  Corp	3447 Doubletree Street, Forest Grve, Oregon	diamond sports center	diamond sports center corp	3426 doubletree street forest grove or	3447 doubletree street forest grve oregon			3426	3447	7.135	0.9992037491077014	4.815	540	0.0	1.0	0.75	3.0	1.0	0.894	0.894	1.0	0.894	5.0	0.0	0.0	0.0	0.333	3.0	0.5	0.0	0.0	0.0	0.886	1.0	0.792	2.0	b2,b5	0	1	0	1.0	0		192.0	19.879591439648827	9.16942723752737	1751.0	0.824177537223456	4.240929372675803	4.240929372675803	6.626530479882942	21.753116350393704	12.003211520794071	102.0	0.3014712318231072	11.778128104662036	50.403408233542955	7.2809681603584115	0.6931471805599453	0.0	0.6931471805599453	0.0		5.262690188904886	1	1	0	0	0				name_token_jaccard=+8.61; name_translit_fuzz_ratio=+7.26; address_token_containment=+3.17; name_fuzz_token_set_ratio=+2.83	numbers_differ	core_equal			near_duplicate_number_changed	house/unit number differs; name core_equal	False	False	False	False	False
S1-5049664	fit	US	Bennett Green Inc	814 Statler Drive, Durham, NC	S2-70894186	S2	BENNETT GREEN L.L.C.	816 STATLER DRIVE, PMB 3133, DURHAM, NC	bennett green inc	bennett green l l c	814 statler drive durham nc	816 statler drive pmb 3133 durham nc			814	816	7.108	0.9991825442342552	1.355	82	0.0	0.0	0.4	2.0	0.667	0.833	0.778	0.882	0.833	2.0	0.0	0.0	0.0	0.5	4.0	0.8	0.0	0.0	0.0	0.825	1.0	0.688	1.0	b5	0	1	0	1.0	0		1895.0	15.061863291040611	8.70306894307853	2792.0	0.5566735742838098	4.664632549851799	11.995040407717678	6.027524081462096	27.535343000807764	12.21909990122711	82.0	0.4499505345021401	10.553441095948536	33.661035021667495	7.302728111053358	0.6931471805599453	0.0	0.6931471805599453	0.0		7.547501682814967	1	1	0	0	0				address_token_containment=+6.65; name_translit_fuzz_ratio=+6.39; name_token_jaccard=+4.21; address_token_jaccard=+2.42	numbers_differ	core_equal			near_duplicate_number_changed	house/unit number differs; name core_equal	False	False	False	False	False
S1-856106348	fit	US	Fowler Detailing Inc.	351 Rivendell Road, Grapeview, WA	S2-91779948	S2	Fowler Detailing Corp	36 RIVENDELL RD, WA, GRAPEVIEW	fowler detailing inc	fowler detailing corp	351 rivendell road grapeview wa	36 rivendell rd wa grapeview			351	36	7.031	0.9991170059228323	5.302	2254	0.0	1.0	0.5	2.0	0.667	0.878	0.78	0.889	0.878	1.0	0.0	0.0	0.0	0.429	3.0	0.6	0.0	0.0	0.0	0.814	1.0	0.714	2.0	b2,b5	0	1	1	1.0	0		7502.0	18.22236151313929	9.594780593035368	1144.0	0.7150510762889482	4.240929372675803	7.261638326021479	7.081023488828323	28.6687098624793	12.320452395487397	74.0	0.5515232491333568	9.061843168400596	23.312253601034246	8.240925104207095	0.6931471805599453	0.6931471805599453	0.6931471805599453	0.0		8.923058219545728	2	1	0	0	0				name_translit_fuzz_ratio=+7.03; name_token_jaccard=+5.46; address_token_containment=+4.33; name_fuzz_token_set_ratio=+2.32	numbers_differ	core_equal			near_duplicate_number_changed	house/unit number differs; name core_equal	False	False	False	False	False
S1-139678466	tune	India	Bmr Enterprises Private Limited	C Block 11-A, Laxmi Vihar, Najafgrah, South West Delhi, Delhi	S3-355402181	S3	Bmr Overseas Enterprises Private Limited	South West Delhi, Laxmi Vihar, Block D-090 C Block 24-A, दिल्ली	bmr enterprises private limited	bmr overseas enterprises private limited	c block 11 a laxmi vihar najafgrah south west delhi delhi	south west delhi laxmi vihar block d 090 c block 24 a दिल्ली			11	090	7.026	0.999112537492527	6.977	99	0.0	0.0	0.8	4.0	1.0	0.873	0.873	1.0	0.873	9.0	0.0	0.0	0.0	0.571	8.0	0.8	0.0	0.0	0.0	0.359	1.0	0.313	1.0	b3	0	1	0	1.0	0		123.0	21.18585192843249	11.745961678621162	88.0	0.794433287431854	5.482028513636469	5.482028513636469	5.296462982108123	32.42454560707876	6.291024772277889	20817.0	0.42871980695643824	13.669648690891766	43.20654276569004	5.097535511393869	0.6931471805599453	0.0	0.6931471805599453	0.0		4.820281565605037	1	1	0	0	0				name_token_jaccard=+9.23; name_translit_fuzz_ratio=+6.96; address_token_containment=+6.65; address_token_jaccard=+2.87	numbers_differ	cand_adds_token	overseas		near_duplicate_number_changed	house/unit number differs; name cand_adds_token	False	False	False	True	False
S1-859409849	tune	US	Nicholson and Crawford Homecare	5626 Kendall Drive, Nashville, TN	S2-159088215	S2	Little and Crawford	5647  KENDALL DRIVE, NASHVILLE, TN	nicholson and crawford homecare	little and crawford	5626 kendall drive nashville tn	5647 kendall drive nashville tn			5626	5647	7.019	0.9991063713734714	4.066	1162	0.0	0.0	0.4	2.0	0.667	0.6	0.6	0.774	0.6	12.0	0.0	0.0	0.0	0.667	4.0	0.8	0.0	0.0	0.0	0.935	1.0	0.561	1.0	b5	0	1	0	1.0	0		94.0	12.476407553339097	9.00747924724008	2059.0	0.32534322529155646	9.990252135460379	25.872039819918356	7.733391502154426	24.669448093065814	9.83443525141537	900.0	0.5181459641728903	11.87576657422595	22.941553051071892	7.1470469139823525	0.6931471805599453	0.0	0.6931471805599453	0.0		4.553876891600541	1	1	0	0	0				address_token_containment=+6.65; name_token_jaccard=+4.21; address_token_jaccard=+3.47; name_translit_fuzz_ratio=+3.05	numbers_differ	token_substituted	little	homecare nicholson	near_duplicate_number_changed	house/unit number differs; name token_substituted	False	False	False	True	False
S1-17751184	fit	India	Star Foundation Private Limited	A/P-Apshinge, Satara, Maharashtra	S3-212549814	S3	Star Foundation Public Limited	Satara, MH, Satara, ###19 A/p-apshinge	star foundation private limited	star foundation public limited	a p apshinge satara maharashtra	satara mh satara 19 a p apshinge				19	7.015	0.9991021537896796	5.723	71	0.0	0.0	0.6	3.0	0.75	0.852	0.852	0.868	0.852	1.0	0.0	0.0	0.0	0.571	4.0	0.8	0.0	0.0	0.0	0.476	1.0	0.406	1.0	b5	0	1	9	1.0	0		24611.0	14.820977762842913	6.908521177894523	11226.0	0.6688455627918853	5.073004682911311	7.338065501161716	4.27150964527333	28.42275021826935	13.526547847251091	14.0	0.694674318014073	5.444866685295316	12.49246642529966	6.382363761930471	0.6931471805599453	2.302585092994046	0.6931471805599453	0.0		10.11098940786038	32	1	0	0	0				name_token_jaccard=+6.72; name_translit_fuzz_ratio=+6.67; address_token_containment=+6.65; address_token_jaccard=+2.87	number_added_by_cand	core_equal			near_duplicate_number_changed	house/unit number differs; name core_equal	True	False	False	False	False
